timestamp,open,high,low,close,volume,RSI_RSI_14,MACD_MACD_12_26_9,MACD_SIGNAL_12_26_9,MACD_HISTOGRAM_12_26_9,ATR_ATR_14
2026-06-30 13:41:00+00:00,58506.1,58536.6,58422.4,58500.1,108.034,,,,,
2026-06-30 13:42:00+00:00,58500.1,58515.0,58422.4,58482.6,154.356,,,,,
2026-06-30 13:43:00+00:00,58482.6,58542.0,58482.5,58495.1,108.715,,,,,
2026-06-30 13:44:00+00:00,58495.1,58559.9,58472.1,58540.6,68.057,,,,,
2026-06-30 13:45:00+00:00,58540.6,58566.5,58488.1,58550.3,133.759,,,,,
2026-06-30 13:46:00+00:00,58550.3,58552.0,58442.0,58547.7,92.468,,,,,
2026-06-30 13:47:00+00:00,58547.7,58582.6,58437.7,58452.5,272.017,,,,,
2026-06-30 13:48:00+00:00,58452.5,58499.8,58439.4,58488.5,75.269,,,,,
2026-06-30 13:49:00+00:00,58488.5,58514.7,58430.2,58479.7,97.935,,,,,
2026-06-30 13:50:00+00:00,58479.7,58584.7,58473.6,58578.1,110.477,,,,,
2026-06-30 13:51:00+00:00,58578.1,58786.0,58550.1,58696.1,742.387,,,,,
2026-06-30 13:52:00+00:00,58696.1,58733.4,58643.9,58716.5,317.654,,,,,
2026-06-30 13:53:00+00:00,58716.5,58743.2,58652.5,58671.3,160.653,,,,,
2026-06-30 13:54:00+00:00,58671.3,58691.7,58616.4,58644.9,75.976,,,,,
2026-06-30 13:55:00+00:00,58644.9,58675.3,58563.7,58637.9,86.734,62.68409425625919,,,,102.30000000000031
2026-06-30 13:56:00+00:00,58637.9,58661.3,58573.5,58610.8,93.199,59.487972046768135,,,,101.2642857142862
2026-06-30 13:57:00+00:00,58610.8,58656.2,58585.2,58635.4,126.02,61.411398400466425,,,,99.10255102040863
2026-06-30 13:58:00+00:00,58635.4,58696.1,58623.0,58663.3,60.192,63.52646117027088,,,,97.24522594752219
2026-06-30 13:59:00+00:00,58663.3,58724.0,58650.8,58710.3,61.641,66.82522030349332,,,,95.52770980841326
2026-06-30 14:00:00+00:00,58710.3,58838.5,58623.2,58746.2,538.591,69.12241252868515,,,,104.08287339352681
2026-06-30 14:01:00+00:00,58746.2,59055.0,58728.1,59055.0,652.037,81.18873314772672,,,,119.99838243684643
2026-06-30 14:02:00+00:00,59055.0,59247.3,58977.4,59233.7,1164.096,84.87276241930941,,,,130.70564083421465
2026-06-30 14:03:00+00:00,59233.7,59233.7,59011.2,59050.0,536.936,69.75036063541742,,,,137.26238077462787
2026-06-30 14:04:00+00:00,59050.0,59077.8,58944.7,58993.5,254.224,65.8633119921659,,,,136.96506786215485
2026-06-30 14:05:00+00:00,58993.5,58993.5,58917.8,58955.1,147.598,63.282110355797094,,,,132.58899158628645
2026-06-30 14:06:00+00:00,58955.1,59037.7,58954.8,58987.1,111.822,64.52963035798042,,,,129.0397779015513
2026-06-30 14:07:00+00:00,58987.1,59040.1,58963.9,58995.6,181.503,64.87105007980752,,,,125.26550805144029
2026-06-30 14:08:00+00:00,58995.6,59011.6,58957.6,58984.9,48.081,64.03546060122738,,,,120.17511461919456
2026-06-30 14:09:00+00:00,58984.9,59004.1,58933.2,58955.6,139.836,61.692094848834934,,,,116.65546357496648
2026-06-30 14:10:00+00:00,58955.6,58964.0,58825.8,58852.6,280.446,54.185288409465926,,,,118.19435903389724
2026-06-30 14:11:00+00:00,58852.6,58992.8,58848.3,58938.2,190.096,58.68471972708821,,,,120.07333338861886
2026-06-30 14:12:00+00:00,58938.2,58961.4,58853.0,58896.5,84.391,55.809268700475855,,,,119.23952386086047
2026-06-30 14:13:00+00:00,58896.5,59007.5,58887.5,58995.2,93.417,60.715700184191135,,,,119.29384358508472
2026-06-30 14:14:00+00:00,58995.2,59029.1,58951.4,58979.4,80.505,59.57538212018972,112.60848864973377,136.666347096776,-24.057858447042236,116.32285475757847
2026-06-30 14:15:00+00:00,58979.4,59022.0,58944.2,58970.9,46.696,58.93411600508991,107.8734267984837,130.90776303711755,-23.03433623863384,113.5712222748945
2026-06-30 14:16:00+00:00,58970.9,58978.6,58910.7,58916.7,52.594,54.87778772675593,98.610646980007,124.44833982569544,-25.837692845688437,110.30899211240214
2026-06-30 14:17:00+00:00,58916.7,58994.8,58863.4,58890.0,81.686,52.94455438305763,88.09980071788596,117.17863200413355,-29.078831286247592,111.81549267580208
2026-06-30 14:18:00+00:00,58890.0,58988.2,58883.3,58948.3,71.175,56.544335187705485,83.51153312542738,110.44521222839231,-26.93367910296493,111.32152891324436
2026-06-30 14:19:00+00:00,58948.3,58989.2,58911.1,58933.3,44.914,55.37064589275344,77.7684569988487,103.90986118248358,-26.141404183634876,108.94856256229824
2026-06-30 14:20:00+00:00,58933.3,58952.5,58889.9,58940.7,41.473,55.85744153978723,72.97295909912646,97.72248076581215,-24.749521666685695,105.6379509507054
2026-06-30 14:21:00+00:00,58940.7,59003.2,58927.4,58991.8,131.023,59.16940584796625,72.46055522784445,92.67009565821861,-20.20954043037416,103.50666873994042
2026-06-30 14:22:00+00:00,58991.8,59069.7,58974.6,59059.7,157.458,63.12814339908734,76.64986210671486,89.46604894791787,-12.816186841203006,102.90619240137315
2026-06-30 14:23:00+00:00,59059.7,59129.5,59037.1,59087.7,172.146,64.65020036811228,81.29219812741212,87.83127878381671,-6.539080656404593,102.15575008698946
2026-06-30 14:24:00+00:00,59087.7,59126.2,58979.5,59020.3,216.111,58.40076232863082,78.62631098548445,85.99028522415026,-7.363974238665804,105.33748222363286
2026-06-30 14:25:00+00:00,59020.3,59024.7,58967.7,58988.0,50.45,55.62569301411904,73.06498845564784,83.40522587044977,-10.340237414801933,101.8848049219448
2026-06-30 14:26:00+00:00,58988.0,59015.2,58967.1,58992.9,35.628,55.96752028200084,68.26606067921239,80.37739283220229,-12.111332152989903,98.0430331418058
2026-06-30 14:27:00+00:00,58992.9,59083.7,58992.9,59061.5,174.391,60.54937890281013,69.2006208466264,78.14203843508712,-8.941417588460709,97.5256736316765
2026-06-30 14:28:00+00:00,59061.5,59072.8,58989.2,59011.0,149.341,55.9350895565689,65.11572501372575,75.53677575081484,-10.42105073708909,96.53098265798573
2026-06-30 14:29:00+00:00,59011.0,59045.6,58987.4,59014.7,84.281,56.19846753872291,61.46840520147089,72.72310164094606,-11.254696439475168,93.79305532527225
2026-06-30 14:30:00+00:00,59014.7,59081.3,58992.7,58998.2,46.778,54.63031894198062,56.59408449156763,69.49729821107037,-12.903213719502745,93.42212280203894
2026-06-30 14:31:00+00:00,58998.2,58998.2,58912.0,58917.8,95.159,47.65270289990544,45.716550208977424,64.74114861065178,-19.024598401674353,92.90625688760738
2026-06-30 14:32:00+00:00,58917.8,58971.5,58875.1,58938.8,339.963,49.4681615441738,38.348492862685816,59.462617461058585,-21.11412459837277,93.1558099670641
2026-06-30 14:33:00+00:00,58938.8,58998.3,58903.3,58937.1,118.038,49.31904663070822,32.003165963309584,53.97072716150878,-21.9675611981992,93.28753782655953
2026-06-30 14:34:00+00:00,58937.1,59005.8,58928.2,58984.2,259.205,53.50114495193247,30.424312512644974,49.26144423173602,-18.837131719091047,92.16699941037712
2026-06-30 14:35:00+00:00,58984.2,58988.0,58906.2,58912.3,84.218,47.11030365160303,23.104990720668866,44.03015352952259,-20.925162808853727,91.42649945249325
2026-06-30 14:36:00+00:00,58912.3,58914.1,58776.2,58798.0,264.466,39.11186060559475,7.989225889687077,36.82196800155549,-28.832742111868413,94.74603520588668
2026-06-30 14:37:00+00:00,58798.0,58808.5,58717.3,58724.9,211.22,35.01712496033061,-9.775994144722063,27.50237557229998,-37.278369717022045,94.49274697689457
2026-06-30 14:38:00+00:00,58724.9,58735.1,58567.0,58572.1,299.236,28.338526685785236,-35.772380278292985,14.847424402181385,-50.619804680474374,99.75040790711627
2026-06-30 14:39:00+00:00,58572.1,58673.3,58550.0,58665.9,282.26,36.36237919274896,-48.249635735897755,2.228012374565555,-50.477648110463306,101.43252162803674
2026-06-30 14:40:00+00:00,58665.9,58705.8,58611.7,58690.3,103.871,38.29777458853257,-55.52897108603793,-9.323384317555142,-46.20558676848279,100.90877008317739
2026-06-30 14:41:00+00:00,58690.3,58737.1,58667.3,58671.9,89.051,37.37468056620645,-62.067151533170545,-19.872137760678225,-42.19501377249232,98.68671507723583
2026-06-30 14:42:00+00:00,58671.9,58696.1,58656.6,58690.2,89.091,38.95073350215921,-65.02251055547822,-28.902212319638224,-36.120298235839996,94.45909257171898
2026-06-30 14:43:00+00:00,58690.2,58738.7,58678.3,58729.2,62.347,42.2843282388552,-63.485854398531956,-35.81894073541697,-27.666913663114983,92.02630024516722
2026-06-30 14:44:00+00:00,58729.2,58907.2,58726.0,58893.4,287.019,53.73811102191672,-48.459860493247106,-38.347124686983,-10.112735806264105,98.39585022765506
2026-06-30 14:45:00+00:00,58893.4,58893.4,58727.6,58731.4,87.432,44.38034099902974,-49.0581859464437,-40.48933693887514,-8.56884900756856,103.21043235425134
2026-06-30 14:46:00+00:00,58731.4,58742.2,58669.0,58693.1,115.603,42.496220307223375,-52.023162458826846,-42.796102042865485,-9.227060415961361,101.06683004323317
2026-06-30 14:47:00+00:00,58693.1,58716.7,58667.2,58674.2,44.409,41.55860062938094,-55.260985510307364,-45.28907873635386,-9.971906773953506,97.38348504014508
2026-06-30 14:48:00+00:00,58674.2,58716.2,58563.5,58571.6,104.519,36.81051500623633,-65.35260202630161,-49.30178339434341,-16.0508186319582,101.33466468013451
2026-06-30 14:49:00+00:00,58571.6,58635.4,58570.7,58612.9,68.745,39.792435504394646,-69.21979329067835,-53.285385373610396,-15.934407917067958,98.71790291726806
2026-06-30 14:50:00+00:00,58612.9,58678.8,58557.0,58563.5,79.738,37.5121720005471,-75.4015551839475,-57.70861933567782,-17.692935848269677,100.3666241374634
2026-06-30 14:51:00+00:00,58563.5,58608.5,58557.8,58594.9,68.882,39.87078888837479,-76.88069563954195,-61.543034596450646,-15.337661043091309,96.81900812764438
2026-06-30 14:52:00+00:00,58594.9,58615.0,58575.9,58595.0,40.627,39.87857187524796,-77.15545587524684,-64.66551885220989,-12.489937023036958,92.69622183281253
2026-06-30 14:53:00+00:00,58595.0,58607.8,58572.8,58593.1,34.025,39.77323268700756,-76.64302636333014,-67.06102035443394,-9.582006008896201,88.57506313046876
2026-06-30 14:54:00+00:00,58593.1,58609.3,58466.8,58480.2,199.955,34.02229116444029,-84.37439325440937,-70.52369493442902,-13.850698319980353,92.42684433543528
2026-06-30 14:55:00+00:00,58480.2,58488.5,58440.0,58458.1,122.307,33.01592833183894,-91.23316340264137,-74.66558862807149,-16.567574774569877,89.2892125971899
2026-06-30 14:56:00+00:00,58458.1,58500.0,58402.7,58447.1,138.703,32.500619289653585,-96.44464242587128,-79.02139938763145,-17.423243038239832,89.86141169739084
2026-06-30 14:57:00+00:00,58447.1,58453.3,58424.8,58436.8,70.051,31.99702240099373,-100.25027821414551,-83.26717515293426,-16.983103061211253,85.47845371900577
2026-06-30 14:58:00+00:00,58436.8,58524.1,58430.6,58508.5,118.652,39.07418777259217,-96.36979026234621,-85.88769817481665,-10.482092087529566,86.05142131050536
2026-06-30 14:59:00+00:00,58508.5,58588.0,58456.6,58458.1,226.063,36.22064943534396,-96.25180351649033,-87.96051924315138,-8.291284273338945,89.29060550261222
2026-06-30 15:00:00+00:00,58458.1,58525.1,58402.1,58507.1,210.66,40.75093405213334,-91.15364519975265,-88.59914443447164,-2.5545007652810057,91.69841939528278
2026-06-30 15:01:00+00:00,58507.1,58585.8,58500.8,58538.5,97.162,43.51954439886627,-83.61573033393506,-87.60246161436433,3.986731280429268,91.2199608670483
2026-06-30 15:02:00+00:00,58538.5,58580.6,58518.4,58559.8,58.466,45.383928648685625,-75.05792546374869,-85.0935543842412,10.035628920492513,89.14710651940177
2026-06-30 15:03:00+00:00,58559.8,58559.8,58371.8,58379.9,285.389,34.90417906195867,-81.84872876529698,-84.44458926045236,2.595860495155378,96.20802748230165
2026-06-30 15:04:00+00:00,58379.9,58382.4,58279.1,58286.0,406.392,30.894177291790626,-93.72700794725097,-86.30107299781208,-7.425934949438883,96.71459694785173
2026-06-30 15:05:00+00:00,58286.0,58300.1,58207.0,58214.7,309.366,28.24105832090611,-107.65298727274057,-90.57145585279778,-17.08153141994279,96.4564114515765
2026-06-30 15:06:00+00:00,58214.7,58249.7,58156.7,58228.4,374.807,29.493974578029864,-116.24396267280099,-95.70595721679842,-20.538005456002566,96.20952491932103
2026-06-30 15:07:00+00:00,58228.4,58349.4,58212.8,58340.0,243.419,38.85896086636755,-112.74750222927833,-99.11426621929441,-13.633236009983918,99.09455885365513
2026-06-30 15:08:00+00:00,58340.0,58371.0,58296.8,58296.9,99.535,36.82465008698059,-112.16141496179625,-101.72369596779478,-10.437718994001472,97.31637607839384
2026-06-30 15:09:00+00:00,58296.9,58328.0,58239.7,58310.2,77.579,37.90494464956938,-109.36306835665891,-103.25157044556761,-6.1114979110913055,96.67234921565164
2026-06-30 15:10:00+00:00,58310.2,58350.0,58297.4,58325.6,83.651,39.20135414660874,-104.69583875597164,-103.54042410764842,-1.155414648323216,93.5243242716764
2026-06-30 15:11:00+00:00,58325.6,58357.3,58282.8,58326.6,124.316,39.289990004441414,-99.76629033656354,-102.78559735343144,3.0193070168678986,92.16544396655665
2026-06-30 15:12:00+00:00,58326.6,58393.5,58322.3,58375.0,49.098,43.57743366814891,-90.90620208390465,-100.40971829952608,9.503516215621431,90.66791225465954
2026-06-30 15:13:00+00:00,58375.0,58468.3,58373.7,58453.7,132.456,49.78709002451298,-76.65050670550409,-95.65787598072168,19.0073692752176,90.94877566504142
2026-06-30 15:14:00+00:00,58453.7,58453.7,58398.0,58419.2,57.63,47.32806727368159,-67.36014130413969,-89.99832904540528,22.638187741265597,88.43100597468113
2026-06-30 15:15:00+00:00,58419.2,58448.2,58277.1,58285.0,173.548,39.214519376186345,-70.01914115999534,-86.0024914683233,15.983350308327957,94.33593411934666
2026-06-30 15:16:00+00:00,58285.0,58313.2,58230.6,58275.3,328.281,38.69811988909378,-72.07825339851843,-83.21764385436232,11.139390455843895,93.4976531108218
2026-06-30 15:17:00+00:00,58275.3,58275.4,58175.7,58186.8,232.133,34.26467113004401,-79.92994243554858,-82.56010357059958,2.6301611350509972,93.94067788862056
2026-06-30 15:18:00+00:00,58186.8,58257.5,58178.8,58248.4,309.471,39.463342782817826,-80.25670800660737,-82.09942445780113,1.8427164511937661,92.85205803943316
2026-06-30 15:19:00+00:00,58248.4,58333.7,58240.0,58331.8,321.152,45.72208063738656,-72.9451231063722,-80.26856418751535,7.323441081143159,92.91262532233058
2026-06-30 15:20:00+00:00,58331.8,58405.6,58331.8,58405.5,173.287,50.58414557787244,-60.506187664796016,-76.31608888297148,15.809901218175469,91.54743779930665
2026-06-30 15:21:00+00:00,58405.5,58419.9,58324.0,58339.6,94.252,46.56733324396464,-55.32803382692509,-72.11847787176221,16.790444044837116,91.85833509935628
2026-06-30 15:22:00+00:00,58339.6,58353.2,58284.0,58338.2,53.543,46.48288560566291,-50.75223769951117,-67.845229837312,17.092992137800834,90.23988259225919
2026-06-30 15:23:00+00:00,58338.2,58366.0,58312.0,58366.0,56.521,48.48079919719856,-44.37117534670688,-63.15041893919098,18.7792435924841,87.65131954995498
2026-06-30 15:24:00+00:00,58366.0,58426.6,58335.1,58391.2,73.926,50.29233854994881,-36.85585669026477,-57.891506489405735,21.035649799140963,87.92622529638676
2026-06-30 15:25:00+00:00,58391.2,58456.8,58391.1,58424.8,177.086,52.681434780256495,-27.867434874649916,-51.88669216645457,24.019257291804657,86.3386377752166
2026-06-30 15:26:00+00:00,58424.8,58432.7,58379.4,58409.9,49.357,51.49936301753397,-21.696250433647947,-45.84860381989325,24.152353386245302,83.97873507698652
2026-06-30 15:27:00+00:00,58409.9,58424.9,58382.5,58398.0,29.535,50.52430166207217,-17.563313900849607,-40.19154583608452,22.628231935234915,81.00882542863044
2026-06-30 15:28:00+00:00,58398.0,58409.0,58363.9,58396.9,40.997,50.42925365069979,-14.212855775149364,-34.99580782389749,20.78295204874813,78.44390932658531
2026-06-30 15:29:00+00:00,58396.9,58396.9,58343.1,58361.4,56.106,47.334401162889606,-14.257791935633577,-30.84820464624471,16.590412710611133,76.6836300889723
2026-06-30 15:30:00+00:00,58361.4,58404.1,58351.1,58374.1,37.123,48.55085498248383,-13.117410956692765,-27.30204590833432,14.184634951641556,74.99194222547428
2026-06-30 15:31:00+00:00,58374.1,58397.9,58352.1,58369.8,86.891,48.14537206285633,-12.417483854027523,-24.32513349747296,11.907649643445438,72.90680349508347
2026-06-30 15:32:00+00:00,58369.8,58433.9,58369.7,58410.1,58.727,52.176600432292375,-8.512783316567948,-21.16266346129196,12.649880144724012,72.28488895972067
2026-06-30 15:33:00+00:00,58410.1,58417.6,58366.5,58393.1,44.857,50.39676005514864,-6.712658584183373,-18.272662485870242,11.56000390168687,70.77168260545481
2026-06-30 15:34:00+00:00,58393.1,58455.3,58386.9,58401.4,332.212,51.270754786279426,-4.5636986532917945,-15.530869719354552,10.967171066062757,70.6022767050653
2026-06-30 15:35:00+00:00,58401.4,58414.5,58375.7,58376.0,47.818,48.45694272007259,-4.8542434521295945,-13.39554446590956,8.541301013779966,68.33068551184655
2026-06-30 15:36:00+00:00,58376.0,58393.9,58344.7,58368.4,61.407,47.61490250193457,-5.632827058601833,-11.843000984448015,6.210173925846181,66.9642079752864
2026-06-30 15:37:00+00:00,58368.4,58392.2,58360.4,58392.1,28.758,50.50339770129286,-4.288038407728891,-10.33200846910419,6.043970061375299,64.4524788341942
2026-06-30 15:38:00+00:00,58392.1,58392.1,58233.8,58252.7,153.237,37.430125854231456,-14.305790451544453,-11.126764865592243,-3.1790255859522105,71.15587320318001
2026-06-30 15:39:00+00:00,58252.7,58320.3,58251.6,58308.0,130.874,43.66062396639453,-17.580031620324007,-12.417418216538596,-5.162613403785411,70.98045368866745
2026-06-30 15:40:00+00:00,58308.0,58348.2,58307.9,58319.7,32.815,44.9105134832244,-19.011644711303234,-13.736263515491524,-5.275381195811709,68.78899271090518
2026-06-30 15:41:00+00:00,58319.7,58366.4,58303.1,58361.4,29.88,49.23338819395301,-16.590126253118797,-14.307036063016978,-2.2830901901018184,68.39692180298358
2026-06-30 15:42:00+00:00,58361.4,58400.0,58351.0,58400.0,37.612,52.91645039892213,-11.424661634846416,-13.730561177382866,2.3058995425364497,67.01142738848476
2026-06-30 15:43:00+00:00,58400.0,58461.8,58384.1,58455.2,83.948,57.64837101767494,-2.844030818421743,-11.55325510559064,8.709224287168897,67.77489686073616
2026-06-30 15:44:00+00:00,58455.2,58477.8,58418.0,58418.0,80.458,53.7294274308048,0.9435748732939828,-9.053889109813715,9.997463983107698,67.20526137068379
2026-06-30 15:45:00+00:00,58418.0,58658.2,58418.0,58658.2,399.414,68.58138628285171,23.06157278134924,-2.630796731581123,25.692369512930362,79.56202841563473
2026-06-30 15:46:00+00:00,58658.2,58787.2,58620.5,58632.6,392.422,66.14455961611326,38.085513332887786,5.512465281312659,32.57304805157513,85.78616924308918
2026-06-30 15:47:00+00:00,58632.6,58648.6,58555.8,58563.7,152.396,59.96857703024091,43.92608768714126,13.19518976247838,30.730897924662884,86.28715715429678
2026-06-30 15:48:00+00:00,58563.7,58589.4,58549.9,58586.3,39.262,61.24676235116073,49.80430306226481,20.517012422435666,29.28729063982914,82.9452173575613
2026-06-30 15:49:00+00:00,58586.3,58602.0,58511.6,58541.9,75.756,57.37110622968024,50.30029171158094,26.47366828026472,23.826623431316218,83.47770183202132
2026-06-30 15:50:00+00:00,58541.9,58558.0,58513.8,58558.0,57.041,58.39910446529903,51.39999459396495,31.45893354300477,19.94106105096018,80.67215170116245
2026-06-30 15:51:00+00:00,58558.0,58596.0,58497.5,58497.5,38.744,53.206696758080184,46.849619420972886,34.53707071859839,12.312548702374492,81.9455694367937
2026-06-30 15:52:00+00:00,58497.5,58543.5,58472.2,58520.6,61.268,54.857112002935835,44.5933469131196,36.548325957502634,8.04502095561697,81.18517161988008
2026-06-30 15:53:00+00:00,58520.6,58530.1,58500.0,58512.3,16.019,54.11851726763518,41.65531749057118,37.569724264116346,4.085593226454833,77.53623078988855
2026-06-30 15:54:00+00:00,58512.3,58512.3,58475.1,58481.4,33.382,51.34678308448941,36.413780849085015,37.33853558111008,-0.9247547320250646,74.65507144775395
2026-06-30 15:55:00+00:00,58481.4,58543.5,58473.3,58543.4,36.056,56.19465047911895,36.83806090662256,37.238440646212574,-0.40037973959001505,74.33685205862847
2026-06-30 15:56:00+00:00,58543.4,58567.0,58488.4,58491.3,31.993,51.54660906187106,32.59454173908307,36.30966086478667,-3.715119125703602,74.64136262586918
2026-06-30 15:57:00+00:00,58491.3,58500.4,58454.3,58464.8,29.497,49.31239911492879,26.78443935154064,34.40461656213746,-7.620177210596822,72.60269386687841
2026-06-30 15:58:00+00:00,58464.8,58464.9,58367.1,58382.8,125.577,43.08880837853912,15.385818513990671,30.600856952508103,-15.215038438517432,74.40250144781588
2026-06-30 15:59:00+00:00,58382.8,58388.7,58319.0,58358.8,116.077,41.44030475199008,4.365408245088474,25.353767211024177,-20.988358965935703,74.0666084872574
2026-06-30 16:00:00+00:00,58358.8,58428.3,58327.1,58419.0,103.367,46.925376102178866,0.48371463560761185,20.379756695940863,-19.89604206033325,76.00470788102504
2026-06-30 16:01:00+00:00,58419.0,58459.9,58410.6,58434.2,48.74,48.24357079597303,-1.350475111255946,16.0337103345015,-17.384185445757446,74.09722874666633
2026-06-30 16:02:00+00:00,58434.2,58450.8,58378.7,58450.8,82.497,49.71250327863118,-1.4479118062445195,12.537385906352295,-13.985297712596815,73.95456955047631
2026-06-30 16:03:00+00:00,58450.8,58456.4,58431.0,58431.0,41.553,47.96389023034332,-3.08723785723123,9.41246115363559,-12.49969901086682,70.48638601115667
2026-06-30 16:04:00+00:00,58431.0,58446.0,58413.8,58426.4,36.528,47.54546820679298,-4.7033794885574025,6.589293025196991,-11.292672513754393,67.7516441532167
2026-06-30 16:05:00+00:00,58426.4,58460.0,58405.0,58457.3,30.989,50.659270488229936,-3.451030288153561,4.581228362526881,-8.032258650680442,66.84081242798693
2026-06-30 16:06:00+00:00,58457.3,58603.7,58457.3,58589.1,171.101,61.23077407914481,8.083443077273841,5.281671305476273,2.8017717717975685,72.52361154027317
2026-06-30 16:07:00+00:00,58589.1,58610.0,58508.8,58528.4,74.707,55.34911508636659,12.186139382632973,6.662564920907613,5.52357446172536,74.571925001682
2026-06-30 16:08:00+00:00,58528.4,58575.1,58519.6,58544.2,51.37,56.519891041496685,16.522028061954188,8.634457549116927,7.887570512837261,73.209644644419
2026-06-30 16:09:00+00:00,58544.2,58563.7,58505.8,58556.6,42.44,57.46257093396777,20.719980411151482,11.051562121523839,9.668418289627644,72.11609859838866
2026-06-30 16:10:00+00:00,58556.6,58589.5,58533.4,58548.1,47.08,56.557370499843564,23.09478660597233,13.460207018413538,9.634579587558793,70.97209155564651
2026-06-30 16:11:00+00:00,58548.1,58564.7,58485.6,58497.2,29.543,51.34166360482651,20.631802438321756,14.894526102395181,5.737276335926575,71.55265644452881
2026-06-30 16:12:00+00:00,58497.2,58524.3,58447.5,58469.1,50.772,48.67304968405119,16.225398290582234,15.160700540032591,1.0646977505496427,71.92746669849124
2026-06-30 16:13:00+00:00,58469.1,58472.2,58374.2,58383.0,72.702,41.54716598070014,5.719806456414517,13.272521723308977,-7.5527152668944595,73.78979050574188
2026-06-30 16:14:00+00:00,58383.0,58429.1,58370.0,58382.1,57.759,41.47880623130481,-2.64804818808625,10.08840774102993,-12.73645592911618,72.74051975533163
2026-06-30 16:15:00+00:00,58382.1,58382.1,58290.3,58358.5,141.715,39.637121280268076,-11.056503556996176,5.859425481424709,-16.915929038420884,74.10191120137905
2026-06-30 16:16:00+00:00,58358.5,58417.9,58337.4,58417.9,42.696,46.12143790156468,-12.779863135976484,2.1315677579444703,-14.911430893920954,74.55891754413769
2026-06-30 16:17:00+00:00,58417.9,58455.0,58400.0,58422.1,23.709,46.5585771595622,-13.649391431346885,-1.0246240799138011,-12.624767351433084,73.1618520052707
2026-06-30 16:18:00+00:00,58422.1,58432.6,58405.5,58407.1,25.485,45.14966159936505,-15.371678370094742,-3.8940349379499892,-11.477643432144752,69.87171971917984
2026-06-30 16:19:00+00:00,58407.1,58407.1,58361.6,58397.2,60.041,44.19899919262683,-17.3356162466589,-6.582351199691772,-10.75326504696713,68.13088259638127
2026-06-30 16:20:00+00:00,58397.2,58409.5,58360.4,58388.6,90.849,43.345190298007104,-19.36279701894091,-9.1384403635416,-10.22435665539931,66.7715338394968
2026-06-30 16:21:00+00:00,58388.6,58399.1,58325.8,58325.8,32.135,37.62888443925338,-25.740072016946215,-12.458766694222524,-13.281305322723691,67.237852850961
2026-06-30 16:22:00+00:00,58325.8,58356.3,58316.1,58334.6,49.139,38.84593215835891,-29.74118408641516,-15.91525017266105,-13.82593391375411,65.30657764732125
2026-06-30 16:23:00+00:00,58334.6,58352.7,58306.0,58320.2,40.122,37.554560410004335,-33.685745575763576,-19.469349253281557,-14.21639632248202,63.97753638679809
2026-06-30 16:24:00+00:00,58320.2,58346.6,58295.0,58295.0,24.354,35.340443921136625,-38.40258724888554,-23.255996852402355,-15.146590396483184,63.09342664488384
2026-06-30 16:25:00+00:00,58295.0,58299.6,58233.4,58252.3,78.727,31.907672207773874,-45.066749958605214,-27.618147473642928,-17.448602484962286,63.31532474167765
2026-06-30 16:26:00+00:00,58252.3,58292.2,58252.3,58278.1,35.053,35.95558107417328,-47.71625920459337,-31.637769819833018,-16.078489384760353,61.64280154584311
2026-06-30 16:27:00+00:00,58278.1,58297.4,58271.6,58284.0,24.425,36.879680546867725,-48.777655232588586,-35.065746902384134,-13.711908330204452,59.08260143542596
2026-06-30 16:28:00+00:00,58284.0,58286.0,58261.2,58270.3,20.064,35.59532965671561,-50.146240095178655,-38.081845540943036,-12.06439455423562,56.633844190038594
2026-06-30 16:29:00+00:00,58270.3,58294.9,58265.2,58294.9,19.383,39.65891056098933,-48.68463290666841,-40.20240301408811,-8.4822298925803,54.709998176464715
2026-06-30 16:30:00+00:00,58294.9,58314.6,58272.7,58278.0,45.969,37.890207942548834,-48.33283658624714,-41.82848972851992,-6.504346857727221,53.79499830671734
2026-06-30 16:31:00+00:00,58278.0,58307.9,58266.5,58300.1,16.934,41.5605807823266,-45.74344816897792,-42.61148141661152,-3.1319667523664023,52.90964128480906
2026-06-30 16:32:00+00:00,58300.1,58314.2,58298.7,58300.1,37.679,41.560580782326596,-43.193432193409535,-42.72787157197112,-0.4655606214384136,50.23752405017984
2026-06-30 16:33:00+00:00,58300.1,58303.8,58260.6,58280.4,26.206,39.16769774430547,-42.27483355507866,-42.63726396859263,0.36243041351396954,49.734843760881596
2026-06-30 16:34:00+00:00,58280.4,58394.8,58233.8,58372.5,172.825,52.83878208780004,-33.72636073524336,-40.85508332192278,7.128722586679416,57.682354920818625
2026-06-30 16:35:00+00:00,58372.5,58372.5,58267.0,58284.7,67.325,42.93317151668645,-33.64848190790508,-39.41376303911924,5.765281131214159,61.09790099790301
2026-06-30 16:36:00+00:00,58284.7,58347.1,58280.4,58347.1,31.486,50.0938947273746,-28.226229471583792,-37.17625632561215,8.950026854028359,61.49805092662401
2026-06-30 16:37:00+00:00,58347.1,58356.9,58296.2,58296.2,26.085,45.12037622339632,-27.71675842350669,-35.28435674519106,7.567598321684372,61.441047289008324
2026-06-30 16:38:00+00:00,58296.2,58411.4,58291.4,58408.7,49.854,55.61046099116682,-18.027380725747207,-31.83296154130229,13.805580815555082,65.62382962550772
2026-06-30 16:39:00+00:00,58408.7,58467.0,58407.8,58467.0,99.281,59.889325663248094,-5.579835455690045,-26.582336324179842,21.002500868489797,65.16498465225696
2026-06-30 16:40:00+00:00,58467.0,58469.6,58395.1,58396.9,140.458,53.24350387826471,-1.3559200964664342,-21.53705307863716,20.181132982170727,65.83177146281004
2026-06-30 16:41:00+00:00,58396.9,58428.7,58380.1,58380.2,27.99,51.769639425070935,0.6366736476193182,-17.102307733385864,17.738981381005182,64.60093064403779
2026-06-30 16:42:00+00:00,58380.2,58386.3,58358.1,58373.6,49.659,51.166814166091235,1.6640713257729658,-13.349031921554097,15.013103247327063,62.00086416946397
2026-06-30 16:43:00+00:00,58373.6,58382.6,58273.0,58274.2,35.831,43.038498755576086,-5.479295978533628,-11.775084732950003,6.295788754416375,65.40080244307359
2026-06-30 16:44:00+00:00,58274.2,58309.9,58273.7,58307.5,45.724,46.12618009538252,-8.357098898108234,-11.091487565981648,2.7343886678734144,63.31503083999722
2026-06-30 16:45:00+00:00,58307.5,58341.2,58306.2,58326.7,20.401,47.88043815700803,-8.984926269309653,-10.670175306647248,1.685249037337595,61.29252863714027
2026-06-30 16:46:00+00:00,58326.7,58344.2,58316.4,58338.1,16.025,48.94349167158186,-8.465019779279828,-10.229144201173764,1.7641244218939356,58.90020516305851
2026-06-30 16:47:00+00:00,58338.1,58375.2,58327.5,58353.4,20.401,50.405530424423674,-6.740705352291116,-9.531456431397235,2.790751079106119,58.10019050855412
2026-06-30 16:48:00+00:00,58353.4,58417.6,58345.1,58392.8,71.292,54.05426639383772,-2.169909657612152,-8.059147076640219,5.889237419028067,59.12874832937168
2026-06-30 16:49:00+00:00,58392.8,58413.9,58385.0,58400.6,30.065,54.763808682776805,2.058148617790721,-6.03568793775403,8.093836555544751,56.96955202013095
2026-06-30 16:50:00+00:00,58400.6,58413.3,58373.8,58393.4,21.684,53.93580393317903,4.772916228233953,-3.8739671045564337,8.646883332790386,55.721726875835884
2026-06-30 16:51:00+00:00,58393.4,58402.6,58361.6,58397.8,22.93,54.389648836634784,7.1964758520480245,-1.659878513235542,8.856354365283567,54.67017495613332
2026-06-30 16:52:00+00:00,58397.8,58459.8,58397.8,58456.4,70.101,60.03685050615927,13.687908880936448,1.409678965598856,12.278229915337592,55.193733887838086
2026-06-30 16:53:00+00:00,58456.4,58470.1,58438.7,58452.7,42.702,59.53562222255252,18.3226451983719,4.792272212153465,13.530372986218437,53.49418146727833
2026-06-30 16:54:00+00:00,58452.7,58534.3,58452.6,58500.0,114.266,63.70704405521991,25.51826316561346,8.937470402845465,16.580792762768,55.50888279104448
2026-06-30 16:55:00+00:00,58500.0,58536.3,58488.5,58531.3,40.869,66.19082716247296,33.36191526911716,13.822359376099804,19.539555893017358,54.95824830597008
2026-06-30 16:56:00+00:00,58531.3,58555.5,58516.3,58552.2,59.06,67.77662904945835,40.79427044685872,19.216741590251587,21.57752885660713,53.83265914125773
2026-06-30 16:57:00+00:00,58552.2,58552.3,58484.7,58484.8,65.132,58.282580453920595,40.7758105952671,23.52855539125469,17.24725520401241,54.81604063116831
2026-06-30 16:58:00+00:00,58484.8,58484.8,58426.8,58433.2,56.505,52.248391582650086,36.18042683011299,26.058929679026352,10.12149715108664,55.04346630037058
2026-06-30 16:59:00+00:00,58433.2,58477.5,58409.0,58477.5,27.706,56.4200221480354,35.70164551177004,27.98747284557509,7.714172666194948,56.004647278915535
2026-06-30 17:00:00+00:00,58477.5,58491.7,58440.4,58450.0,30.226,53.30677298574571,32.72594339042553,28.935166954545178,3.7907764358803497,55.66860104470697
2026-06-30 17:01:00+00:00,58450.0,58460.2,58423.0,58459.1,19.215,54.207246142832744,30.747533541616576,29.29764027195946,1.4498932696571174,54.349415255799116
2026-06-30 17:02:00+00:00,58459.1,58498.8,58454.7,58482.2,45.195,56.50052149340454,30.689833135380468,29.57607884464366,1.1137542907368072,53.6173141660996
2026-06-30 17:03:00+00:00,58482.2,58524.7,58482.1,58517.0,15.972,59.769185035647766,33.070952952315565,30.275053666178042,2.795899286137523,52.830363154235236
2026-06-30 17:04:00+00:00,58517.0,58550.8,58517.0,58524.5,35.595,60.45879381926027,35.15791630800959,31.25162619454435,3.9062901134652392,51.4710515003615
2026-06-30 17:05:00+00:00,58524.5,58528.5,58475.7,58475.7,40.057,53.97565771205628,32.49946405040828,31.501193765717137,0.9982702846911415,51.565976393193026
2026-06-30 17:06:00+00:00,58475.7,58505.2,58475.7,58484.0,13.065,54.862219111803235,30.708375084483123,31.342630029470335,-0.6342549449872124,49.98983522225067
2026-06-30 17:07:00+00:00,58484.0,58595.4,58484.0,58577.3,119.931,63.39753814838802,36.397882303943334,32.353680484364936,4.044201819578397,54.37627556351858
2026-06-30 17:08:00+00:00,58577.3,58600.0,58548.2,58572.7,105.436,62.76734427024356,40.07373118182295,33.89769062385654,6.1760405579664095,54.192255880410315
2026-06-30 17:09:00+00:00,58572.7,58599.5,58515.5,58515.5,63.591,55.39365715322688,37.93402610116755,34.70495771931874,3.229068381848805,56.32138046038101
2026-06-30 17:10:00+00:00,58515.5,58516.1,58484.6,58484.6,25.318,51.85003704975235,33.3603651279991,34.43603920105481,-1.0756740730557084,54.548424713210935
2026-06-30 17:11:00+00:00,58484.6,58500.3,58452.3,58495.4,45.941,52.98217567250505,30.258375874051126,33.60050653565408,-3.342130661602951,54.080680090838726
2026-06-30 17:12:00+00:00,58495.4,58500.3,58406.8,58415.9,49.428,44.65816578491063,21.141337274821126,31.108672683487487,-9.967335408666361,56.896345798635956
2026-06-30 17:13:00+00:00,58415.9,58425.9,58372.4,58372.5,49.217,40.882070328591894,10.295323132682825,26.946002773326555,-16.65067964064373,56.65374967016196
2026-06-30 17:14:00+00:00,58372.5,58393.1,58356.6,58388.4,80.689,42.790611217365196,2.9487841537193162,22.146559049405106,-19.19777489568579,55.214196122293245
2026-06-30 17:15:00+00:00,58388.4,58410.3,58365.6,58385.5,78.266,42.52097944352127,-3.0719946378230816,17.10284831195947,-20.17484294978255,54.463182113558325
2026-06-30 17:16:00+00:00,58385.5,58442.9,58385.4,58409.9,23.296,45.62549883197505,-5.807681786325702,12.520742292302435,-18.32842407862814,54.68009767687558
2026-06-30 17:17:00+00:00,58409.9,58438.9,58409.9,58416.1,15.974,46.417443779023785,-7.390255115933542,8.538542810655239,-15.92879792658878,52.84580498567018
2026-06-30 17:18:00+00:00,58416.1,58449.0,58405.2,58449.0,23.98,50.53453679080208,-5.921442139231658,5.64654582067786,-11.567987959909518,52.19967605812251
2026-06-30 17:19:00+00:00,58449.0,58463.7,58420.3,58433.9,18.061,48.68555305594762,-5.907740323986218,3.335688591745044,-9.243428915731261,51.571127768256204
2026-06-30 17:20:00+00:00,58433.9,58455.4,58409.7,58450.7,18.211,50.840655420168446,-4.489509667328093,1.7706489399304164,-6.26015860725851,51.15176149909536
2026-06-30 17:21:00+00:00,58450.7,58466.6,58404.0,58408.9,56.172,45.698109608575116,-6.661670723595307,0.08418500722527167,-6.745855730820579,51.969492820588435
2026-06-30 17:22:00+00:00,58408.9,58435.5,58382.1,58384.7,22.189,42.98711240776772,-10.218074163989513,-1.9762668270176857,-8.241807336971828,52.07167190483222
2026-06-30 17:23:00+00:00,58384.7,58387.6,58365.6,58378.2,12.625,42.26190443197972,-13.40650336471299,-4.262314134556746,-9.144189230156243,49.92369534020135
2026-06-30 17:24:00+00:00,58378.2,58389.9,58345.3,58384.3,57.307,43.22983809320709,-15.265170079066593,-6.462885323458716,-8.802284755607877,49.543431387329726
2026-06-30 17:25:00+00:00,58384.3,58416.5,58374.1,58374.2,19.595,41.97510556359889,-17.353126392830745,-8.640933537333122,-8.712192855497623,49.03318628823485
2026-06-30 17:26:00+00:00,58374.2,58418.2,58356.7,58356.7,15.104,39.818579696943715,-20.18724457150529,-10.950195744167555,-9.237048827337734,49.92367298193236
2026-06-30 17:27:00+00:00,58356.7,58378.3,58344.0,58358.1,39.253,40.08378482463462,-22.065972551128652,-13.173351105559775,-8.892621445568878,48.80769634036597
2026-06-30 17:28:00+00:00,58358.1,58377.3,58345.5,58365.4,36.533,41.530647378710114,-22.704110169914202,-15.07950291843066,-7.624607251483543,47.5928608874829
2026-06-30 17:29:00+00:00,58365.4,58379.9,58354.0,58366.8,47.189,41.82080931431914,-22.83365833084099,-16.630334000912725,-6.2033243299282645,46.04337082409137
2026-06-30 17:30:00+00:00,58366.8,58391.7,58350.4,58373.1,19.02,43.18714055913409,-22.17237944460794,-17.73874308965177,-4.433636354956171,45.70455862237025
2026-06-30 17:31:00+00:00,58373.1,58375.2,58304.3,58304.3,68.227,33.840464147345934,-26.88992585061351,-19.568979641844116,-7.320946208769392,47.504233006486245
2026-06-30 17:32:00+00:00,58304.3,58348.2,58304.3,58337.1,32.145,40.45662826606245,-27.66304709918768,-21.18779313331283,-6.475253965874849,47.246787791736814
2026-06-30 17:33:00+00:00,58337.1,58440.6,58333.3,58421.8,55.284,53.41275292287273,-21.196825318445917,-21.189599570339446,-0.0072257481064710305,51.53630294946959
2026-06-30 17:34:00+00:00,58421.8,58445.3,58381.2,58387.2,35.155,48.74655657933315,-18.649251839873614,-20.68153002424628,2.0322781843726645,52.43370988165075
2026-06-30 17:35:00+00:00,58387.2,58437.8,58387.2,58430.1,53.028,54.10069983804943,-13.018540404074884,-19.148932100212,6.130391696137117,52.3027306043904
2026-06-30 17:36:00+00:00,58430.1,58430.1,58375.9,58375.9,14.113,47.36814371676266,-12.782301639228535,-17.875606008015307,5.093304368786772,52.43824984693373
2026-06-30 17:37:00+00:00,58375.9,58401.2,58338.4,58401.2,84.741,50.46684027486559,-10.433313414469012,-16.38714748930605,5.953834074837037,53.17837485786673
2026-06-30 17:38:00+00:00,58401.2,58411.9,58369.0,58379.5,14.961,47.86391058684739,-10.20509399718867,-15.150736790882572,4.945642793693903,52.444205225162065
2026-06-30 17:39:00+00:00,58379.5,58393.3,58321.8,58328.4,58.493,42.32753945719468,-13.986345519289898,-14.917858536564037,0.9315130172741384,53.80533342336478
2026-06-30 17:40:00+00:00,58328.4,58387.5,58327.6,58360.2,63.818,46.47661632707011,-14.252723828409216,-14.784831594933072,0.5321077665238558,54.2406667502674
2026-06-30 17:41:00+00:00,58360.2,58388.7,58345.1,58379.9,17.358,48.927883482745536,-12.727490608165681,-14.373363397579594,1.6458727894139127,53.4806191252482
2026-06-30 17:42:00+00:00,58379.9,58399.9,58367.4,58377.8,20.529,48.67198723635305,-11.554986055467452,-13.809687929157166,2.2547018736897133,51.982003473444756
2026-06-30 17:43:00+00:00,58377.8,58377.8,58347.1,58347.1,14.74,44.969218483090536,-12.953679228645342,-13.6384861890548,0.6848069604094587,50.46186036819902
2026-06-30 17:44:00+00:00,58347.1,58370.0,58347.1,58357.6,20.041,46.46920317440538,-13.064294344621885,-13.523647820168218,0.4593534755463331,48.49315605618491
2026-06-30 17:45:00+00:00,58357.6,58357.6,58327.5,58347.1,29.588,45.144049209624484,-13.839684599646716,-13.586855176063917,-0.25282942358279925,47.17935919502874
2026-06-30 17:46:00+00:00,58347.1,58354.4,58320.8,58336.2,19.063,43.74930628180741,-15.15898255330103,-13.901280651511339,-1.2577019017896909,46.2094049668123
2026-06-30 17:47:00+00:00,58336.2,58336.2,58302.3,58302.3,27.873,39.64671074517342,-18.724142117527663,-14.865852944714604,-3.858289172813059,45.33016175489672
2026-06-30 17:48:00+00:00,58302.3,58320.3,58289.2,58320.2,38.679,42.70208468183235,-19.876057535453583,-15.867893862862399,-4.008163672591184,44.31372162954737
2026-06-30 17:49:00+00:00,58320.2,58329.0,58293.1,58300.2,25.777,40.250236846652584,-22.147489187271276,-17.123812927744176,-5.0236762595271,43.71274151315124
2026-06-30 17:50:00+00:00,58300.2,58325.6,58295.5,58314.2,22.573,42.72914713701069,-22.557898724313418,-18.210630087058025,-4.347268637255393,42.740402833640324
2026-06-30 17:51:00+00:00,58314.2,58351.9,58310.0,58344.1,14.856,47.71804148080254,-20.237189401770593,-18.61594195000054,-1.6212474517700528,42.680374059808976
2026-06-30 17:52:00+00:00,58344.1,58379.6,58341.3,58376.9,22.692,52.59635524052323,-15.571822389501904,-18.007118037900813,2.4352956483989097,42.36749019839374
2026-06-30 17:53:00+00:00,58376.9,58391.4,58375.6,58384.2,20.953,53.633305015285075,-11.156827466620598,-16.63705992364477,5.480232457024172,40.469812327080106
2026-06-30 17:54:00+00:00,58384.2,58384.2,58363.5,58378.7,12.11,52.6979759411622,-8.009388966172992,-14.911525732150414,6.902136765977422,39.0576828751456
2026-06-30 17:55:00+00:00,58378.7,58378.8,58354.3,58375.2,7.662,52.0755980189208,-5.731374312359549,-13.07549544819224,7.344121135832692,38.01784838406377
2026-06-30 17:56:00+00:00,58375.2,58412.0,58375.2,58383.8,39.449,53.52793470403344,-3.1952503036736744,-11.099446419288528,7.9041961156148535,37.93085921377371
2026-06-30 17:57:00+00:00,58383.8,58408.5,58383.8,58401.6,14.98,56.468434320892825,0.2480975698417751,-8.829937621462467,9.078035191304242,36.98579784136109
2026-06-30 17:58:00+00:00,58401.6,58406.6,58382.9,58401.3,23.466,56.403657093863366,2.9191182961585582,-6.480126437938262,9.39924473409682,36.036812281263664
2026-06-30 17:59:00+00:00,58401.3,58405.6,58387.4,58400.8,8.948,56.2877622744577,4.938646007132775,-4.196371948924055,9.13501795605683,34.76275426117319
2026-06-30 18:00:00+00:00,58400.8,58470.0,58392.0,58442.2,57.249,63.056528069655606,9.767180299124448,-1.4036614993143544,11.170841798438802,37.85112895680368
2026-06-30 18:01:00+00:00,58442.2,58442.2,58373.7,58391.3,39.317,52.32794738041259,9.37851422818494,0.7527736461855046,8.625740581999436,40.0403340313177
2026-06-30 18:02:00+00:00,58391.3,58445.6,58391.3,58417.3,24.003,56.407944136235464,11.041200192797987,2.8104589555080013,8.230741237289987,41.05888160050898
2026-06-30 18:03:00+00:00,58417.3,58417.3,58352.0,58357.2,14.375,46.50091816409297,7.4237467440689215,3.7331165132201853,3.690630230848736,42.790390057615696
2026-06-30 18:04:00+00:00,58357.2,58377.7,58350.4,58371.4,17.294,48.78947051752257,5.637721999410132,4.114037610458174,1.523684388951958,41.68393362492855
2026-06-30 18:05:00+00:00,58371.4,58371.4,58329.1,58342.6,17.395,44.620421349702546,1.8767314216966042,3.6665763727058605,-1.7898449510092562,41.72793836600529
2026-06-30 18:06:00+00:00,58342.6,58365.9,58332.1,58354.0,38.774,46.566764588221716,-0.18189916109258775,2.896881265946171,-3.0787804270387586,41.16165705414797
2026-06-30 18:07:00+00:00,58354.0,58439.2,58353.9,58432.8,144.067,57.647222931515174,4.4933264411229175,3.21617030098152,1.2771561401413973,44.31439583599423
2026-06-30 18:08:00+00:00,58432.8,58439.3,58410.8,58423.2,39.77,56.120372495286944,7.339234517603472,4.040783144305911,3.2984513732975618,43.18479613342322
2026-06-30 18:09:00+00:00,58423.2,58457.8,58423.1,58451.5,22.555,59.52380883075873,11.742846434870444,5.581195802418817,6.161650632451627,42.578739266750446
2026-06-30 18:10:00+00:00,58451.5,58454.9,58427.2,58427.2,15.838,55.54028581521966,13.120686581620248,7.089093958259103,6.031592623361145,41.51597217626858
2026-06-30 18:11:00+00:00,58427.2,58439.8,58406.3,58430.7,9.678,55.99706334640646,14.329869755492837,8.53724911770585,5.792620637786987,40.94340273510654
2026-06-30 18:12:00+00:00,58430.7,58437.9,58404.1,58437.9,10.565,56.976316087959674,15.68829110533261,9.967457515231201,5.7208335901014085,40.43315968259913
2026-06-30 18:13:00+00:00,58437.9,58477.1,58437.9,58443.9,38.968,57.81875033596769,17.052429871102504,11.384451986405463,5.6679778846970414,40.34507684812756
2026-06-30 18:14:00+00:00,58443.9,58457.3,58438.6,58452.1,9.322,59.000311644086835,18.581000928366848,12.82376177479774,5.757239153569108,38.79899993040448
2026-06-30 18:15:00+00:00,58452.1,58460.0,58409.7,58446.8,16.215,57.87194153712855,19.144058013938775,14.087821022625947,5.0562369913128276,39.6204999353758
2026-06-30 18:16:00+00:00,58446.8,58468.9,58438.6,58441.1,11.812,56.61783567008838,18.912332847205107,15.052723387541779,3.8596094596633286,38.95474993999202
2026-06-30 18:17:00+00:00,58441.1,58529.9,58434.6,58502.7,55.95,65.35542975501109,23.429216743956204,16.728022058824664,6.70119468513154,42.97941065856423
2026-06-30 18:18:00+00:00,58502.7,58579.8,58502.6,58568.6,85.837,71.88040779112605,31.958066329796566,19.774030913019043,12.184035416777522,45.42373846866709
2026-06-30 18:19:00+00:00,58568.6,58681.1,58538.8,58625.0,153.884,76.03965974695676,42.77516425227077,24.37425758086939,18.40090667140138,52.34347143519056
2026-06-30 18:20:00+00:00,58625.0,58625.0,58576.8,58599.0,43.699,70.83789411978188,48.68855818865268,29.237117702426048,19.45144048622663,52.0475091898196
2026-06-30 18:21:00+00:00,58599.0,58599.1,58570.1,58581.7,32.928,67.52772507275792,51.3866467919288,33.667023520326595,17.719623271602202,50.40125853340391
2026-06-30 18:22:00+00:00,58581.7,58582.1,58542.7,58557.2,31.195,63.0353755321297,50.960515107406536,37.12572183774258,13.834793269663955,49.61545435244659
2026-06-30 18:23:00+00:00,58557.2,58578.5,58536.5,58536.5,14.111,59.437540891881866,48.3946225898253,39.37950198815913,9.015120601666176,49.07149332727183
2026-06-30 18:24:00+00:00,58536.5,58536.5,58406.0,58406.1,96.344,42.846761574864416,35.43052306647587,38.58970620382247,-3.159183137346602,54.8878152324667
2026-06-30 18:25:00+00:00,58406.1,58470.4,58400.5,58452.9,36.49,48.412275461864944,28.60303172406566,36.59237130787111,-7.989339583805453,55.96011414443347
2026-06-30 18:26:00+00:00,58452.9,58473.8,58445.7,58473.8,15.468,50.7201841391867,24.59513358714321,34.19292376372553,-9.597790176582322,53.97010599126007
2026-06-30 18:27:00+00:00,58473.8,58480.3,58465.2,58479.2,10.893,51.326083780185385,21.605525262348237,31.675444063450072,-10.069918801101835,51.19366984902762
2026-06-30 18:28:00+00:00,58479.2,58517.8,58471.6,58502.2,25.47,53.92456635991073,20.851780560449697,29.510711362849996,-8.658930802400299,50.83697914552596
2026-06-30 18:29:00+00:00,58502.2,58519.8,58487.3,58509.7,25.483,54.772466168692844,20.62190330898011,27.732949752076017,-7.111046443095908,49.52719492084553
2026-06-30 18:30:00+00:00,58509.7,58543.2,58478.1,58479.5,56.128,50.72461765508963,17.797675795052783,25.74589496067137,-7.948219165618589,50.63953814078503
2026-06-30 18:31:00+00:00,58479.5,58485.3,58464.6,58478.6,21.289,50.604592538217965,15.310344542886014,23.6587848771143,-8.348440334228286,48.50099970215784
2026-06-30 18:32:00+00:00,58478.6,58505.6,58478.5,58486.4,11.669,51.67190073977799,13.809326102666091,21.68889312222466,-7.879567019558568,46.97235686628932
2026-06-30 18:33:00+00:00,58486.4,58486.5,58454.8,58467.5,18.602,48.91394164604479,10.968250958874705,19.54476468955467,-8.576513730679963,45.88147423298273
2026-06-30 18:34:00+00:00,58467.5,58467.5,58436.5,58450.0,8.297,46.44217827451053,7.221331675740657,17.080078086791865,-9.858746411051207,44.81851178776968
2026-06-30 18:35:00+00:00,58450.0,58471.3,58438.0,58464.1,14.496,48.69188565164319,5.328203101482359,14.729703089729963,-9.401499988247604,43.99576094578634
2026-06-30 18:36:00+00:00,58464.1,58471.4,58413.4,58418.2,13.676,42.44193536337778,0.12272398374625482,11.808307268533222,-11.685583284786967,44.99606373537303
2026-06-30 18:37:00+00:00,58418.2,58432.6,58414.8,58427.6,26.087,44.02647277042755,-3.2071838604533696,8.805209042735903,-12.012392903189273,43.05348775427465
2026-06-30 18:38:00+00:00,58427.6,58427.6,58373.8,58392.6,27.125,39.64963561738831,-8.571559705786058,5.32985529303151,-13.901414998817568,43.82109577182615
2026-06-30 18:39:00+00:00,58392.6,58402.6,58375.4,58383.7,12.23,38.59881846774733,-13.386708191945218,1.5865425960361645,-14.973250787981382,42.63387464526693
2026-06-30 18:40:00+00:00,58383.7,58415.3,58360.1,58399.1,89.748,41.488465751332996,-15.778215317091963,-1.886408986589461,-13.8918063305025,43.53145502774817
2026-06-30 18:41:00+00:00,58399.1,58408.4,58385.2,58395.9,18.236,41.056091670209746,-17.727365169361292,-5.054600223143828,-12.672764946217464,42.07920824005219
2026-06-30 18:42:00+00:00,58395.9,58438.1,58393.9,58438.1,11.985,48.65540217020058,-15.686073855111317,-7.1808949495373255,-8.505178905573992,42.23069336576254
2026-06-30 18:43:00+00:00,58438.1,58442.8,58425.3,58432.4,7.769,47.75973985537958,-14.362713721668115,-8.617258703963483,-5.745455017704632,40.46421526820807
2026-06-30 18:44:00+00:00,58432.4,58437.3,58421.4,58437.2,3.713,48.61752655196588,-12.779309472141904,-9.449668857599168,-3.329640614542736,38.70962846333617
2026-06-30 18:45:00+00:00,58437.2,58478.4,58437.2,58444.3,23.712,49.927242979059194,-10.82673566442827,-9.725082218964989,-1.1016534454632811,38.88751214452676
2026-06-30 18:46:00+00:00,58444.3,58470.6,58440.4,58462.4,21.611,53.20210845112786,-7.729685123747913,-9.326002799921573,1.5963176761736602,38.26697556277464
2026-06-30 18:47:00+00:00,58462.4,58538.8,58462.3,58530.8,37.764,63.03971557942343,0.24127681124809897,-7.412546877687639,7.653823688935738,40.99790587971931
2026-06-30 18:48:00+00:00,58530.8,58573.6,58522.8,58566.0,42.007,66.89636464900062,9.291560073012079,-4.071725487547695,13.363285560559774,41.69805545973905
2026-06-30 18:49:00+00:00,58566.0,58591.2,58549.9,58591.2,23.769,69.3612063894817,18.28660752797441,0.39994111555672607,17.886666412417686,41.66962292690023
2026-06-30 18:50:00+00:00,58591.2,58600.0,58557.6,58583.0,34.36,67.5974378943798,24.471483938243182,5.214249680094018,19.257234258149165,41.72179271783603
2026-06-30 18:51:00+00:00,58583.0,58613.7,58573.7,58606.3,33.216,69.93674727553064,30.896996978335665,10.350799139742348,20.546197838593315,41.598807523704885
2026-06-30 18:52:00+00:00,58606.3,58629.2,58606.3,58619.0,40.013,71.15897325643569,36.59223372508859,15.599086056811597,20.993147668276993,40.2631784148684
2026-06-30 18:53:00+00:00,58619.0,58650.7,58608.6,58645.1,107.158,73.53981178685638,42.719359566843195,21.023140758817917,21.69621880802528,40.39437995666341
2026-06-30 18:54:00+00:00,58645.1,58666.3,58614.2,58621.6,200.945,68.08961548114716,45.15834010307299,25.85018062766893,19.308159475404057,41.23049567404501
2026-06-30 18:55:00+00:00,58621.6,58656.9,58621.6,58634.5,23.043,69.42900157351448,47.58365716019034,30.196875934173214,17.386781226017128,40.80688884018486
2026-06-30 18:56:00+00:00,58634.5,58634.5,58611.1,58614.6,30.201,64.9032740572015,47.354106054968724,33.628321958332315,13.72578409663641,39.56353963731461
2026-06-30 18:57:00+00:00,58614.6,58631.0,58601.6,58631.0,29.914,66.82266915481736,47.942872498970246,36.4912320664599,11.451640432510345,38.83757252036367
2026-06-30 18:58:00+00:00,58631.0,58659.8,58631.0,58650.3,15.984,68.97314087118968,49.39740036821604,39.07246572681113,10.324934641404909,38.12060305462362
2026-06-30 18:59:00+00:00,58650.3,58675.8,58643.9,58655.6,39.401,69.55670315824901,50.39684641542408,41.33734186453372,9.05950455089036,37.676274265007756
2026-06-30 19:00:00+00:00,58655.6,58655.6,58613.8,58627.3,55.143,62.768054664629936,48.34801529667311,42.7394765509616,5.608538745711513,37.97082610322117
2026-06-30 19:01:00+00:00,58627.3,58679.5,58627.3,58649.2,33.929,65.56859266444019,47.93883974441269,43.77934918965182,4.159490554760872,38.98719566727659
2026-06-30 19:02:00+00:00,58649.2,58710.4,58614.6,58629.8,117.904,61.17856434921336,45.52437069641746,44.128353491004944,1.3960172054125195,43.04525311961418
2026-06-30 19:03:00+00:00,58629.8,58676.7,58598.0,58651.0,99.638,64.01402453217311,44.805064511274395,44.263695695058836,0.5413688162155594,45.59202075392725
2026-06-30 19:04:00+00:00,58651.0,58651.0,58600.0,58624.6,22.282,58.30322052944914,41.62492360255419,43.73594127655791,-2.111017674003719,45.97830498578959
2026-06-30 19:05:00+00:00,58624.6,58624.7,58568.4,58580.1,39.35,50.17733850685643,35.1091445589409,42.01058193303451,-6.901437374093611,46.71556891537574
2026-06-30 19:06:00+00:00,58580.1,58594.7,58560.9,58576.9,30.194,49.64154443613516,29.348814601027698,39.47822846663315,-10.12941386560545,45.79302827856288
2026-06-30 19:07:00+00:00,58576.9,58673.4,58576.9,58651.7,25.68,60.31011869415156,30.468227715471585,37.67622831640084,-7.208000600929253,49.414954830094096
2026-06-30 19:08:00+00:00,58651.7,58680.4,58651.1,58655.7,20.885,60.78851775505109,31.31713283116551,36.404409219353774,-5.087276388188265,47.97817234223044
2026-06-30 19:09:00+00:00,58655.7,58677.9,58641.7,58662.7,20.299,61.65946415557616,32.18374358754954,35.56027609299293,-3.376532505443386,47.13687431778572
2026-06-30 19:10:00+00:00,58662.7,58662.7,58591.6,58596.3,40.447,50.25634222202059,27.19907972332294,33.88803681905893,-6.688957095735994,48.848526152229496
2026-06-30 19:11:00+00:00,58596.3,58600.0,58569.5,58584.0,33.199,48.46819773336294,22.0025586932461,31.510941193896365,-9.508382500650264,47.537917141355955
2026-06-30 19:12:00+00:00,58584.0,58608.3,58578.1,58579.6,16.117,47.81282497567312,17.32947174725996,28.674647304569085,-11.345175557309126,46.29949448840227
2026-06-30 19:13:00+00:00,58579.6,58620.2,58579.6,58591.8,38.124,49.83815971715916,14.44395380669448,25.828508604994163,-11.384554798299682,45.89238773923057
2026-06-30 19:14:00+00:00,58591.8,58630.0,58586.0,58630.0,17.805,55.642918807827435,15.065910362594877,23.675988956514306,-8.610078593919429,45.757217186428385
2026-06-30 19:15:00+00:00,58630.0,58637.3,58586.7,58598.2,37.893,50.41292607607992,12.844754839570669,21.509742133125577,-8.664987293554908,46.103130244541056
2026-06-30 19:16:00+00:00,58598.2,58613.9,58572.2,58594.6,51.575,49.841783130065366,10.670974816239323,19.341988669748325,-8.671013853509002,45.78862094135986
2026-06-30 19:17:00+00:00,58594.6,58649.9,58594.6,58619.7,53.473,53.774063991993415,10.848543461026566,17.643299628003973,-6.7947561669774075,46.46800515983436
2026-06-30 19:18:00+00:00,58619.7,58633.7,58605.3,58612.8,50.097,52.554313887537376,10.313606718780647,16.17736104615931,-5.863754327378661,45.17743336270292
2026-06-30 19:19:00+00:00,58612.8,58641.8,58585.7,58626.1,60.306,54.68784957349895,10.837931416805077,15.109475120288462,-4.271543703483385,45.957616693938846
2026-06-30 19:20:00+00:00,58626.1,58632.6,58585.6,58608.5,31.962,51.39430256006686,9.721229326460161,14.031825961522802,-4.310596635062641,46.03207264437179
2026-06-30 19:21:00+00:00,58608.5,58626.0,58560.6,58562.8,30.957,43.98662781959934,5.089952995549538,12.243451368328149,-7.153498372778611,47.41549602691676
2026-06-30 19:22:00+00:00,58562.8,58598.3,58555.1,58598.2,32.837,49.998647890288126,4.227386605285574,10.640238415719633,-6.412851810434059,47.11438916785159
2026-06-30 19:23:00+00:00,58598.2,58609.2,58571.4,58594.0,22.065,49.32224992316874,3.1683686459000455,9.145864461755716,-5.97749581585567,46.449075655861876
2026-06-30 19:24:00+00:00,58594.0,58594.0,58555.1,58586.9,30.872,48.13671533842508,1.7361651888786582,7.663924607180304,-5.927759418301646,45.909855966157565
2026-06-30 19:25:00+00:00,58586.9,58607.2,58580.0,58600.6,21.884,50.603950075837766,1.6871605978885782,6.468571805321959,-4.781411207433381,44.57343768286039
2026-06-30 19:26:00+00:00,58600.6,58605.2,58567.1,58580.4,20.263,47.049891628151904,0.01814377477421658,5.1784861992124105,-5.160342424438194,44.111049276941685
2026-06-30 19:27:00+00:00,58580.4,58624.3,58580.4,58613.1,26.165,52.82586472483746,1.3188497535302304,4.406558910075974,-3.0877091565457437,44.09597432858881
2026-06-30 19:28:00+00:00,58613.1,58621.8,58594.9,58621.6,11.346,54.22369642560189,3.0009544405547786,4.125438016171735,-1.1244835756169564,42.86769044797543
2026-06-30 19:29:00+00:00,58621.6,58655.2,58607.3,58653.6,85.601,59.13319722625854,6.837350369816704,4.6678204869007285,2.1695298829159757,43.227141130262474
2026-06-30 19:30:00+00:00,58653.6,58692.3,58632.8,58692.3,81.772,64.14194349512474,12.852334640658228,6.304723317652228,6.547611323006,44.38948819238658
2026-06-30 19:31:00+00:00,58692.3,58750.0,58687.7,58737.1,84.955,68.89468985941537,20.99225297661178,9.242229249444138,11.750023727167642,45.668810464359176
2026-06-30 19:32:00+00:00,58737.1,58768.0,58676.4,58702.1,65.242,61.98269995881744,24.33843112613249,12.261469624781808,12.076961501350683,48.949609716904845
2026-06-30 19:33:00+00:00,58702.1,58747.8,58702.1,58730.7,46.842,65.06686480221656,28.96420111648331,15.602015923122108,13.362185193361201,48.71749473712624
2026-06-30 19:34:00+00:00,58730.7,58756.0,58718.3,58756.0,18.864,67.5729879951296,34.27653713608743,19.33692016571517,14.939616970372256,47.9305308273313
2026-06-30 19:35:00+00:00,58756.0,58795.8,58755.9,58759.1,111.941,67.87708050029366,38.29530140060524,23.128596412693184,15.166704987912055,47.356921482522026
2026-06-30 19:36:00+00:00,58759.1,58767.5,58723.1,58758.4,26.486,67.7226426633165,40.95165173434361,26.69320747702327,14.258444257320342,47.14571280519913
2026-06-30 19:37:00+00:00,58758.4,58758.4,58737.2,58744.5,10.435,64.58044823210417,41.45732049457001,29.64603008053262,11.811290414037394,45.29244760482808
2026-06-30 19:38:00+00:00,58744.5,58767.8,58732.0,58732.3,11.311,61.86720117300292,40.40783225264022,31.79839051495414,8.60944173768608,44.614415633054854
2026-06-30 19:39:00+00:00,58732.3,58732.3,58710.4,58723.1,11.787,59.82597671413822,38.39119237930572,33.11695088782446,5.274241491481263,42.99195737355104
2026-06-30 19:40:00+00:00,58723.1,58737.3,58713.5,58713.8,14.633,57.75166228632783,35.63181706681644,33.61992412362285,2.011892943193587,41.62110327544046
2026-06-30 19:41:00+00:00,58713.8,58713.8,58665.0,58690.1,90.632,52.73374512858394,31.173254448003718,33.13059018849903,-1.95733574049531,42.13388161290921
2026-06-30 19:42:00+00:00,58690.1,58739.3,58690.0,58739.3,27.647,60.42180003757234,31.249614168904372,32.754394984580095,-1.5047808156757227,42.64574721198733
2026-06-30 19:43:00+00:00,58739.3,58746.3,58702.8,58710.8,44.443,54.855694432694534,28.679814928371343,31.939478973338346,-3.2596640449670033,42.70676526827395
2026-06-30 19:44:00+00:00,58710.8,58732.8,58710.7,58732.8,35.131,58.06696283353584,28.09458971224376,31.17050112111943,-3.075911408875669,41.234853463397656
2026-06-30 19:45:00+00:00,58732.8,58751.6,58692.0,58707.0,56.147,53.28040960945862,25.257794004879543,29.987959697871453,-4.7301656929919105,42.54664964458344
2026-06-30 19:46:00+00:00,58707.0,58749.7,58690.9,58749.6,23.627,59.253015184697944,26.145685755458544,29.21950490938887,-3.0738191539303266,43.707603241398594
2026-06-30 19:47:00+00:00,58749.6,58764.6,58741.9,58745.5,21.058,58.47816544853005,26.216305380497943,28.618865003610686,-2.4025596231127437,42.20706015272706
2026-06-30 19:48:00+00:00,58745.5,58757.7,58731.0,58752.6,14.987,59.466669602356944,26.539254598057596,28.202942922500068,-1.6636883244424716,41.09941299896064
2026-06-30 19:49:00+00:00,58752.6,58823.4,58752.5,58793.6,168.688,64.69379789416415,29.760491112130694,28.514452560426193,1.2460385517045012,43.22802635617784
2026-06-30 19:50:00+00:00,58793.6,58793.6,58709.2,58728.6,93.225,53.02016286222469,26.759915832699335,28.16354521488082,-1.4036293821814851,46.16888161645096
2026-06-30 19:51:00+00:00,58728.6,58749.3,58674.3,58674.3,24.086,45.61518065498478,19.77245752736053,26.485327677376763,-6.712870150016233,48.22824721527589
2026-06-30 19:52:00+00:00,58674.3,58716.8,58664.9,58716.3,40.996,51.28278540553711,17.4230533562004,24.67287281314149,-7.24981945694109,48.490515271327716
2026-06-30 19:53:00+00:00,58716.3,58764.2,58702.6,58722.1,52.769,52.02629826221258,15.846476830578467,22.907593616628883,-7.061116786050416,49.426907037661344
2026-06-30 19:54:00+00:00,58722.1,58742.4,58709.5,58728.3,41.021,52.8546096802862,14.925267565995455,21.3111284065022,-6.385860840506744,48.2464136778285
2026-06-30 19:55:00+00:00,58728.3,58757.0,58724.0,58740.1,17.386,54.46600168926984,14.974744437720801,20.043851612745918,-5.069107175025117,47.15738412941217
2026-06-30 19:56:00+00:00,58740.1,58762.7,58739.6,58758.6,25.662,56.95031492523842,16.31863948607497,19.298809187411727,-2.980169701336756,45.43899954873977
2026-06-30 19:57:00+00:00,58758.6,58782.5,58754.1,58766.2,35.147,57.96494728626767,17.791849116707454,18.997417173270872,-1.2055680565634184,44.221928152401325
2026-06-30 19:58:00+00:00,58766.2,58799.1,58755.4,58761.3,38.579,57.03164611897338,18.35243388012168,18.868420514641034,-0.5159866345193542,44.18464757008674
2026-06-30 19:59:00+00:00,58761.3,58811.3,58748.5,58793.5,44.566,61.42691286354782,21.151154889863392,19.324967389685504,1.8261875001778876,45.51431560079504
2026-06-30 20:00:00+00:00,58793.5,58793.5,58714.8,58717.4,83.304,48.73815582824449,17.03219095287932,18.86641210232427,-1.83422114944495,47.88472162930947
2026-06-30 20:01:00+00:00,58717.4,58765.0,58711.9,58765.0,12.643,54.99971685642561,17.40813441019418,18.57475656389825,-1.166622153704072,48.25724151293012
2026-06-30 20:02:00+00:00,58765.0,58811.1,58751.5,58801.9,17.175,59.163960258333134,20.44788345042616,18.949381941203832,1.4985015092223293,49.06743854772072
2026-06-30 20:03:00+00:00,58801.9,58807.9,58760.8,58765.8,25.452,53.908137551534644,19.7166568186949,19.102836916702046,0.613819901992855,48.92690722288342
2026-06-30 20:04:00+00:00,58765.8,58793.5,58749.1,58793.5,16.031,57.060240061777236,21.128753824392334,19.508020298240105,1.6207335261522289,48.60355670696328
2026-06-30 20:05:00+00:00,58793.5,58806.2,58764.2,58785.7,12.698,55.90094302185089,21.372091890683805,19.880834616728844,1.491257273954961,48.13187408503733
2026-06-30 20:06:00+00:00,58785.7,58789.8,58757.0,58760.9,18.568,52.26502520555073,19.340837191732135,19.7728351317295,-0.43199793999736613,47.03674022182059
2026-06-30 20:07:00+00:00,58760.9,58792.5,58760.9,58770.4,32.627,53.51237676510369,18.286824681825237,19.475633041748647,-1.18880835992341,45.934115920261874
2026-06-30 20:08:00+00:00,58770.4,58777.2,58742.5,58777.2,28.241,54.430283371411704,17.79508468480344,19.139523370359605,-1.3444386855561632,45.131679068814385
2026-06-30 20:09:00+00:00,58777.2,58822.6,58777.1,58822.0,32.976,60.02980814520124,20.780814491306955,19.467781594549074,1.313032896757882,45.15798770675622
2026-06-30 20:10:00+00:00,58822.0,58860.0,58803.6,58848.3,64.785,62.911062828100384,24.981248789939855,20.57047503362723,4.410773756312626,45.96098858484516
2026-06-30 20:11:00+00:00,58848.3,58848.3,58768.5,58806.3,33.023,55.97209031369916,24.637073396683263,21.383794706238437,3.2532786904448265,48.378060828785
2026-06-30 20:12:00+00:00,58806.3,58834.5,58806.3,58822.1,27.55,57.8553203900139,25.347054802005005,22.17644672539175,3.170608076613256,46.93677076958586
2026-06-30 20:13:00+00:00,58822.1,58846.2,58812.2,58839.7,11.155,59.9122852757983,27.01844131839607,23.144845643992614,3.8735956744034574,46.012715714615446
2026-06-30 20:14:00+00:00,58839.7,58840.0,58834.0,58840.0,6.405,59.94816918628027,28.043961337585642,24.12466878271122,3.919292554874424,43.154664592142915
2026-06-30 20:15:00+00:00,58840.0,58840.0,58815.0,58834.8,17.04,58.96294647302533,28.113027320279798,24.922340490224933,3.190686830054865,41.857902835561276
2026-06-30 20:16:00+00:00,58834.8,58834.8,58805.2,58816.8,28.111,55.5591179123015,26.410865029567503,25.220045398093447,1.1908196314740565,40.98233834730731
2026-06-30 20:17:00+00:00,58816.8,58839.9,58788.2,58788.2,91.343,50.564393674185105,22.494802094908664,24.67499673745649,-2.180194642547825,41.74788560821424
2026-06-30 20:18:00+00:00,58788.2,58805.4,58760.2,58770.0,25.408,47.629946438337555,17.71845874615974,23.28368913919714,-5.5652303930374,41.99446520762782
2026-06-30 20:19:00+00:00,58770.0,58787.3,58730.9,58732.4,23.242,42.18336655036329,10.774959441630926,20.781943199683898,-10.006983758052971,43.02343197851165
2026-06-30 20:20:00+00:00,58732.4,58741.0,58704.5,58706.7,26.027,38.90832870512912,3.161961873222026,17.257946934391523,-14.095985061169497,42.5574725514751
2026-06-30 20:21:00+00:00,58706.7,58709.5,58669.0,58700.7,45.672,38.163382761431556,-3.3173035934596555,13.142896828821286,-16.46020042228094,42.41051022636974
2026-06-30 20:22:00+00:00,58700.7,58719.2,58668.4,58689.7,20.921,36.773299232695344,-9.233340029255487,8.66764945720593,-17.90098948646142,43.009759495914444
2026-06-30 20:23:00+00:00,58689.7,58720.0,58684.3,58710.1,12.521,41.06094932673693,-12.13583763531642,4.50695203870146,-16.64278967401788,42.48763381763463
2026-06-30 20:24:00+00:00,58710.1,58722.9,58696.0,58696.0,13.698,39.08791366590642,-15.396360402053688,0.5262895505504304,-15.922649952604118,41.3742314020894
2026-06-30 20:25:00+00:00,58696.0,58699.9,58682.2,58699.6,19.332,39.882200016403,-17.488264445484674,-3.0766212486565907,-14.411643196828084,39.68321487336904
2026-06-30 20:26:00+00:00,58699.6,58715.8,58699.5,58706.4,8.917,41.43565269121666,-18.38547400150128,-6.138391799225529,-12.24708220227575,38.012985239557175
2026-06-30 20:27:00+00:00,58706.4,58720.7,58702.5,58720.7,9.619,44.6733844162888,-17.738154149359616,-8.458344269252347,-9.279809880107269,36.59777200816003
2026-06-30 20:28:00+00:00,58720.7,58734.3,58720.6,58720.7,10.043,44.6733844162888,-17.028850514208898,-10.172445518243658,-6.8564049959652404,34.96221686472034
2026-06-30 20:29:00+00:00,58720.7,58720.7,58699.9,58719.0,31.945,44.33544343527945,-16.41467985403142,-11.42089238540121,-4.9937874686302095,33.95062994581143
2026-06-30 20:30:00+00:00,58719.0,58719.0,58672.9,58680.1,48.751,37.369301101273464,-18.849564039323013,-12.90662671618557,-5.942937323137443,34.81844209253908
2026-06-30 20:31:00+00:00,58680.1,58680.1,58653.4,58653.5,36.575,33.493843477912904,-22.66436430939939,-14.858174234828335,-7.806190074571054,34.23855337164322
2026-06-30 20:32:00+00:00,58653.5,58653.5,58622.3,58649.5,36.519,32.940617216963744,-25.71397290493769,-17.029333968850207,-8.684638936087484,34.02151384509707
2026-06-30 20:33:00+00:00,58649.5,58670.2,58644.8,58664.0,14.306,37.00273217482676,-26.65353550366126,-18.954174275812417,-7.6993612278488435,33.40569142758972
2026-06-30 20:34:00+00:00,58664.0,58681.0,58648.6,58681.0,8.531,41.47855897150698,-25.729790696350392,-20.30929755992001,-5.42049313643038,33.33385632561913
2026-06-30 20:35:00+00:00,58681.0,58681.0,58663.1,58669.1,4.144,39.36993574108478,-25.66212977100804,-21.379864002137616,-4.282265768870424,32.231438016646436
2026-06-30 20:36:00+00:00,58669.1,58688.1,58667.3,58667.3,5.137,39.04658887677579,-25.460262894783227,-22.195943780666738,-3.264319114116489,31.414906729742807
2026-06-30 20:37:00+00:00,58667.3,58680.3,58644.9,58659.7,56.599,37.640898411968706,-25.618227445957018,-22.880400513724794,-2.737826932232224,31.699556249046996
2026-06-30 20:38:00+00:00,58659.7,58694.5,58659.7,58676.5,8.866,42.56329383571518,-24.109872294357046,-23.126294869851243,-0.9835774245058033,31.92101651697242
2026-06-30 20:39:00+00:00,58676.5,58686.9,58675.7,58681.8,10.785,44.06340669189475,-22.230564157980552,-22.947148727477106,0.716584569496554,30.44094390861756
2026-06-30 20:40:00+00:00,58681.8,58720.3,58669.3,58676.7,21.1,42.90224313689654,-20.911669587796496,-22.540052899540985,1.6283833117444892,31.909447915144877
2026-06-30 20:41:00+00:00,58676.7,58689.4,58676.6,58685.2,2.637,45.4809220035328,-18.961975328107656,-21.82443738525432,2.862462057146665,30.544487349777594
2026-06-30 20:42:00+00:00,58685.2,58685.2,58652.5,58675.4,40.505,43.06599223399331,-18.00011258529412,-21.05957242526228,3.059459839968163,30.69845253907899
2026-06-30 20:43:00+00:00,58675.4,58684.6,58672.6,58684.2,3.713,45.846615360162474,-16.33939262912463,-20.11553646603475,3.7761438369101192,29.362848786287632
2026-06-30 20:44:00+00:00,58684.2,58684.2,58631.6,58631.6,14.707,34.88073012189362,-19.0480662517366,-19.90204242317512,0.8539761714385214,31.022645301552696
2026-06-30 20:45:00+00:00,58631.6,58646.6,58620.1,58642.3,25.054,38.122994481802166,-20.099613206759386,-19.941556579891973,-0.15805662686741329,30.699599208584647
2026-06-30 20:46:00+00:00,58642.3,58660.6,58635.2,58655.4,12.576,41.934769468217034,-19.649405115029367,-19.883126286919452,0.23372117189008534,30.32105640797156
2026-06-30 20:47:00+00:00,58655.4,58763.6,58655.4,58750.3,70.273,60.78245336338035,-11.50238276264281,-18.206977582064123,6.704594819421313,35.88383809311624
2026-06-30 20:48:00+00:00,58750.3,58754.1,58708.9,58714.5,77.715,53.70095237315159,-7.844147212912503,-16.1344115082338,8.290264295321297,36.54927822932201
2026-06-30 20:49:00+00:00,58714.5,58772.6,58700.0,58702.7,54.343,51.56833063649009,-5.829926799728128,-14.073514566532666,8.243587766804538,39.12432978437034
2026-06-30 20:50:00+00:00,58702.7,58714.4,58698.7,58710.5,4.99,52.89986170605931,-3.563173748945701,-11.971446403015273,8.408272654069572,37.451163371201346
2026-06-30 20:51:00+00:00,58710.5,58710.5,58655.7,58680.4,18.938,47.47550730755488,-4.14776125903154,-10.406709374218526,6.2589481151869855,38.69036598754432
2026-06-30 20:52:00+00:00,58680.4,58689.9,58680.4,58689.9,4.862,49.2444700239911,-3.8006687240922474,-9.08550124419327,5.284832520101023,36.605339845576864
2026-06-30 20:53:00+00:00,58689.9,58693.0,58670.0,58689.4,7.92,49.15064533792635,-3.525303704140242,-7.973461736182665,4.448158032042423,35.63352985660709
2026-06-30 20:54:00+00:00,58689.4,58704.6,58689.3,58704.6,3.841,52.136200434597214,-2.0568518656655215,-6.790139762079237,4.7332878964137155,34.18113486684913
2026-06-30 20:55:00+00:00,58704.6,58718.9,58698.4,58718.9,22.426,54.8235775433506,0.25782523702218896,-5.380546762258952,5.638371999281141,33.20391094778848
2026-06-30 20:56:00+00:00,58718.9,58751.9,58718.8,58751.9,13.986,60.3553981602396,4.700859146680159,-3.3642655804711294,8.06512472715129,33.19648873723206
2026-06-30 20:57:00+00:00,58751.9,58751.9,58726.7,58727.3,13.718,54.953374643381736,6.16590441326116,-1.4582315817246714,7.624135994985831,32.625310970287224
2026-06-30 20:58:00+00:00,58727.3,58744.6,58722.6,58730.8,19.476,55.56277804284539,7.522667463570542,0.33794822733437146,7.1847192362361705,31.86636018669528
2026-06-30 20:59:00+00:00,58730.8,58746.4,58703.0,58703.1,20.899,49.818568628870395,6.290243443567306,1.5284072705809584,4.761836172986348,32.69019160193144
2026-06-30 21:00:00+00:00,58703.1,58726.6,58693.9,58720.4,19.521,53.081032961826146,6.633042363013374,2.5493342890674415,4.083708073945932,32.69089220179327
2026-06-30 21:01:00+00:00,58720.4,58720.4,58710.6,58716.0,4.597,52.15234918259134,6.475029637644184,3.33447335878279,3.1405562788613937,31.055828473093957
2026-06-30 21:02:00+00:00,58716.0,58749.4,58716.0,58736.6,7.638,56.030947696170664,7.920745825598715,4.251727852145975,3.66901797345274,31.223269296444492
2026-06-30 21:03:00+00:00,58736.6,58740.9,58700.0,58700.1,8.059,48.525231333812286,6.051483627263224,4.611679007169425,1.439804620093799,31.914464346698562
2026-06-30 21:04:00+00:00,58700.1,58713.7,58696.2,58697.1,16.575,47.95660666143964,4.278682946212939,4.545079794978127,-0.2663968487651882,30.884859750505807
2026-06-30 21:05:00+00:00,58697.1,58720.3,58652.9,58708.8,163.45,50.3978328863261,3.7743099573926884,4.390925827461039,-0.6166158700683511,33.49308405404121
2026-06-30 21:06:00+00:00,58708.8,58721.9,58680.5,58708.9,17.247,50.419239818043884,3.344111063503078,4.1815628746694475,-0.8374518111663694,34.057863764466944
2026-06-30 21:07:00+00:00,58708.9,58719.3,58694.2,58709.7,17.038,50.60290627192302,3.0327687840981525,3.9518040565551886,-0.9190352724570361,33.418016352719725
2026-06-30 21:08:00+00:00,58709.7,58713.4,58690.2,58690.3,3.238,46.13931679014031,1.2066998326044995,3.4027832117650507,-2.196083379160551,32.688158041811484
2026-06-30 21:09:00+00:00,58690.3,58696.6,58641.5,58644.2,10.824,37.64226266201007,-3.915225412383734,1.9391814869352937,-5.854406899319027,34.2890038959677
2026-06-30 21:10:00+00:00,58644.2,58644.2,58523.3,58535.9,125.703,25.678287607197213,-16.522828092507552,-1.7532204289532756,-14.769607663554277,40.475503617683884
2026-06-30 21:11:00+00:00,58535.9,58578.2,58524.7,58533.7,53.614,25.50097668045657,-26.387783718331775,-6.680133086828976,-19.7076506315028,41.40582478784932
2026-06-30 21:12:00+00:00,58533.7,58560.5,58520.4,58560.5,26.352,31.689064525306303,-31.67813033436687,-11.679732536336555,-19.998397798030314,41.31255158871712
2026-06-30 21:13:00+00:00,58560.5,58560.6,58522.4,58558.3,29.079,31.458065327785327,-35.63748303542525,-16.471282636154292,-19.166200399270956,41.09022647523712
2026-06-30 21:14:00+00:00,58558.3,58579.7,58542.7,58553.6,33.906,30.939181972460467,-38.70834360707522,-20.918694830338477,-17.789648776736744,40.79806744129161
2026-06-30 21:15:00+00:00,58553.6,58614.0,58552.6,58613.9,33.29,43.756909707362354,-35.86291136427462,-23.907538137125705,-11.955373227148918,42.26963405262802
2026-06-30 21:16:00+00:00,58613.9,58614.0,58580.1,58582.4,24.332,39.62003727474816,-35.73771047473565,-26.273572604647693,-9.464137870087956,41.67180304886898
2026-06-30 21:17:00+00:00,58582.4,58589.6,58566.4,58581.5,9.017,39.505117310832404,-35.304146125665284,-28.079687308851213,-7.224458816814071,40.352388545378126
2026-06-30 21:18:00+00:00,58581.5,58600.3,58581.5,58600.3,3.878,43.21062495685989,-33.06241740630503,-29.076233328341978,-3.9861840779630526,38.81293222070847
2026-06-30 21:19:00+00:00,58600.3,58600.3,58576.6,58585.9,10.008,41.132354923048794,-32.0780155047396,-29.6765897636215,-2.4014257411180964,37.73343706208675
2026-06-30 21:20:00+00:00,58585.9,58585.9,58562.9,58570.0,14.601,38.90719773360058,-32.20957509177242,-30.183186829251685,-2.0263882625207366,36.68104870050912
2026-06-30 21:21:00+00:00,58570.0,58574.2,58540.5,58540.5,8.711,35.11193804373919,-34.29886451076891,-31.00632236555513,-3.2925421452137797,36.468116650472545
2026-06-30 21:22:00+00:00,58540.5,58540.6,58500.0,58507.1,86.095,31.379698988885686,-38.20928938877478,-32.446915770199055,-5.762373618575722,36.76325117543869
2026-06-30 21:23:00+00:00,58507.1,58518.0,58477.0,58492.0,107.759,29.835635653808758,-42.04213749105111,-34.365960114369464,-7.676177376681643,37.065876091478785
2026-06-30 21:24:00+00:00,58492.0,58514.3,58479.7,58479.7,37.158,28.601077425601762,-45.547165064155706,-36.60220110432671,-8.944963959828996,36.889742084945006
2026-06-30 21:25:00+00:00,58479.7,58549.7,58479.6,58542.4,115.073,41.81754608125101,-42.77250387426466,-37.8362616583143,-4.936242215950358,39.26190336459168
2026-06-30 21:26:00+00:00,58542.4,58547.8,58519.1,58547.8,18.395,42.799596459267796,-39.68041885228013,-38.205093097107465,-1.475325755172662,38.50748169569259
2026-06-30 21:27:00+00:00,58547.8,58553.7,58542.9,58544.8,6.063,42.37170867419881,-37.04496285098139,-37.97306704788225,0.9281041969008612,36.528375860285664
2026-06-30 21:28:00+00:00,58544.8,58562.5,58542.1,58562.5,4.793,45.81374944663631,-33.14601626477088,-37.00765689125998,3.8616406264890983,35.37634901312251
2026-06-30 21:29:00+00:00,58562.5,58585.9,58562.5,58565.6,9.005,46.4173883973055,-29.46626020702388,-35.49937755441276,6.033117347388881,34.52089551218529
2026-06-30 21:30:00+00:00,58565.6,58591.0,58557.0,58583.0,24.732,49.79789887747664,-24.859428421535995,-33.37138772783741,8.511959306301414,34.48368868988634
2026-06-30 21:31:00+00:00,58583.0,58613.1,58583.0,58603.0,34.653,53.434441300170654,-19.37134735402651,-30.57137965307523,11.200032299048718,34.17056806918007
2026-06-30 21:32:00+00:00,58603.0,58613.0,58578.0,58583.6,8.78,49.675500924902785,-16.39839099226083,-27.73678192091235,11.33839092865152,34.22981320709578
2026-06-30 21:33:00+00:00,58583.6,58587.7,58572.8,58587.7,8.15,50.46853553760901,-13.555209899794136,-24.900467516688707,11.345257616894571,32.84911226373138
2026-06-30 21:34:00+00:00,58587.7,58617.5,58587.6,58617.5,4.673,55.90725780813768,-8.79596306210442,-21.679566625771848,12.883603563667428,32.63846138775067
2026-06-30 21:35:00+00:00,58617.5,58617.5,58598.0,58601.0,13.102,52.47173006024367,-6.283208838140126,-18.600295068245504,12.317086230105378,31.69999986005419
2026-06-30 21:36:00+00:00,58601.0,58637.6,58599.9,58626.2,19.343,56.834509243623046,-2.2326668240566505,-15.326769419407734,13.094102595351083,32.12857129862154
2026-06-30 21:37:00+00:00,58626.2,58638.8,58613.1,58613.2,7.119,54.07679256486211,-0.0707587865399546,-12.275567292834179,12.204808506294224,31.669387634434596
2026-06-30 21:38:00+00:00,58613.2,58622.5,58593.8,58622.4,12.36,55.714470623128555,2.357753308802785,-9.348903172506786,11.70665648130957,31.457288517689058
2026-06-30 21:39:00+00:00,58622.4,58637.3,58622.4,58626.8,7.23,56.51320657913587,4.584561892799684,-6.562210159445492,11.146772052245176,30.274625052139946
2026-06-30 21:40:00+00:00,58626.8,58637.9,58598.2,58608.2,8.147,52.225099498515824,4.79320608946,-4.291126909664394,9.084332999124394,30.947866119844548
2026-06-30 21:41:00+00:00,58608.2,58620.6,58608.2,58615.6,3.359,53.729365317733745,5.492363723999006,-2.334428782931714,7.82679250693072,29.623018539855757
2026-06-30 21:42:00+00:00,58615.6,58625.9,58615.6,58625.9,2.28,55.81477807087927,6.7991981815575855,-0.5077033900338543,7.30690157159144,28.242802929866265
2026-06-30 21:43:00+00:00,58625.9,58627.0,58588.9,58592.0,22.943,48.126669105078975,5.04131408782996,0.6021001055389086,4.439213982291052,28.946888434875714
2026-06-30 21:44:00+00:00,58592.0,58592.1,58548.7,58559.5,80.4,42.13459110954668,1.0140110048450879,0.6844822854001444,0.32952871944494344,29.97925354667041
2026-06-30 21:45:00+00:00,58559.5,58588.5,58558.3,58558.3,6.908,41.92701937686821,-2.2485656100761844,0.09787270630487865,-2.346438316381063,29.99502115047946
2026-06-30 21:46:00+00:00,58558.3,58583.2,58558.2,58574.8,11.725,45.875336418488956,-3.4628513840507367,-0.6142721117662445,-2.8485792722844923,29.638233925445213
2026-06-30 21:47:00+00:00,58574.8,58588.8,58548.2,58550.6,12.443,41.42663124431951,-6.3052365188268595,-1.7524649931783673,-4.552771525648492,30.421217216485257
2026-06-30 21:48:00+00:00,58550.6,58564.3,58544.2,58550.6,14.933,41.426631244319516,-8.460321892009233,-3.0940363729445406,-5.366285519064693,29.683987415308156
2026-06-30 21:49:00+00:00,58550.6,58572.0,58502.0,58559.9,36.336,43.85332704663913,-9.310484826644824,-4.337326063684598,-4.973158762960226,32.563702599929
2026-06-30 21:50:00+00:00,58559.9,58573.9,58559.9,58573.8,13.499,47.36342543811882,-8.7616325979252,-5.222187370532718,-3.5394452273924815,31.237723842791215
2026-06-30 21:51:00+00:00,58573.8,58573.9,58556.4,58565.4,4.189,45.51173729049005,-8.901857973163715,-5.958121491058917,-2.9437364821047973,30.256457854020415
2026-06-30 21:52:00+00:00,58565.4,58593.7,58565.4,58593.7,3.898,52.28054327696752,-6.652725626438041,-6.097042318134742,-0.5556833083032995,30.116710864447217
2026-06-30 21:53:00+00:00,58593.7,58617.9,58593.6,58600.0,8.677,53.6606042318869,-4.312206259324739,-5.740075106372741,1.4278688470480017,29.701231516986912
2026-06-30 21:54:00+00:00,58600.0,58601.5,58578.7,58584.4,13.628,49.81855737004764,-3.673768507207569,-5.326813786539707,1.6530452793321375,29.208286408630915
2026-06-30 21:55:00+00:00,58584.4,58623.5,58584.3,58623.5,10.792,57.945958271346264,-0.012613362305273768,-4.26397370169282,4.2513603393875465,29.921980236585643
2026-06-30 21:56:00+00:00,58623.5,58631.3,58599.2,58599.2,10.153,52.27900003539092,0.9174952368339291,-3.2276799139874703,4.1451751508214,30.07755307682994
2026-06-30 21:57:00+00:00,58599.2,58599.3,58589.7,58595.3,5.091,51.410004546891926,1.3246459029687685,-2.3172147505962224,3.641860653564991,28.614870714199643
2026-06-30 21:58:00+00:00,58595.3,58615.4,58595.3,58607.2,5.115,53.92656781409813,2.577830659603933,-1.3382056685561912,3.916036328160124,28.00666566318528
2026-06-30 21:59:00+00:00,58607.2,58619.7,58607.1,58619.7,2.834,56.476521694831284,4.527444578219729,-0.165075619201007,4.692520197420736,26.906189544386226
2026-06-30 22:00:00+00:00,58619.7,58666.7,58619.7,58650.3,48.113,62.018334608083435,8.44435070160398,1.5568096449599904,6.88754105664399,28.341461719787212
2026-06-30 22:01:00+00:00,58650.3,58672.0,58650.3,58669.5,28.596,65.02733010964928,12.948543810220144,3.8351564780120215,9.113387332208124,27.86707159694506
2026-06-30 22:02:00+00:00,58669.5,58690.5,58658.9,58690.5,12.244,68.01225815722772,18.005121957306983,6.669149573871014,11.33597238343597,28.13370934002031
2026-06-30 22:03:00+00:00,58690.5,58722.2,58669.4,58669.4,29.063,62.26213761358337,20.078451024601236,9.351009864017058,10.727441160584178,29.895587244304263
2026-06-30 22:04:00+00:00,58669.4,58679.6,58656.6,58666.7,11.786,61.54508810167519,21.25865526792768,11.732538944799183,9.526116323128496,29.40304529828253
2026-06-30 22:05:00+00:00,58666.7,58691.2,58661.7,58687.0,5.512,64.82509673197542,23.560426053802075,14.098116366599761,9.462309687202314,29.409970634119496
2026-06-30 22:06:00+00:00,58687.0,58706.9,58685.4,58698.2,9.745,66.52174808149285,25.98876013328845,16.4762451199375,9.512515013350953,28.84497273168239
2026-06-30 22:07:00+00:00,58698.2,58714.8,58692.4,58707.1,7.323,67.84887522942937,28.30510438208148,18.842016972366295,9.463087409715186,28.384617536562324
2026-06-30 22:08:00+00:00,58707.1,58716.3,58705.9,58715.8,6.88,69.13684027288919,30.491355809113884,21.171884739715814,9.31947106939807,27.100001998236547
2026-06-30 22:09:00+00:00,58715.8,58715.8,58678.4,58691.9,7.951,61.81130822934908,29.950198313956207,22.927547454563893,7.022650859392314,27.835716141219756
2026-06-30 22:10:00+00:00,58691.9,58691.9,58641.9,58646.0,14.606,50.70059016046622,25.523363258609606,23.446710615373036,2.076652643236571,29.418879273989774
2026-06-30 22:11:00+00:00,58646.0,58656.1,58643.9,58656.0,12.041,52.695611840844656,22.56190145447181,23.26974878319279,-0.7078473287209803,28.18895932584744
2026-06-30 22:12:00+00:00,58656.0,58656.0,58630.1,58630.1,5.272,47.35096314902013,17.918455295053718,22.199490085564975,-4.2810347905112565,28.025462231144154
2026-06-30 22:13:00+00:00,58630.1,58659.3,58622.2,58659.3,7.739,53.1235112090021,16.40557348587754,21.040706765627487,-4.635133279749947,28.673643500348557
2026-06-30 22:14:00+00:00,58659.3,58710.0,58659.3,58699.7,10.104,59.706137809771434,18.256101145518187,20.48378564160563,-2.2276844960874413,30.246954678894884
2026-06-30 22:15:00+00:00,58699.7,58712.7,58684.4,58711.7,6.785,61.43828598301212,20.45516297405993,20.47806110809649,-0.02289813403655927,30.10788648754494
2026-06-30 22:16:00+00:00,58711.7,58720.0,58673.3,58688.7,13.119,56.4310765975292,20.110209557969938,20.40449079807118,-0.2942812401012418,31.293037452720093
2026-06-30 22:17:00+00:00,58688.7,58699.8,58688.7,58696.9,7.716,57.75305001315441,20.26490178687527,20.376572995832,-0.11167120895672866,29.850677634669072
2026-06-30 22:18:00+00:00,58696.9,58702.1,58675.4,58701.1,8.987,58.44847923848883,20.490203085450048,20.39929901375561,0.09090407169443893,29.6256292321925
2026-06-30 22:19:00+00:00,58701.1,58775.3,58701.1,58750.1,62.962,65.56936587213495,24.34204651782784,21.187848514570057,3.1541980032577825,32.80951285846478
2026-06-30 22:20:00+00:00,58750.1,58750.1,58706.2,58707.9,15.242,56.57674720609634,23.716088562941877,21.69349652424442,2.022592038697457,33.601690511431684
2026-06-30 22:21:00+00:00,58707.9,58715.3,58664.2,58664.3,19.05,49.08635289004981,19.477334170223912,21.25026405344032,-1.7729298832164062,34.851569760615554
2026-06-30 22:22:00+00:00,58664.3,58689.0,58658.0,58689.0,16.824,52.89141632005655,17.904779199619952,20.581167082676245,-2.676387883056293,34.5764576348573
2026-06-30 22:23:00+00:00,58689.0,58695.5,58667.0,58673.4,8.473,50.33287879022198,15.224232949723955,19.509780256085786,-4.285547306361831,34.14242494665321
2026-06-30 22:24:00+00:00,58673.4,58681.1,58668.6,58668.7,10.465,49.5551056439956,12.575665569325793,18.12295731873379,-5.5472917494079965,32.59653745046369
2026-06-30 22:25:00+00:00,58668.7,58669.4,58643.0,58646.6,35.955,45.95885868177937,8.594301774777705,16.217226209942574,-7.622924435164869,32.153927632573534
2026-06-30 22:26:00+00:00,58646.6,58646.6,58623.0,58623.0,26.603,42.418698946670474,3.494437812951219,13.672668530544303,-10.178230717593085,31.542932801675324
2026-06-30 22:27:00+00:00,58623.0,58625.0,58618.4,58618.4,3.152,41.74374285448528,-0.9079563202540157,10.756543560384639,-11.664499880638655,29.761294744412698
2026-06-30 22:28:00+00:00,58618.4,58642.0,58614.1,58642.0,5.959,46.45140326169436,-2.464157349742891,8.112403378359133,-10.576560728102024,29.628345119811893
2026-06-30 22:29:00+00:00,58642.0,58649.3,58615.4,58620.3,7.322,43.00978839937591,-5.386375736372429,5.41264755541282,-10.79902329178525,29.93346332553972
2026-06-30 22:30:00+00:00,58620.3,58620.4,58553.7,58598.0,39.416,39.75040949867179,-9.393397255968011,2.4514385931366536,-11.844835849104665,32.55964451657291
2026-06-30 22:31:00+00:00,58598.0,58598.1,58524.0,58527.8,25.124,31.625450216693825,-18.02575431826699,-1.6439999891440755,-16.381754329122916,35.526812765389025
2026-06-30 22:32:00+00:00,58527.8,58547.5,58472.2,58515.8,58.016,30.478608355565868,-25.540840286521416,-6.423368048619544,-19.117472237901872,38.367754710718586
2026-06-30 22:33:00+00:00,58515.8,58523.9,58500.0,58508.9,9.526,29.809232350455737,-31.68809179685195,-11.476312798266026,-20.211778998585924,37.33434365995307
2026-06-30 22:34:00+00:00,58508.9,58512.7,58492.4,58492.4,11.014,28.213529699784722,-37.459435951132036,-16.672937428839226,-20.78649852229281,36.117604827098965
2026-06-30 22:35:00+00:00,58492.4,58496.8,58484.3,58494.0,16.381,28.612594565901787,-41.42662084749463,-21.623674112570306,-19.802946734924326,34.43063305373475
2026-06-30 22:36:00+00:00,58494.0,58530.6,58492.7,58521.6,17.898,35.294716847990294,-41.861006497376366,-25.671140589531518,-16.189865907844847,34.678444978468086
2026-06-30 22:37:00+00:00,58521.6,58525.5,58505.7,58516.1,3.614,34.59968727272522,-42.16303506640543,-28.9695194849063,-13.193515581499128,33.61569890857772
2026-06-30 22:38:00+00:00,58516.1,58539.4,58507.9,58538.8,5.365,39.863267663507756,-40.10835049721936,-31.19728568736891,-8.911064809850451,33.46457755796503
2026-06-30 22:39:00+00:00,58538.8,58570.7,58538.8,58562.6,15.834,44.872863113694535,-36.1429041766678,-32.186409385228686,-3.9564947914391126,33.35282201810997
2026-06-30 22:40:00+00:00,58562.6,58578.1,58551.0,58571.9,4.88,46.73991073232226,-31.88230772408133,-32.12558905299922,0.24328132891788812,32.90619187395915
2026-06-30 22:41:00+00:00,58571.9,58586.0,58549.1,58554.9,8.4,43.81846531594634,-29.537027794285677,-31.60787680125651,2.070849006970832,33.191463882962175
2026-06-30 22:42:00+00:00,58554.9,58558.7,58547.0,58552.4,3.417,43.388963559028134,-27.56238365790341,-30.79877817258589,3.2363945146824804,31.656359319893237
2026-06-30 22:43:00+00:00,58552.4,58556.4,58552.4,58556.3,1.522,44.30608077106456,-25.39008544668468,-29.717039627405647,4.326954180720968,29.680905082758006
2026-06-30 22:44:00+00:00,58556.3,58572.1,58555.2,58572.1,8.482,47.98270042047433,-22.138397840215475,-28.20131126996761,6.062913429752136,28.767983291132538
2026-06-30 22:45:00+00:00,58572.1,58574.2,58536.8,58536.8,7.413,41.406020341381414,-22.154444326995872,-26.991937881373264,4.837493554377392,29.38455591319408
2026-06-30 22:46:00+00:00,58536.8,58561.4,58536.8,58561.4,7.577,46.87111646429336,-19.952150898374384,-25.583980484773488,5.631829586399103,29.0428019193944
2026-06-30 22:47:00+00:00,58561.4,58578.2,58543.6,58577.1,10.496,50.07178068431283,-16.746910737514554,-23.8165665353217,7.0696557978071475,29.439744639437553
2026-06-30 22:48:00+00:00,58577.1,58596.1,58573.7,58587.7,20.01,52.16699284641157,-13.19925066005817,-21.693103360268996,8.493852700210827,28.93690573662069
2026-06-30 22:49:00+00:00,58587.7,58602.8,58582.9,58588.0,32.547,52.22809472521318,-10.245394466495782,-19.403561581514353,9.158167115018571,28.29141246971932
2026-06-30 22:50:00+00:00,58588.0,58594.7,58585.3,58585.3,2.497,51.58936917394593,-8.029747654261882,-17.128798796063858,9.099051141801976,26.94202586473895
2026-06-30 22:51:00+00:00,58585.3,58585.4,58525.5,58529.0,12.838,40.47416753048341,-10.693503027527186,-15.841739642356524,5.148236614829338,29.296166874400562
2026-06-30 22:52:00+00:00,58529.0,58529.0,58506.5,58515.4,12.066,38.32601090141672,-13.743527858117886,-15.422097285508796,1.6785694273909098,28.81072638337195
2026-06-30 22:53:00+00:00,58515.4,58528.5,58515.4,58525.0,13.708,40.7178341826614,-15.210715085981064,-15.37982084560325,0.16910575962218566,27.68853164170242
2026-06-30 22:54:00+00:00,58525.0,58526.2,58519.1,58520.0,5.728,39.85097323951629,-16.58573966523545,-15.62100460952969,-0.964735055705761,26.21792223872357
2026-06-30 22:55:00+00:00,58520.0,58552.2,58520.0,58547.9,9.974,46.673242086345866,-15.248385820887052,-15.546480851801162,0.2980950309141104,26.645213507385964
2026-06-30 22:56:00+00:00,58547.9,58561.6,58547.9,58561.5,3.608,49.66996667638494,-12.941930406421307,-15.025570762725192,2.083640356303885,25.72055539971533
2026-06-30 22:57:00+00:00,58561.5,58591.7,58561.5,58591.7,7.625,55.632360908722276,-8.578275248000864,-13.736111659780326,5.157836411779462,26.040515728306882
2026-06-30 22:58:00+00:00,58591.7,58591.7,58569.1,58573.3,3.65,51.619939621544596,-6.52950524926564,-12.294790377677389,5.765285128411749,25.794764604856287
2026-06-30 22:59:00+00:00,58573.3,58576.3,58573.0,58573.4,2.219,51.640353663899376,-4.841956045136612,-10.804223511169234,5.962267466032621,24.187995704509614
2026-06-30 23:00:00+00:00,58573.4,58591.8,58538.2,58538.3,9.64,44.5368317525971,-6.264623124006903,-9.896303433736767,3.631680309729864,26.288853154187912
2026-06-30 23:01:00+00:00,58538.3,58598.4,58533.7,58580.8,25.071,52.97222683606561,-3.9175432214178727,-8.700551391272988,4.7830081698551155,29.03250650031766
2026-06-30 23:02:00+00:00,58580.8,58584.8,58548.5,58584.5,6.567,53.63338238474377,-1.7388618935074192,-7.308213491719874,5.569351598212455,29.551613178866607
2026-06-30 23:03:00+00:00,58584.5,58594.6,58557.9,58565.5,5.66,49.764335422073785,-1.527771258894063,-6.152125045154712,4.624353786260649,30.062212237518786
2026-06-30 23:04:00+00:00,58565.5,58585.8,58534.3,58541.1,8.918,45.24986311600603,-3.2914151063232566,-5.579983057388421,2.288567951065164,31.593482791981728
2026-06-30 23:05:00+00:00,58541.1,58569.8,58514.1,58567.4,15.209,50.465932738561236,-2.5376726493923343,-4.971520975789203,2.433848326396869,33.315376878269056
2026-06-30 23:06:00+00:00,58567.4,58575.0,58560.5,58572.7,4.878,51.46934437508658,-1.4954223181848647,-4.2763012442683355,2.7808789260834708,31.971421386964124
2026-06-30 23:07:00+00:00,58572.7,58598.7,58572.6,58598.7,8.532,56.16092015339963,1.412271500485076,-3.1385866953176533,4.550858195802729,31.552034145038014
2026-06-30 23:08:00+00:00,58598.7,58623.8,58574.1,58591.5,20.868,54.587165763440794,3.099925956710649,-1.8908841649119927,4.990810121622642,32.84831742039275
2026-06-30 23:09:00+00:00,58591.5,58602.1,58591.4,58596.9,3.938,55.59226130248951,4.817604793272039,-0.549186373275186,5.366791166547225,31.26629474750735
2026-06-30 23:10:00+00:00,58596.9,58599.4,58575.0,58580.0,6.632,51.73324935165131,4.760314938241208,0.5127138890280929,4.247601049213116,30.7758451226855
2026-06-30 23:11:00+00:00,58580.0,58584.2,58574.1,58574.1,2.587,50.41744119472612,4.19052585024474,1.2482762812714223,2.9422495689733172,29.298999042493573
2026-06-30 23:12:00+00:00,58574.1,58584.2,58569.0,58569.1,4.335,49.273666785388556,3.2974942189030116,1.65811986879774,1.6393743501052715,28.29192768231525
2026-06-30 23:13:00+00:00,58569.1,58577.8,58561.9,58562.5,5.556,47.73427721245913,2.0337515536739375,1.7332462057729796,0.30050534790095784,27.40678999072141
2026-06-30 23:14:00+00:00,58562.5,58584.2,58562.5,58578.4,5.823,51.65297094325222,2.2888391914166277,1.8443648029017092,0.4444743885149185,26.9991621342411
2026-06-30 23:15:00+00:00,58578.4,58596.5,58578.4,58592.3,3.602,54.84064872430423,3.5714424495745334,2.189780332236274,1.3816621173382595,26.363507696080916
2026-06-30 23:16:00+00:00,58592.3,58613.4,58592.2,58613.4,4.76,59.23454002722074,6.218821726477472,2.9955886110845134,3.2232331153929588,25.994685717789732
2026-06-30 23:17:00+00:00,58613.4,58634.8,58581.0,58581.0,8.376,51.02478763965431,5.637494131733547,3.52396971521432,2.113524416519227,27.980779595090674
2026-06-30 23:18:00+00:00,58581.0,58581.0,58566.9,58576.3,3.006,49.94342614457778,4.742864316685882,3.7677486355086325,0.9751156811772494,26.98929533829838
2026-06-30 23:19:00+00:00,58576.3,58590.0,58574.5,58589.2,3.064,52.894229975062345,5.016953614678641,4.017589631342634,0.9993639833360071,26.16863138556278
2026-06-30 23:20:00+00:00,58589.2,58600.5,58552.1,58552.1,38.156,44.72790501933912,2.2149785220535705,3.6570674094848217,-1.4420888874312512,27.756586286594114
2026-06-30 23:21:00+00:00,58552.1,58574.0,58550.0,58550.0,4.019,44.31088314806662,-0.17306439692038111,2.891041048203781,-3.064105445124162,27.488258694694537
2026-06-30 23:22:00+00:00,58550.0,58581.8,58543.3,58579.4,7.85,51.17431519170126,0.30323319529998116,2.373479477623021,-2.0702462823230396,28.2748116450735
2026-06-30 23:23:00+00:00,58579.4,58581.4,58553.6,58565.2,4.659,48.091383009226654,-0.4598183571797563,1.8068199106624654,-2.2666382678422217,28.240896527568456
2026-06-30 23:24:00+00:00,58565.2,58616.4,58565.2,58616.4,31.789,57.93214264684543,3.031919809480314,2.0518398904260353,0.9800799190542788,29.880832489885307
2026-06-30 23:25:00+00:00,58616.4,58627.6,58597.7,58622.3,14.667,58.8990998080318,6.2037155832513236,2.882215028991093,3.3215005542602305,29.882201597750743
2026-06-30 23:26:00+00:00,58622.3,58626.5,58613.8,58614.9,17.808,57.125517371720804,8.027729758330679,3.9113179748590103,4.116411783471669,28.654901483625483
2026-06-30 23:27:00+00:00,58614.9,58626.0,58614.8,58614.8,15.015,57.1004945918285,9.35733938543126,5.00052225697346,4.3568171284577994,27.408122806223453
2026-06-30 23:28:00+00:00,58614.8,58614.9,58585.9,58585.9,7.466,50.249971212983255,7.98700687805831,5.59781918119043,2.3891876968678796,27.521828320064635
2026-06-30 23:29:00+00:00,58585.9,58586.0,58578.1,58582.4,6.074,49.475809522146484,6.543162242618564,5.7868877934760565,0.7562744491425075,26.120269154345838
2026-06-30 23:30:00+00:00,58582.4,58582.5,58575.7,58579.6,7.389,48.827717091382915,5.114017160805815,5.652313666942009,-0.5382965061361933,24.740249929035627
2026-06-30 23:31:00+00:00,58579.6,58580.4,58543.0,58559.7,11.797,44.37838090008198,2.348572812821658,4.991565496117938,-2.6429926832962805,25.64451779124747
2026-06-30 23:32:00+00:00,58559.7,58583.3,58559.7,58583.3,2.985,50.176733360891255,2.037770855713461,4.4008065680370425,-2.3630357123235814,25.498480806158778
2026-06-30 23:33:00+00:00,58583.3,58584.0,58575.1,58584.0,8.561,50.34208943273264,1.8268830448068911,3.8860218633910124,-2.0591388185841213,24.312875034290396
2026-06-30 23:34:00+00:00,58584.0,58614.4,58557.5,58614.4,5.622,57.01433238305057,4.065909597004065,3.921999410113623,0.14391018689044222,26.64052681755547
2026-06-30 23:35:00+00:00,58614.4,58614.5,58592.2,58592.2,5.356,51.56546291039553,4.0028573561648955,3.9381709993238774,0.06468635684101809,26.330489187730286
2026-06-30 23:36:00+00:00,58592.2,58592.2,58564.4,58578.6,5.478,48.50703858127412,2.822940559424751,3.715124911344052,-0.8921843519193011,26.43545424574924
2026-06-30 23:37:00+00:00,58578.6,58587.6,58578.5,58587.6,4.319,50.595348464307776,2.5842827778324136,3.4889564846417245,-0.9046737068093109,25.19720751390991
2026-06-30 23:38:00+00:00,58587.6,58594.4,58557.1,58557.2,5.126,44.09088278657204,-0.05722155564581044,2.7797208765842174,-2.836942432230028,26.06169269148798
2026-06-30 23:39:00+00:00,58557.2,58557.6,58550.8,58550.9,2.603,42.86113416859461,-2.628688237935421,1.6980390536802896,-4.326727291615711,24.685857499238526
2026-06-30 23:40:00+00:00,58550.9,58558.7,58540.9,58554.0,10.602,43.693344510324486,-4.366120103113644,0.4852072223215027,-4.851327325435147,24.194010535006893
2026-06-30 23:41:00+00:00,58554.0,58554.0,58537.4,58544.1,9.155,41.60910304961397,-6.467343130214431,-0.905302848185684,-5.562040282028747,23.651581211077723
2026-06-30 23:42:00+00:00,58544.1,58565.9,58541.2,58565.5,5.33,47.445029386743855,-6.332776064497011,-1.9907974914479494,-4.341978573049062,23.726468267429624
2026-06-30 23:43:00+00:00,58565.5,58579.4,58554.2,58564.0,4.945,47.08976364168793,-6.274835758711561,-2.8476051449006716,-3.427230613810889,23.831720534042102
2026-06-30 23:44:00+00:00,58564.0,58587.1,58562.9,58580.6,6.679,51.4246715236058,-4.833716308203293,-3.244827377561196,-1.588888930642097,23.858026210181745
2026-06-30 23:45:00+00:00,58580.6,58583.7,58555.7,58565.1,9.441,47.51051488109052,-4.8860162679775385,-3.5730651556444646,-1.312951112333074,24.15388148088305
2026-06-30 23:46:00+00:00,58565.1,58587.6,58559.2,58587.6,10.995,53.09199223839008,-3.076439127988124,-3.4737399501131963,0.39730082212507245,24.457175660820077
2026-06-30 23:47:00+00:00,58587.6,58616.3,58587.6,58616.2,5.996,59.052370451002254,0.6578613563688123,-2.6474196888167945,3.3052810451856067,24.760234542190382
2026-06-30 23:48:00+00:00,58616.2,58625.3,58603.0,58620.0,32.589,59.78356450679576,3.879232261700963,-1.3420892987132427,5.221321560414205,24.584503503462706
2026-06-30 23:49:00+00:00,58620.0,58626.4,58614.0,58625.3,8.66,60.83404870140286,6.7816826033522375,0.28266508169985327,6.499017521652384,23.714181824644044
2026-06-30 23:50:00+00:00,58625.3,58642.2,58609.4,58625.1,14.085,60.76954112672882,8.962443610587798,2.0186207874774422,6.943822823110356,24.363168837169155
2026-06-30 23:51:00+00:00,58625.1,58630.2,58620.0,58625.9,3.324,60.94792385208257,10.632698603607423,3.7414363507034385,6.891262252903985,23.351513920228292
2026-06-30 23:52:00+00:00,58625.9,58630.0,58610.8,58610.8,12.921,55.791277409527574,10.615574183844728,5.116263917331697,5.499310266513032,23.054977211640352
2026-06-30 23:53:00+00:00,58610.8,58629.1,58610.8,58629.1,3.204,60.18756418945805,11.941011471113598,6.481213428088077,5.45979804302552,22.715335982237157
2026-06-30 23:54:00+00:00,58629.1,58629.1,58588.5,58611.1,9.771,54.45173906476768,11.407482149501448,7.466467172370751,3.9410149771306964,23.992811983505828
2026-06-30 23:55:00+00:00,58611.1,58631.1,58611.1,58619.7,11.177,56.580769576423265,11.545514935707615,8.282276725038123,3.263238210669492,23.707611127541124
2026-06-30 23:56:00+00:00,58619.7,58625.2,58619.3,58619.3,5.64,56.448606683709535,11.490178629341244,8.923857105898747,2.5663215234424968,22.435638904144916
2026-06-30 23:57:00+00:00,58619.3,58626.7,58619.3,58619.5,1.056,56.5033147714765,11.331836182704137,9.405452921259826,1.926383261444311,21.361664696705578
2026-06-30 23:58:00+00:00,58619.5,58632.6,58619.5,58631.7,10.437,59.81908072687476,12.05186034921644,9.934734406851149,2.1171259423652913,20.771545789797933
2026-06-30 23:59:00+00:00,58631.7,58633.7,58598.1,58603.5,26.465,50.27833069401401,10.229066059735487,9.993600737428016,0.23546532230747097,21.83072109052655
2026-07-01 00:00:00+00:00,58603.5,58694.8,58603.4,58675.2,55.176,65.39209931659556,14.404038441934972,10.875688278329408,3.5283501636055643,26.799955298346184
2026-07-01 00:01:00+00:00,58675.2,58678.8,58635.9,58652.6,48.53,59.275931121008306,15.708030610992864,11.842156744862098,3.865873866130766,27.94995849132156
2026-07-01 00:02:00+00:00,58652.6,58669.9,58617.1,58617.1,23.556,51.178515649914566,13.718759169525583,12.217477229794795,1.501281939730788,29.72496145622737
2026-07-01 00:03:00+00:00,58617.1,58664.3,58612.2,58664.3,9.998,59.16566576011461,15.769116197785479,12.927805023392931,2.8413111743925477,31.323178495068685
2026-07-01 00:04:00+00:00,58664.3,58707.6,58659.7,58706.4,16.603,64.71119058777448,20.55422080741846,14.453088180198037,6.101132627220423,32.50723717399246
2026-07-01 00:05:00+00:00,58706.4,58721.3,58695.2,58703.8,20.478,64.13193867199931,23.861590848493506,16.33478871385713,7.526802134636377,32.04957737585055
2026-07-01 00:06:00+00:00,58703.8,58714.3,58669.7,58673.1,22.971,57.57810836742646,23.731905372434994,17.814212045572702,5.917693326862292,32.94603613471879
2026-07-01 00:07:00+00:00,58673.1,58700.0,58673.1,58693.9,12.406,60.521771589767695,25.01911013766221,19.255191663990605,5.763918473671605,32.51417641081041
2026-07-01 00:08:00+00:00,58693.9,58699.9,58691.6,58699.2,4.282,61.25944003029804,26.165277858141053,20.637208902820696,5.528068955320357,30.784592381467014
2026-07-01 00:09:00+00:00,58699.2,58699.2,58626.2,58635.1,12.418,49.268799760225015,21.65170239289,20.840107600834557,0.8115947920554447,33.799978639933656
2026-07-01 00:10:00+00:00,58635.1,58690.2,58634.8,58690.2,13.563,57.05097359200641,22.264123867207672,21.12491085410918,1.139213013098491,35.34283730850941
2026-07-01 00:11:00+00:00,58690.2,58693.2,58643.8,58643.8,20.579,50.0835535877244,18.788794550877356,20.657687593462818,-1.8688930425854622,36.346920357901176
2026-07-01 00:12:00+00:00,58643.8,58651.4,58582.0,58584.1,46.051,42.8350373691018,11.0894477127149,18.744039617313234,-7.654591904598334,38.7078546180512
2026-07-01 00:13:00+00:00,58584.1,58635.6,58580.6,58635.6,13.33,49.61012396238145,9.039082552189939,16.803048204288576,-7.763965652098637,39.8715792881904
2026-07-01 00:14:00+00:00,58635.6,58641.7,58618.1,58623.7,4.76,48.188919600773126,6.380373864572903,14.718513336345442,-8.33813947177254,38.709323624748116
2026-07-01 00:15:00+00:00,58623.7,58658.7,58595.8,58597.0,21.996,45.069203423514274,2.0947146493272157,12.193753598941797,-10.099038949614581,40.43722908012283
2026-07-01 00:16:00+00:00,58597.0,58616.7,58590.2,58616.6,7.407,47.74366484291031,0.276665809469705,9.810336041047378,-9.533670231577673,39.44171271725691
2026-07-01 00:17:00+00:00,58616.6,58616.6,58578.9,58578.9,10.147,43.36968597794134,-4.158291723862931,7.016610488065316,-11.174902211928247,39.31730466602407
2026-07-01 00:18:00+00:00,58578.9,58597.4,58570.7,58570.7,25.59,42.45854984475121,-8.239716666234017,3.9653450572054494,-12.205061723439467,38.416068618451234
2026-07-01 00:19:00+00:00,58570.7,58572.2,58488.0,58488.0,39.271,34.57036176350807,-17.94066536277387,-0.41585702679041514,-17.524808335983455,41.6863494314188
2026-07-01 00:20:00+00:00,58488.0,58525.3,58488.0,58509.0,18.699,37.733824756599155,-23.661458041111473,-5.064977229654627,-18.596480811456846,41.37303875774624
2026-07-01 00:21:00+00:00,58509.0,58512.5,58385.7,58393.1,229.491,29.310850335991535,-37.119498366977496,-11.4758814571192,-25.643616909858295,47.474964560764576
2026-07-01 00:22:00+00:00,58393.1,58397.0,58366.0,58392.0,58.513,29.244128610144905,-47.32828211668675,-18.64636158903271,-28.68192052765404,46.29818137785282
2026-07-01 00:23:00+00:00,58392.0,58422.6,58382.2,58422.6,27.431,33.76127575209418,-52.34623767994344,-25.38633680721486,-26.959900872728582,45.87688270800629
2026-07-01 00:24:00+00:00,58422.6,58424.4,58399.5,58408.6,24.785,32.73169240958806,-56.79795514197758,-31.668660474167403,-25.12929466781018,44.3785339431488
2026-07-01 00:25:00+00:00,58408.6,58408.8,58316.4,58337.9,201.915,28.07535929000073,-65.27838386416988,-38.3906051521679,-26.88777871200198,47.80863866149542
2026-07-01 00:26:00+00:00,58337.9,58342.3,58279.3,58290.3,222.04,25.450291272582504,-74.97583219222724,-45.70765056017977,-29.268181632047472,48.89373589996004
2026-07-01 00:27:00+00:00,58290.3,58364.1,58289.4,58348.0,66.72,33.55988599380992,-77.11627367782785,-51.989375183709384,-25.126898494118464,50.73704047853412
2026-07-01 00:28:00+00:00,58348.0,58373.8,58347.0,58371.9,29.816,36.63465013876993,-76.00788710754568,-56.79307756847665,-19.214809539069037,49.02725187292475
2026-07-01 00:29:00+00:00,58371.9,58377.6,58362.3,58364.5,19.817,36.07792416622569,-74.86361971365113,-60.40718599751155,-14.456433716139585,46.61816245342982
2026-07-01 00:30:00+00:00,58364.5,58465.4,58361.2,58465.4,53.824,47.73971698210013,-65.06496440830233,-61.3387416796697,-3.726222728632628,50.73115084961371
2026-07-01 00:31:00+00:00,58465.4,58553.8,58417.6,58421.8,83.185,44.00389972291853,-60.12453686811932,-61.095900717359626,0.9713638492403049,56.83606864607019
2026-07-01 00:32:00+00:00,58421.8,58466.7,58399.7,58449.6,85.247,46.85935645418276,-53.350987805373734,-59.546918134962446,6.1959303295887125,57.56206374277946
2026-07-01 00:33:00+00:00,58449.6,58487.9,58421.6,58484.9,17.328,50.32340682273676,-44.620133265554614,-56.56156116108088,11.941427895526267,58.186202046866846
2026-07-01 00:34:00+00:00,58484.9,58485.8,58453.4,58476.8,22.571,49.525628229393,-37.917382463529066,-52.832725421570515,14.91534295804145,56.344330472090746
2026-07-01 00:35:00+00:00,58476.8,58476.9,58405.6,58405.7,22.093,43.071060341418125,-37.90562747660442,-49.8473058325773,11.941678355972876,57.41259258122733
2026-07-01 00:36:00+00:00,58405.7,58427.7,58405.7,58426.0,12.048,45.264459688238695,-35.845071546937106,-47.04685897544926,11.201787428512155,54.88312168256823
2026-07-01 00:37:00+00:00,58426.0,58451.8,58421.6,58441.2,16.012,46.9137565873009,-32.609649419173365,-44.15941706419408,11.549767645020715,53.1200415623851
2026-07-01 00:38:00+00:00,58441.2,58481.3,58410.5,58413.4,12.293,44.285447927308766,-31.92081841401523,-41.71169733415831,9.79087892014308,54.38289573650065
2026-07-01 00:39:00+00:00,58413.4,58429.8,58398.6,58406.3,28.092,43.61340900567325,-31.58374775853008,-39.686107419032666,8.102359660502586,52.7269746124652
2026-07-01 00:40:00+00:00,58406.3,58415.0,58390.6,58409.9,32.416,44.07680703196734,-30.672552826072206,-37.883396500440575,7.21084367436837,50.703619283003505
2026-07-01 00:41:00+00:00,58409.9,58414.5,58394.2,58413.0,46.01,44.499784165076015,-29.36181545362342,-36.17908029107714,6.81726483745372,48.53193219136061
2026-07-01 00:42:00+00:00,58413.0,58429.7,58404.3,58408.1,18.359,43.93413637737108,-28.391160071172635,-34.62149624709624,6.230336175923604,46.87965132054872
2026-07-01 00:43:00+00:00,58408.1,58445.1,58408.1,58445.0,12.502,49.17366210475588,-24.36353935761872,-32.569904869200734,8.206365511582014,46.17396194050952
2026-07-01 00:44:00+00:00,58445.0,58458.0,58439.9,58454.9,13.075,50.50996447362297,-20.140605301610776,-30.084044955682742,9.943439654071966,44.16867894475873
2026-07-01 00:45:00+00:00,58454.9,58470.3,58436.4,58466.8,12.016,52.138867897864884,-15.653228416689672,-27.197881647884127,11.544653231194456,43.43520187727607
2026-07-01 00:46:00+00:00,58466.8,58492.8,58441.8,58454.7,15.206,50.32508549396857,-12.924335091847752,-24.34317233667685,11.4188372448291,43.97554460032778
2026-07-01 00:47:00+00:00,58454.7,58472.5,58452.6,58455.4,5.724,50.43251357960511,-10.583186930314696,-21.59117525540442,11.007988325089723,42.25586284316161
2026-07-01 00:48:00+00:00,58455.4,58484.0,58443.7,58477.4,6.606,53.813221884267634,-6.873362166370498,-18.647612637597636,11.774250471227138,42.116158354364565
2026-07-01 00:49:00+00:00,58477.4,58486.1,58453.8,58469.0,5.862,52.34521174981644,-4.558560859390127,-15.829802281956134,11.271241422566007,41.415004186195354
2026-07-01 00:50:00+00:00,58469.0,58486.1,58467.3,58484.3,13.361,54.76570942930065,-1.4725078597984975,-12.958343397524606,11.485835537726109,39.799646744323944
2026-07-01 00:51:00+00:00,58484.3,58529.5,58475.4,58529.4,10.307,61.046501170669174,4.559841445974598,-9.454706428824764,14.014547874799362,40.8211005483007
2026-07-01 00:52:00+00:00,58529.4,58580.3,58526.4,58578.9,66.304,66.53822756149438,13.182794988155365,-4.927206145428738,18.110001133584102,41.75530765199361
2026-07-01 00:53:00+00:00,58578.9,58599.6,58546.0,58566.5,126.195,64.10028456728442,18.799265199399088,-0.18191187646317353,18.981177075862263,42.60135710542254
2026-07-01 00:54:00+00:00,58566.5,58566.9,58520.0,58520.0,29.161,55.83803355676219,19.275995248674008,3.7096695485642632,15.566325700109743,42.90840302646389
2026-07-01 00:55:00+00:00,58520.0,58560.0,58520.0,58554.7,10.465,59.983200135153815,22.19792340409913,7.4073203196712365,14.790603084427893,42.700659953145035
2026-07-01 00:56:00+00:00,58554.7,58562.7,58548.3,58548.3,6.442,58.8853674504486,23.723674256310915,10.670591106999172,13.053083149311743,40.679184242205686
2026-07-01 00:57:00+00:00,58548.3,58560.0,58539.1,58553.9,12.409,59.58242638631979,25.09543148517696,13.55555918263473,11.53987230254223,39.26638536776253
2026-07-01 00:58:00+00:00,58553.9,58557.3,58527.3,58527.3,7.47,54.827439303265315,23.762244909674337,15.59689632804265,8.165348581631687,38.604500698636635
2026-07-01 00:59:00+00:00,58527.3,58550.0,58523.1,58550.0,11.055,57.91415156511539,24.25775690995215,17.32906844442455,6.9286884655276,37.7684649344484
2026-07-01 01:00:00+00:00,58550.0,58558.5,58530.5,58530.6,8.079,54.48743371499798,22.821958540829655,18.42764646370557,4.394312077124084,37.070717439130654
2026-07-01 01:01:00+00:00,58530.6,58534.7,58489.5,58510.9,21.287,51.176049416510104,19.865456017541874,18.71520837447283,1.1502476430690436,37.65138047919254
2026-07-01 01:02:00+00:00,58510.9,58517.8,58450.0,58468.4,10.356,44.844246994393785,13.932407533291553,17.758648206236575,-3.8262406729450227,39.80485330210757
2026-07-01 01:03:00+00:00,58468.4,58474.2,58450.0,58450.0,8.669,42.398430049417044,7.657427580859803,15.738404081161221,-8.080976500301418,38.69022092338539
2026-07-01 01:04:00+00:00,58450.0,58450.0,58353.5,58361.7,25.992,33.075520598884474,-4.390006029520009,11.712722059024975,-16.102728088544985,42.81949085742929
2026-07-01 01:05:00+00:00,58361.7,58361.7,58250.2,58318.1,201.077,29.61298429284297,-17.25691263560293,5.918795120099393,-23.175707755702323,47.72524151047005
2026-07-01 01:06:00+00:00,58318.1,58345.1,58263.4,58272.3,66.986,26.477347222475085,-30.794723650222295,-1.4239086339649445,-29.37081501625735,50.15200997400769
2026-07-01 01:07:00+00:00,58272.3,58309.5,58250.0,58272.6,68.539,26.532223036151347,-41.02640209586389,-9.344407326344733,-31.681994769519154,50.81972354729286
2026-07-01 01:08:00+00:00,58272.6,58295.7,58212.8,58236.0,140.747,24.16275542592129,-51.49479515616986,-17.774484892309758,-33.7203102638601,53.11117186534295
2026-07-01 01:09:00+00:00,58236.0,58268.1,58234.1,58268.1,36.137,30.062032248806485,-56.549008577705536,-25.529389629388913,-31.019618948316623,51.7460881606756
2026-07-01 01:10:00+00:00,58268.1,58275.0,58074.7,58082.9,502.361,20.266688879353673,-74.63821842560719,-35.35115538863257,-39.28706303697462,62.35708186348469
2026-07-01 01:11:00+00:00,58082.9,58146.5,58070.0,58113.1,223.42,24.58213976764648,-85.55098148676916,-45.39112060825989,-40.15986087850927,63.36729030180721
2026-07-01 01:12:00+00:00,58113.1,58132.8,57803.9,57847.0,2228.386,16.24104616643795,-114.35327754338505,-59.18355199528492,-55.169725548100125,82.3339124231068
2026-07-01 01:13:00+00:00,57847.0,58096.2,57755.8,58080.1,1012.518,36.55104389047623,-117.02113596331765,-70.75106878889147,-46.270067174426174,100.76720439288447
2026-07-01 01:14:00+00:00,58080.1,58197.2,58022.4,58141.0,360.651,40.60333287835024,-112.9196445719499,-79.18478394550316,-33.734860626446746,106.05526122196383
2026-07-01 01:15:00+00:00,58141.0,58329.2,58141.0,58235.0,334.774,46.30385078349868,-100.92081633572525,-83.53199042354757,-17.38882591217768,111.92274256325193
2026-07-01 01:16:00+00:00,58235.0,58235.0,58005.3,58012.6,189.904,37.20569663079506,-108.1112407508117,-88.4478404890004,-19.663400261811304,120.33540380873373
2026-07-01 01:17:00+00:00,58012.6,58154.6,58007.0,58111.5,175.736,42.606349025442256,-104.6232685318464,-91.6829260975696,-12.9403424342768,122.28287496525265
2026-07-01 01:18:00+00:00,58111.5,58213.7,58088.9,58188.0,234.802,46.44332773917249,-94.59567470181355,-92.2654758184184,-2.3301988833951555,122.46266961059143
2026-07-01 01:19:00+00:00,58188.0,58276.7,58159.6,58265.0,243.455,50.06216630280834,-79.51883424008702,-89.71614750275212,10.197313262665105,122.07962178126338
2026-07-01 01:20:00+00:00,58265.0,58292.6,58208.4,58275.4,78.275,50.54819850011757,-65.97066767616343,-84.96705153743439,18.996383861270957,119.37393451117293
2026-07-01 01:21:00+00:00,58275.4,58279.8,58220.1,58234.7,57.303,48.55647853160542,-57.85092842892482,-79.54382691573247,21.69289848680765,115.11151061751805
2026-07-01 01:22:00+00:00,58234.7,58383.0,58213.6,58322.4,250.206,52.866161033355695,-43.834028124918405,-72.40186715756965,28.56783903265125,118.989259859124
2026-07-01 01:23:00+00:00,58322.4,58347.7,58259.2,58269.4,85.928,50.13279696301074,-36.58051332121249,-65.23759639029822,28.65708306908573,116.81145558347228
2026-07-01 01:24:00+00:00,58269.4,58285.3,58166.0,58204.1,158.24,46.914342727286744,-35.68980498985911,-59.3280381102104,23.638233120351288,116.98920875608162
2026-07-01 01:25:00+00:00,58204.1,58262.7,58196.4,58196.4,55.583,46.53496916651415,-35.19948017196293,-54.50232652256091,19.302846350597974,113.36855098778976
2026-07-01 01:26:00+00:00,58196.4,58299.9,58150.9,58292.9,123.368,51.79594459176441,-26.716183175922197,-48.945097853233165,22.228914677310968,115.91365448866192
2026-07-01 01:27:00+00:00,58292.9,58316.9,58251.1,58310.3,61.554,52.69973278601557,-18.377233299528598,-42.83152494249225,24.454291642963653,112.33410773947199
2026-07-01 01:28:00+00:00,58310.3,58377.3,58290.1,58346.8,65.607,54.62175788467224,-8.722759939962998,-36.0097719419864,27.287012002023403,110.53881432951002
2026-07-01 01:29:00+00:00,58346.8,58379.5,58312.8,58330.0,103.793,53.54330363832833,-2.399480129024596,-29.28771357939404,26.888233450369444,107.40747044883052
2026-07-01 01:30:00+00:00,58330.0,58444.0,58304.7,58411.0,209.658,57.863061924799,9.043539439415326,-21.621462975632166,30.665002415047493,109.68550827391427
2026-07-01 01:31:00+00:00,58411.0,58465.6,58398.2,58434.1,101.055,59.03298442854046,19.74854292535747,-13.347461795434238,33.09600472079171,106.66511482577764
2026-07-01 01:32:00+00:00,58434.1,58541.8,58434.1,58502.6,153.808,62.3695298414143,33.37498676277028,-4.002972083793335,37.377958846563615,106.73903519536525
2026-07-01 01:33:00+00:00,58502.6,58518.0,58407.1,58443.5,206.413,57.98183644166842,38.956103880256705,4.588843109016674,34.36726077124003,107.03624696712497
2026-07-01 01:34:00+00:00,58443.5,58466.6,58368.2,58440.0,248.627,57.7228501268809,42.60562750358076,12.192199987929492,30.41342751565127,106.41937218375901
2026-07-01 01:35:00+00:00,58440.0,58486.0,58432.2,58482.6,43.368,60.06118274141888,48.37769726540864,19.42929944342532,28.94839782198332,102.660845599205
2026-07-01 01:36:00+00:00,58482.6,58483.5,58453.6,58467.0,38.633,58.77907935363732,51.10421691053489,25.764282936847234,25.339933973687653,97.46364234211903
2026-07-01 01:37:00+00:00,58467.0,58490.4,58444.4,58490.4,27.054,60.15311954691198,54.52466145403014,31.516358640283816,23.008302813746322,93.78766788911052
2026-07-01 01:38:00+00:00,58490.4,58644.8,58485.9,58630.1,177.202,67.18563888071276,67.72729280345084,38.75854547291722,28.968747330533617,98.43854875417415
2026-07-01 01:39:00+00:00,58630.1,58920.0,58622.7,58731.7,911.679,71.17068149078169,85.40425704811787,48.08768778795735,37.31656926016052,112.6429381288762
2026-07-01 01:40:00+00:00,58731.7,58816.7,58700.0,58814.6,151.806,73.95048537751228,104.89356798569497,59.44886382750487,45.4447041581901,112.93272826252769
2026-07-01 01:41:00+00:00,58814.6,58975.0,58795.7,58802.3,362.937,72.82842566922737,117.98640626458655,71.15637231492121,46.830033949665335,117.67324767234734
2026-07-01 01:42:00+00:00,58802.3,58808.6,58750.0,58793.3,310.021,71.96795478219151,126.18180484475306,82.16145882088759,44.02034602386547,113.45372998146529
2026-07-01 01:43:00+00:00,58793.3,58919.2,58782.3,58914.3,183.372,76.0627892228894,140.81715353468462,93.89259776364699,46.92455577103763,115.12846355421735
2026-07-01 01:44:00+00:00,58914.3,58930.0,58844.9,58870.7,138.73,71.9824702825144,147.20077825147018,104.55423386121163,42.646544390258555,112.98357330034457
2026-07-01 01:45:00+00:00,58870.7,58990.9,58833.7,58869.7,139.281,71.88721880079453,150.44491980164457,113.73237104929822,36.71254875234635,116.14188949317743
2026-07-01 01:46:00+00:00,58869.7,58914.8,58765.7,58786.4,127.912,64.25922766294171,144.62713987883035,119.91132481520465,24.715815063625698,118.49604024366518
2026-07-01 01:47:00+00:00,58786.4,58813.0,58751.0,58782.2,47.504,63.8911089486092,138.08583492643083,123.5462268374499,14.539608088980941,114.4606087976891
2026-07-01 01:48:00+00:00,58782.2,58809.2,58746.3,58758.3,67.556,61.724197610150114,129.48070044889755,124.73312155973943,4.74757888915812,110.77770816928232
2026-07-01 01:49:00+00:00,58758.3,58773.3,58734.8,58768.5,79.996,62.3116794617113,122.07689764799579,124.20187677739071,-2.124979129394916,105.61501472861929
2026-07-01 01:50:00+00:00,58768.5,58772.0,58695.8,58700.1,126.961,56.09401487945904,109.42859747465991,121.24722091684455,-11.818623442184645,103.51394224800342
2026-07-01 01:51:00+00:00,58700.1,58748.5,58687.3,58748.5,69.276,59.19662937078769,102.13287970381498,117.42435267423863,-15.291472970423655,100.49151780171725
2026-07-01 01:52:00+00:00,58748.5,58786.7,58720.7,58771.4,62.078,60.614747877619855,97.07973467305419,113.35542907400175,-16.275694400947557,98.02783795873745
2026-07-01 01:53:00+00:00,58771.4,58800.0,58761.8,58792.7,57.666,61.939751036993485,93.71354144755605,109.42705154871261,-15.713510101156558,93.75442096168457
2026-07-01 01:54:00+00:00,58792.7,58806.9,58777.5,58806.9,22.061,62.83735210120063,91.14101351933641,105.76984394283737,-14.628830423500958,89.15767660727863
2026-07-01 01:55:00+00:00,58806.9,58863.7,58797.0,58836.9,43.166,64.72985508038632,90.48001854972244,102.71187886421438,-12.23186031449194,87.55355684961566
2026-07-01 01:56:00+00:00,58836.9,58852.3,58781.0,58801.8,38.574,60.82687806903739,86.13103367551957,99.39570982647543,-13.26467615095585,86.39258850321474
2026-07-01 01:57:00+00:00,58801.8,58808.2,58756.9,58757.0,25.48,56.1714207624874,78.16836992877506,95.15024184693536,-16.981871918160294,83.8859750386991
2026-07-01 01:58:00+00:00,58757.0,58758.3,58740.0,58745.2,21.0,54.977863239135196,70.09769753541332,90.13973298463095,-20.042035449217636,79.2012625359351
2026-07-01 01:59:00+00:00,58745.2,58767.9,58740.0,58740.0,43.668,54.42899977911121,62.560872184083564,84.62396082452148,-22.06308864043791,75.53688664051127
2026-07-01 02:00:00+00:00,58740.0,58769.9,58740.0,58769.9,15.082,57.082179387025924,58.32819280986587,79.36480722159035,-21.036614411724486,72.27710902333199
2026-07-01 02:01:00+00:00,58769.9,58779.0,58731.2,58732.9,21.633,52.97218528719417,51.395715319413284,73.77098884115495,-22.37527352174166,70.5287440930942
2026-07-01 02:02:00+00:00,58732.9,58810.0,58719.5,58802.1,31.158,58.92841177180678,50.89880884889135,69.19655284270223,-18.297743993810883,71.9552623721589
2026-07-01 02:03:00+00:00,58802.1,58809.4,58763.9,58798.5,18.26,58.51321738511651,49.64227176972054,65.2856966281059,-15.643424858385359,70.06560077414755
2026-07-01 02:04:00+00:00,58798.5,58810.3,58748.0,58748.0,16.067,52.88427442276168,44.06359147384501,61.041275597253716,-16.977684123408707,69.5109150045658
2026-07-01 02:05:00+00:00,58748.0,58748.0,58668.6,58671.8,50.206,45.734888077655015,33.112048889059224,55.455430255614814,-22.34338136655559,70.2172782185255
2026-07-01 02:06:00+00:00,58671.8,58694.8,58638.1,58664.3,61.546,45.08878512526491,23.55614459739445,49.07557312397074,-25.51942852657629,69.25175834577398
2026-07-01 02:07:00+00:00,58664.3,58678.4,58652.3,58674.9,20.727,46.24464483549854,16.646462948978296,42.58975108897225,-25.943288139993953,66.1694898925043
2026-07-01 02:08:00+00:00,58674.9,58681.0,58651.1,58659.0,26.866,44.72388871133965,9.774815356067847,36.02676394239137,-26.251948586323522,63.57881204303981
2026-07-01 02:09:00+00:00,58659.0,58680.5,58647.2,58675.5,16.832,46.68333170030895,5.595891283490346,29.940589410611164,-24.344698127120818,61.416039754251464
2026-07-01 02:10:00+00:00,58675.5,58730.8,58675.4,58715.5,29.628,51.19959550151577,5.448917821682699,25.04225509282547,-19.593337271142772,60.986322628947896
2026-07-01 02:11:00+00:00,58715.5,58730.0,58708.0,58714.8,20.409,51.11799124543121,5.215831288114714,21.07697033188332,-15.861139043768606,58.201585298308764
2026-07-01 02:12:00+00:00,58714.8,58794.6,58714.8,58794.6,38.41,59.117653163940695,11.33958592662384,19.129493450831426,-7.789907524207585,59.744329205572114
2026-07-01 02:13:00+00:00,58794.6,58844.5,58772.4,58806.0,33.235,60.12168172547211,16.917575048799335,18.687109770425007,-1.7695347216256714,60.626877119459714
2026-07-01 02:14:00+00:00,58806.0,58806.0,58754.7,58769.1,31.793,55.3806335647091,18.15141182487423,18.579970181314852,-0.4285583564406217,59.960671610927086
2026-07-01 02:15:00+00:00,58769.1,58817.4,58751.1,58817.4,26.406,59.84433850676428,22.76423081667599,19.41682230838708,3.347408508288911,60.41348078157536
2026-07-01 02:16:00+00:00,58817.4,58860.7,58795.6,58852.9,50.239,62.790721723917585,28.950750188407255,21.323607884391116,7.6271423040161395,60.74823215431987
2026-07-01 02:17:00+00:00,58852.9,58852.9,58803.2,58808.0,16.341,57.085519097610096,29.886048839325667,23.036096075378026,6.849952763947641,59.959072714725906
2026-07-01 02:18:00+00:00,58808.0,58832.9,58796.7,58799.3,12.589,56.02332934337851,29.584233835470513,24.345723627396524,5.23851020807399,58.261996092245795
2026-07-01 02:19:00+00:00,58799.3,58815.4,58792.2,58811.7,7.46,57.244442315383715,29.999800612094987,25.476539024336216,4.523261587758771,55.757567799942834
2026-07-01 02:20:00+00:00,58811.7,58829.8,58793.0,58821.5,12.835,58.23156420611615,30.765275430108886,26.53428630549075,4.230989124618137,54.403455814232835
2026-07-01 02:21:00+00:00,58821.5,58920.0,58820.5,58903.2,67.424,65.40287962066388,37.53178390086396,28.73378582456539,8.797998076298565,57.624637541787635
2026-07-01 02:22:00+00:00,58903.2,58950.0,58900.0,58932.8,43.591,67.57500489995829,44.76672035059164,31.94037272977064,12.826347620821,57.08002057451709
2026-07-01 02:23:00+00:00,58932.8,59020.0,58905.0,58968.0,141.028,69.98809797369833,52.73293300664227,36.09888478514497,16.634048221497302,61.217161962051584
2026-07-01 02:24:00+00:00,58968.0,58976.4,58897.1,58898.2,47.464,60.39054447438349,52.80523143509345,39.44015411513466,13.365077319958786,62.50879325047668
2026-07-01 02:25:00+00:00,58898.2,58903.1,58871.2,58872.2,25.293,57.24169813254322,50.186032409692416,41.58932977404621,8.596702635646203,60.32245087544273
2026-07-01 02:26:00+00:00,58872.2,58934.4,58867.3,58934.3,24.534,62.298173020986134,52.51587895776902,43.77463961079077,8.741239346978247,60.80656152719672
2026-07-01 02:27:00+00:00,58934.3,58954.2,58909.7,58937.1,39.04,62.51342851361464,53.96614757569478,45.81294120377157,8.153206371923204,59.64180713239695
2026-07-01 02:28:00+00:00,58937.1,58975.5,58930.9,58957.6,34.106,64.12825143727288,56.12272671992832,47.87489830700292,8.2478284129254,58.567392337225634
2026-07-01 02:29:00+00:00,58957.6,58960.4,58907.8,58921.0,47.252,59.22310199762971,54.25312090165244,49.150542825932824,5.102578075719613,58.1411500274237
2026-07-01 02:30:00+00:00,58921.0,58962.4,58921.0,58957.7,74.124,62.334239775314394,55.0976961619599,50.33997349313824,4.757722668821664,56.94535359689354
2026-07-01 02:31:00+00:00,58957.7,59044.5,58921.0,58921.5,116.472,57.66103628430359,52.243757164622366,50.72073022743506,1.5230269371873035,61.69925691140114
2026-07-01 02:32:00+00:00,58921.5,58981.6,58886.5,58938.0,44.554,59.16380902437963,50.728633936916594,50.72231096933137,0.006322967585226991,64.08502427487238
2026-07-01 02:33:00+00:00,58938.0,58960.4,58900.0,58958.4,58.191,61.00659602534124,50.59081791592325,50.696012358649746,-0.10519444272649281,63.82180825523874
2026-07-01 02:34:00+00:00,58958.4,58979.2,58942.1,58976.9,22.755,62.652547915524394,51.382092339183146,50.83322835475643,0.5488639844267169,61.91310766557873
2026-07-01 02:35:00+00:00,58976.9,59022.0,58966.0,59015.1,50.281,65.85733864933445,54.46377922534157,51.559338528873454,2.9044406964681144,61.49074283232311
2026-07-01 02:36:00+00:00,59015.1,59023.8,58988.3,59009.1,22.664,64.91510837372279,55.77890394554561,52.40325161220788,3.375652333337726,59.63426120144288
2026-07-01 02:37:00+00:00,59009.1,59013.4,58976.3,58996.1,34.552,62.81803320254195,55.13657825401606,52.949916940569516,2.1866613134465425,58.02467111562543
2026-07-01 02:38:00+00:00,58996.1,59075.1,58980.7,59046.6,96.781,67.24475090673073,58.03348458396795,53.9666304692492,4.066854114718744,60.62290889308086
2026-07-01 02:39:00+00:00,59046.6,59064.2,59009.1,59012.9,45.039,61.94473611014635,56.953471200497006,54.56399861549876,2.389472584998245,60.228415400717836
2026-07-01 02:40:00+00:00,59012.9,59013.5,58973.7,58973.9,54.903,56.404226293139345,52.3471533507618,54.12062956255137,-1.7734762117895713,58.76924287209534
2026-07-01 02:41:00+00:00,58973.9,59053.2,58973.1,59047.0,33.617,63.07145003807455,53.97300513970549,54.091104677982194,-0.11809953827670228,60.29286838123129
2026-07-01 02:42:00+00:00,59047.0,59075.9,59046.9,59051.1,32.751,63.409453153629215,54.958809189280146,54.26464558024178,0.6941636090383625,58.05766349685762
2026-07-01 02:43:00+00:00,59051.1,59142.5,59051.1,59092.1,249.182,66.69255565991648,58.375506844196934,55.08681783303281,3.2886890111641236,60.4392589613679
2026-07-01 02:44:00+00:00,59092.1,59110.0,59089.4,59110.0,25.2,68.04079015206722,61.81507900296128,56.43247006701851,5.382608935942777,57.59359760698437
2026-07-01 02:45:00+00:00,59110.0,59154.4,59100.0,59145.6,45.736,70.59051433166559,66.6453411899929,58.475044291613386,8.170296898379519,57.36548349219987
2026-07-01 02:46:00+00:00,59145.6,59151.0,59035.1,59035.1,69.205,55.728667218383386,60.85542875886313,58.951121185063336,1.904307573799791,61.54652038561427
2026-07-01 02:47:00+00:00,59035.1,59049.2,59000.0,59013.7,59.157,53.384555774997686,53.91854091385903,57.944605130822474,-4.026064216963441,60.66462607235591
2026-07-01 02:48:00+00:00,59013.7,59109.9,58976.3,59058.3,318.238,57.405760933862084,51.42703572573373,56.641091249804724,-5.214055524070993,65.87429563861609
2026-07-01 02:49:00+00:00,59058.3,59062.1,59036.9,59047.1,23.0,56.09707784567314,47.995491367793875,54.91197127340256,-6.916479905608682,62.96898880728616
2026-07-01 02:50:00+00:00,59047.1,59067.7,59038.4,59067.7,23.818,57.99389432370745,46.403307140142715,53.21023844675059,-6.806931306607872,60.56406103533684
2026-07-01 02:51:00+00:00,59067.7,59087.2,59032.9,59032.9,29.127,53.767694677096436,41.85098836189718,50.938388429779906,-9.087400067882726,60.116628104241045
2026-07-01 02:52:00+00:00,59032.9,59033.0,58986.0,59015.9,46.263,51.78249115525292,36.45129714404902,48.04097017263373,-11.589673028584706,59.17972609679526
2026-07-01 02:53:00+00:00,59015.9,59046.2,59009.2,59037.1,17.039,54.06043054469397,33.496538530132966,45.132083844133575,-11.635545314000609,57.59545994702417
2026-07-01 02:54:00+00:00,59037.1,59094.8,59034.7,59094.8,24.047,59.64804702848201,35.402678778147674,43.186202830936395,-7.783524052788721,57.77435566509428
2026-07-01 02:55:00+00:00,59094.8,59100.0,59062.8,59087.5,21.944,58.67568152677918,35.910307989230205,41.73102386259516,-5.8207158733649536,56.30475883187306
2026-07-01 02:56:00+00:00,59087.5,59097.0,59068.4,59096.3,20.706,59.532104732046086,36.60078320601315,40.70497573127876,-4.10419252526561,54.325847486739164
2026-07-01 02:57:00+00:00,59096.3,59096.3,59075.7,59075.7,36.903,56.57623040423159,35.08134603162762,39.58024979134853,-4.4989037597209105,51.91685838054393
2026-07-01 02:58:00+00:00,59075.7,59075.8,59064.2,59068.0,7.626,55.46761124524217,32.876871367574495,38.23957410659372,-5.362702739019227,49.03708278193407
2026-07-01 02:59:00+00:00,59068.0,59069.4,59054.1,59063.6,7.514,54.80672177474782,30.424056501244195,36.676470585523816,-6.252414084279621,46.62729115465327
2026-07-01 03:00:00+00:00,59063.6,59067.3,59020.5,59036.9,20.565,50.84756416552467,26.02570802759874,34.5463180739388,-8.52061004634006,46.639627500749675
2026-07-01 03:01:00+00:00,59036.9,59050.0,59003.1,59003.2,22.12,46.301196998997675,19.594800157625286,31.556014490676098,-11.961214333050812,46.65822553641051
2026-07-01 03:02:00+00:00,59003.2,59028.9,59000.3,59003.4,22.586,46.33186571751453,14.348991425787972,28.114609877698474,-13.765618451910502,45.36835228380966
2026-07-01 03:03:00+00:00,59003.4,59020.0,59003.2,59006.3,9.078,46.806265186257065,10.306845081177016,24.553056918394184,-14.246211837217167,43.32775569210917
2026-07-01 03:04:00+00:00,59006.3,59020.0,58986.0,58996.4,49.718,45.33305549121385,6.2327207931666635,20.88898969334868,-14.656268900182017,42.66148742838709
2026-07-01 03:05:00+00:00,58996.4,59035.3,58996.4,59035.3,19.902,51.758203570211094,6.072848820585932,17.92576151879613,-11.852912698210197,42.39280975493097
2026-07-01 03:06:00+00:00,59035.3,59066.7,59029.3,59062.6,21.763,55.69388335612086,8.05616452502727,15.951842120042357,-7.895677595015087,42.0361804867212
2026-07-01 03:07:00+00:00,59062.6,59096.7,59062.5,59093.1,45.464,59.65408856798173,11.95128464075242,15.15173062418437,-3.200445983431951,41.476453309098055
2026-07-01 03:08:00+00:00,59093.1,59093.2,59020.1,59020.7,37.907,48.55865944758625,9.091321373700339,13.939648774087564,-4.848327400387225,43.735278072733806
2026-07-01 03:09:00+00:00,59020.7,59032.0,59003.8,59031.9,16.79,50.10472343009648,7.640451903796929,12.679809400029438,-5.039357496232508,42.62561535325261
2026-07-01 03:10:00+00:00,59031.9,59032.0,58995.4,59000.6,34.708,45.94851197597639,3.9197940353114973,10.92780632708585,-7.008012291774353,42.19521425659161
2026-07-01 03:11:00+00:00,59000.6,59003.7,58968.5,58970.6,37.699,42.324632371529084,-1.433083713905944,8.455628318887491,-9.888712032793435,41.69555609540629
2026-07-01 03:12:00+00:00,58970.6,59004.9,58966.3,58998.9,24.201,46.60291729231222,-3.3530525064343237,6.093892153823129,-9.446944660257452,41.47444494573431
2026-07-01 03:13:00+00:00,58998.9,58998.9,58968.0,58969.1,23.007,42.986904048862066,-7.196298113049124,3.435854100448678,-10.632152213497802,40.71912744961054
2026-07-01 03:14:00+00:00,58969.1,58978.9,58969.0,58970.3,6.321,43.178101594540905,-10.029652384742803,0.7427528034103812,-10.772405188153185,38.51776120320989
2026-07-01 03:15:00+00:00,58970.3,58981.1,58970.3,58981.1,8.822,44.966889864078475,-11.273680348211201,-1.6605338269139356,-9.613146521297265,36.537921117266016
2026-07-01 03:16:00+00:00,58981.1,58981.2,58906.0,58937.4,75.298,39.54251327584461,-15.605911027872935,-4.4496092671057355,-11.1563017607672,39.29949818031823
2026-07-01 03:17:00+00:00,58937.4,58937.4,58884.1,58884.3,48.088,34.15156291098103,-23.058161149798252,-8.171319643644239,-14.886841506154013,40.299534024581426
2026-07-01 03:18:00+00:00,58884.3,58920.0,58874.5,58895.1,103.306,36.060895269903185,-27.772509123955388,-12.091557539706468,-15.68095158424892,40.670995879968466
2026-07-01 03:19:00+00:00,58895.1,58899.4,58890.0,58890.1,9.752,35.54700544994856,-31.54845116497745,-15.982936264760664,-15.565514900216787,38.437353317113676
2026-07-01 03:20:00+00:00,58890.1,58893.8,58876.0,58882.5,23.043,34.73669712058523,-34.75355161118932,-19.737059334046396,-15.016492277142927,36.96325665160576
2026-07-01 03:21:00+00:00,58882.5,58895.7,58870.9,58880.8,20.219,34.54699266007222,-37.004230859798554,-23.190493639196827,-13.813737220601727,36.09445260506218
2026-07-01 03:22:00+00:00,58880.8,58884.1,58865.8,58866.4,25.549,32.90759820894848,-39.49460085959436,-26.451315083276334,-13.043285776318022,34.82342027612886
2026-07-01 03:23:00+00:00,58866.4,58910.0,58858.0,58882.9,50.067,36.619003734643854,-39.67942520861834,-29.096937108344736,-10.582488100273604,36.05031882783394
2026-07-01 03:24:00+00:00,58882.9,58882.9,58858.0,58860.7,7.933,33.90168797910616,-41.142983599347644,-31.50614640654532,-9.636837192802325,35.25386748298876
2026-07-01 03:25:00+00:00,58860.7,58895.4,58858.4,58895.4,46.733,41.241207477821874,-39.05268907813297,-33.01545494086285,-6.037234137270119,35.378591234203846
2026-07-01 03:26:00+00:00,58895.4,58905.7,58861.1,58889.8,20.034,40.46038817628195,-37.41667269737809,-33.8956984921659,-3.520974205212191,36.03726328890347
2026-07-01 03:27:00+00:00,58889.8,58911.0,58875.7,58902.9,24.761,43.17093927066825,-34.663478408205265,-34.04925447537377,-0.6142239328314929,35.98460162541057
2026-07-01 03:28:00+00:00,58902.9,58933.1,58897.3,58912.1,39.154,45.06250596953313,-31.37748882656888,-33.51490134561279,2.137412519043913,35.97141579502379
2026-07-01 03:29:00+00:00,58912.1,58913.7,58878.5,58896.7,42.171,42.51170107468968,-29.67390737284586,-32.74670255105941,3.0727951782135463,35.916314666807594
2026-07-01 03:30:00+00:00,58896.7,58910.8,58877.4,58909.3,9.719,45.24280126303835,-26.99590016696311,-31.596542074240148,4.600641907277037,35.73657790489287
2026-07-01 03:31:00+00:00,58909.3,58909.3,58846.0,58850.6,43.955,36.5348216238898,-29.272721869849192,-31.131778033361957,1.859056163512765,37.7053937688293
2026-07-01 03:32:00+00:00,58850.6,58852.8,58818.7,58850.9,37.894,36.60198173986283,-30.69903264140885,-31.045228954971336,0.34619631356248703,37.44786564248477
2026-07-01 03:33:00+00:00,58850.9,58896.0,58850.9,58896.0,19.499,45.874866880928764,-27.868945267080562,-30.409972217393182,2.54102695031262,37.99444666802147
2026-07-01 03:34:00+00:00,58896.0,58896.0,58858.7,58886.5,15.418,44.40163894478426,-26.091880284155195,-29.546353830745584,3.454473546590389,37.94484333459157
2026-07-01 03:35:00+00:00,58886.5,58944.0,58886.5,58903.1,26.392,47.57006526121711,-23.078033015088295,-28.252689667614128,5.174656652525833,39.3416402392636
2026-07-01 03:36:00+00:00,58903.1,59029.1,58889.9,59025.1,78.6,63.86741747672788,-10.721565405248839,-24.74646481514107,14.024899409892232,46.47438022217313
2026-07-01 03:37:00+00:00,59025.1,59135.4,59006.8,59012.7,241.145,61.76589981194064,-1.9075629712679074,-20.17868444636644,18.271121475098532,52.34049592058923
2026-07-01 03:38:00+00:00,59012.7,59012.7,58964.1,58978.0,20.793,56.193617008011465,2.251641932518396,-15.692619170589472,17.94426110310787,52.07331764054703
2026-07-01 03:39:00+00:00,58978.0,59022.7,58978.0,58980.0,19.164,56.43755633147794,5.644162675576808,-11.425262801356215,17.069425476933024,51.54665209479346
2026-07-01 03:40:00+00:00,58980.0,59000.0,58962.6,58962.6,8.668,53.63903077666784,6.849765392493282,-7.770257162586315,14.620022555079597,50.53617694516546
2026-07-01 03:41:00+00:00,58962.6,58988.9,58953.0,58966.7,12.915,54.21513663322981,8.043331448279787,-4.6075394404130945,12.650870888692882,49.4907357347966
2026-07-01 03:42:00+00:00,58966.7,58966.7,58906.6,58915.1,13.308,46.40028157263057,4.770560335877235,-2.7319194851550286,7.502479821032264,50.248540325168165
2026-07-01 03:43:00+00:00,58915.1,58919.8,58906.4,58919.8,8.354,47.14758682084368,2.526986839431629,-1.680138220237697,4.207125059669326,47.6165017305134
2026-07-01 03:44:00+00:00,58919.8,58928.1,58915.0,58915.0,7.74,46.43553106141819,0.35749778278841404,-1.272611019632475,1.630108802420889,45.15103732119091
2026-07-01 03:45:00+00:00,58915.0,58946.2,58907.0,58944.8,9.45,51.348155400662165,1.030889572793967,-0.8119109011471866,1.8428004739411536,44.72596322681993
2026-07-01 03:46:00+00:00,58944.8,58979.4,58926.4,58979.4,14.839,56.35346599626422,4.306841663856176,0.211839611853486,4.095002052002689,45.31696585347565
2026-07-01 03:47:00+00:00,58979.4,59023.0,58966.2,58969.4,24.779,54.60493942894359,6.0266691806245944,1.3748055256077076,4.651863655016887,46.1371825782276
2026-07-01 03:48:00+00:00,58969.4,58974.0,58946.5,58957.3,9.33,52.482965596261124,6.34019023586734,2.367882467659634,3.9723077682077057,44.805955251211344
2026-07-01 03:49:00+00:00,58957.3,58976.9,58956.1,58958.5,9.021,52.67936457321635,6.609300005802652,3.216165975288238,3.393134030514414,43.09124416183931
2026-07-01 03:50:00+00:00,58958.5,58983.7,58948.1,58980.2,12.112,56.20455068694654,8.475875466509024,4.268107873532395,4.207767592976628,42.5561552931364
2026-07-01 03:51:00+00:00,58980.2,58985.8,58969.0,58983.9,15.736,56.795549545337884,10.136857659759698,5.441857830777856,4.694999828981842,40.716429915055436
2026-07-01 03:52:00+00:00,58983.9,59207.9,58983.8,59158.3,2159.678,74.35929315864347,25.234927951794816,9.400471854981248,15.834456096813568,53.815256349694224
2026-07-01 03:53:00+00:00,59158.3,59205.9,59134.5,59200.0,306.852,76.78901436398033,40.102818602797925,15.540941204544584,24.56187739825334,55.071309467573315
2026-07-01 03:54:00+00:00,59200.0,59325.6,59182.0,59267.6,1106.708,80.08380709512828,56.68703129400092,23.77015922243585,32.91687207156507,61.39478736274655
2026-07-01 03:55:00+00:00,59267.6,59316.0,59226.9,59236.6,462.581,74.83750270756457,66.56141979801032,32.32841133755075,34.23300846045957,63.37373112255027
2026-07-01 03:56:00+00:00,59236.6,59236.7,59206.8,59211.0,40.95,70.71748990429334,71.49706412681553,40.16214189540371,31.334922231411824,60.98275032808198
2026-07-01 03:57:00+00:00,59211.0,59211.0,59157.3,59166.2,102.602,64.07001319648784,70.97545140291913,46.32480379690679,24.650647606012342,60.46255387607591
2026-07-01 03:58:00+00:00,59166.2,59176.2,59150.4,59161.4,56.696,63.38255289932086,69.37503742946137,50.93485052341771,18.440186906043664,57.9866571706416
2026-07-01 03:59:00+00:00,59161.4,59183.6,59159.4,59177.2,19.819,64.72429498785318,68.59095198097202,54.46607081492857,14.124881166043451,55.573324515595566
2026-07-01 04:00:00+00:00,59177.2,59177.3,59075.5,59075.5,78.962,51.61437111476661,59.082156236654555,55.38928789927377,3.692868337380787,58.87522990733895
2026-07-01 04:01:00+00:00,59075.5,59100.0,59065.5,59070.9,37.76,51.11010340093552,50.59199254823034,54.42982882906508,-3.8378362808347433,57.13414205681473
2026-07-01 04:02:00+00:00,59070.9,59088.5,59046.7,59049.8,35.023,48.75702173922479,41.68041709379759,51.87994648201158,-10.199529388213996,56.038846195613885
2026-07-01 04:03:00+00:00,59049.8,59069.3,59040.0,59040.0,25.033,47.65951261315696,33.44165664267348,48.19228851414396,-14.750631871470482,54.1289286102131
2026-07-01 04:04:00+00:00,59040.0,59136.4,59040.0,59089.3,107.077,53.34858335425113,30.5384493759193,44.66152068649903,-14.123071310579732,57.14829085234084
2026-07-01 04:05:00+00:00,59089.3,59105.1,59084.1,59091.8,21.418,53.623864143034574,28.115270470334508,41.352270643266124,-13.237000172931616,54.566270077173634
2026-07-01 04:06:00+00:00,59091.8,59122.7,59091.8,59112.0,27.173,55.888800382072745,27.5077625474878,38.58336902411046,-11.07560647662266,52.87582221451795
2026-07-01 04:07:00+00:00,59112.0,59127.0,59088.9,59106.7,33.198,55.12804817517416,26.29552400340617,36.1258000199696,-9.830276016563431,51.82040634205229
2026-07-01 04:08:00+00:00,59106.7,59117.5,59100.0,59100.0,15.74,54.12504950753494,24.511627434643742,33.80296550290443,-9.291338068260686,49.36894874619141
2026-07-01 04:09:00+00:00,59100.0,59130.1,59099.4,59127.9,22.907,57.58567338519772,25.06029391285847,32.054431184895236,-6.994137272036767,48.03545240717752
2026-07-01 04:10:00+00:00,59127.9,59146.5,59127.8,59128.0,13.742,57.59801992921578,25.212550624695723,30.686055072855332,-5.473504448159609,45.94006294952178
2026-07-01 04:11:00+00:00,59128.0,59132.0,59095.3,59100.0,22.526,52.95026042256028,22.810899323441845,29.111023922972635,-6.30012459953079,45.28005845312716
2026-07-01 04:12:00+00:00,59100.0,59129.6,59100.0,59120.0,19.714,55.70002923185709,22.264752015347767,27.74176954144766,-5.477017526099893,44.16005427790368
2026-07-01 04:13:00+00:00,59120.0,59120.0,59089.0,59089.1,24.33,50.76368678225328,19.11817219259683,26.017050071677495,-6.898877879080665,43.220050400910566
2026-07-01 04:14:00+00:00,59089.1,59106.6,59081.4,59094.9,14.989,51.630206183608465,16.897710255194397,24.193182108380874,-7.295471853186477,41.93290394370246
2026-07-01 04:15:00+00:00,59094.9,59118.2,59074.9,59118.1,20.546,55.038800598276275,16.816177851185785,22.717781256941855,-5.90160340575607,42.03055366200912
2026-07-01 04:16:00+00:00,59118.1,59132.8,59100.0,59132.8,14.616,57.10159647762805,17.733311405296263,21.720887286612736,-3.9875758813164737,41.371228400437246
2026-07-01 04:17:00+00:00,59132.8,59149.4,59091.0,59117.0,50.068,54.22208372712479,16.989375455894333,20.774584920469056,-3.7852094645747236,42.58756922897755
2026-07-01 04:18:00+00:00,59117.0,59142.0,59097.7,59141.4,10.566,57.764245823822904,18.15934728521097,20.25153739341744,-2.09219010820647,42.70988571262222
2026-07-01 04:19:00+00:00,59141.4,59197.1,59134.0,59179.2,57.848,62.59316593977484,21.884432367609406,20.578116388255832,1.306315979353574,44.166322447434816
2026-07-01 04:20:00+00:00,59179.2,59191.5,59142.9,59191.4,17.572,64.02287901301693,25.526770453623612,21.56784720132939,3.9589232522942233,44.483013701189364
2026-07-01 04:21:00+00:00,59191.4,59191.5,59169.9,59190.1,17.662,63.743302489349475,27.985847068550356,22.851447174773583,5.134399893776774,42.848512722532874
2026-07-01 04:22:00+00:00,59190.1,59235.2,59176.3,59219.4,25.836,67.2179486016991,31.9308689512618,24.667331530071227,7.263537421190573,43.995047528065825
2026-07-01 04:23:00+00:00,59219.4,59233.1,59197.9,59215.1,24.913,66.2150328483308,34.31479357216449,26.59682393848988,7.71796963367461,43.36682984748949
2026-07-01 04:24:00+00:00,59215.1,59221.2,59190.0,59190.0,49.326,60.53709392057453,33.7892098013981,28.035301111071526,5.7539086903265755,42.49777057266861
2026-07-01 04:25:00+00:00,59190.0,59214.1,59177.4,59202.1,22.783,62.21900800378772,33.95760759009863,29.219762406876946,4.737845183221687,42.08364410319207
2026-07-01 04:26:00+00:00,59202.1,59240.1,59202.0,59240.1,16.172,66.97882423586039,36.733900927793,30.722590111060157,6.011310816732845,41.7990980958211
2026-07-01 04:27:00+00:00,59240.1,59258.3,59233.6,59241.4,24.578,67.13138493603896,38.59414327581908,32.29690074401194,6.297242531807136,40.577733946119906
2026-07-01 04:28:00+00:00,59241.4,59254.5,59240.0,59243.4,11.886,67.3810692092323,39.771322969842004,33.79178518917796,5.979537780664046,38.7150386642542
2026-07-01 04:29:00+00:00,59243.4,59255.7,59243.4,59255.7,8.616,68.94357297234276,41.22157688430889,35.27774352820414,5.943833356104747,36.828250188235735
2026-07-01 04:30:00+00:00,59255.7,59257.1,59238.1,59247.9,45.17,66.75963899594181,41.265831924029044,36.47536120736912,4.790470716659925,35.554803746218894
2026-07-01 04:31:00+00:00,59247.9,59285.6,59225.9,59249.9,43.874,67.04787565297885,40.98978294461995,37.37824555481929,3.6115373898006595,37.279460621488774
2026-07-01 04:32:00+00:00,59249.9,59252.3,59238.0,59246.7,10.1,66.06084134817338,40.0511145653727,37.91281935692997,2.1382952084427274,35.638070577096926
2026-07-01 04:33:00+00:00,59246.7,59248.9,59220.0,59220.1,11.897,58.36875741552605,36.7373303415734,37.67772155385866,-0.9403912122852631,35.156779821590106
2026-07-01 04:34:00+00:00,59220.1,59236.5,59210.6,59216.3,25.754,57.341555020227965,33.41926771219005,36.826030785524935,-3.4067630733348864,34.495581262905205
2026-07-01 04:35:00+00:00,59216.3,59216.3,59182.7,59197.8,23.008,52.497725206460174,28.963016162539134,35.25342786092777,-6.290411698388638,34.431611172698105
2026-07-01 04:36:00+00:00,59197.8,59205.0,59178.0,59205.0,17.727,54.1220355203582,25.715947100419726,33.345931708826164,-7.629984608406438,33.900781803219665
2026-07-01 04:37:00+00:00,59205.0,59216.4,59180.0,59210.2,37.186,55.310578410789,23.293702711569495,31.33548590937483,-8.041783197805337,34.07929738870408
2026-07-01 04:38:00+00:00,59210.2,59280.0,59210.2,59244.7,26.294,62.2906543690987,23.88261434182641,29.84491159586515,-5.962297254038738,36.63077614665399
2026-07-01 04:39:00+00:00,59244.7,59255.6,59226.5,59248.9,22.238,63.04734087562147,24.406888532575977,28.757306983207314,-4.350418450631338,36.09286356475003
2026-07-01 04:40:00+00:00,59248.9,59257.7,59236.9,59257.7,8.172,64.64800067856969,25.241497787064873,28.054145143978825,-2.8126473569139527,35.00051616726758
2026-07-01 04:41:00+00:00,59257.7,59320.0,59257.7,59292.7,253.111,70.18052564155425,28.39976432221738,28.123268979626538,0.27649534259084163,36.95047929817724
2026-07-01 04:42:00+00:00,59292.7,59323.1,59281.5,59317.1,60.384,73.31576449318902,32.49698437884945,28.99801205947112,3.4989723193783284,37.28258791973591
2026-07-01 04:43:00+00:00,59317.1,59350.0,59290.1,59308.5,132.643,70.50213924911397,34.65068118242925,30.128545884062746,4.522135298366507,38.89811735404059
2026-07-01 04:44:00+00:00,59308.5,59388.8,59292.8,59339.9,305.341,74.36971013575896,38.448014220201,31.792439551290396,6.655574668910607,42.97682325732341
2026-07-01 04:45:00+00:00,59339.9,59400.0,59338.0,59399.8,103.838,79.8084597745082,45.76332626722433,34.58661689447718,11.176709372747148,44.33562159608602
2026-07-01 04:46:00+00:00,59399.8,59444.0,59328.1,59384.8,408.989,75.48853986854357,49.77659552038676,37.624612619659096,12.151982900727667,49.44736291065141
2026-07-01 04:47:00+00:00,59384.8,59384.8,59326.9,59327.0,122.476,61.64242986043011,47.74281393218553,39.648252882164385,8.094561050021142,50.05112270274784
2026-07-01 04:48:00+00:00,59327.0,59379.6,59326.9,59372.8,36.189,66.833622187743,49.258878910855856,41.57037808790268,7.6885008229531735,50.24032822397993
2026-07-01 04:49:00+00:00,59372.8,59380.0,59355.7,59372.8,33.244,66.833622187743,49.88532436240348,43.23336734280284,6.651957019600637,48.387447636553006
2026-07-01 04:50:00+00:00,59372.8,59384.4,59363.7,59375.7,31.029,67.16000032704858,50.038974509770924,44.59448877619646,5.444485733574467,46.409772805370956
2026-07-01 04:51:00+00:00,59375.7,59375.8,59352.7,59358.8,15.276,63.25355841396848,48.24096280745289,45.323783582447746,2.9171792250051425,44.744789033559165
2026-07-01 04:52:00+00:00,59358.8,59358.9,59325.3,59328.5,16.702,56.866937628494675,43.86541560127807,45.03210998621381,-1.166694384935738,43.948732674019126
2026-07-01 04:53:00+00:00,59328.5,59328.6,59283.0,59289.2,31.845,49.83811788271304,36.80234681465663,43.386157351902376,-6.583810537245746,44.06668034016052
2026-07-01 04:54:00+00:00,59289.2,59328.6,59289.2,59328.6,32.858,55.743979647788834,33.992223442633986,41.5073705700487,-7.515147127414714,43.73334603014916
2026-07-01 04:55:00+00:00,59328.6,59328.7,59311.2,59313.1,35.201,53.09555408392368,30.166716829888173,39.23923982201659,-9.07252299212842,41.85953559942421
2026-07-01 04:56:00+00:00,59313.1,59325.8,59295.3,59325.8,21.22,54.982785368358755,27.838850203603215,36.95916189833392,-9.120311694730702,41.048140199465344
2026-07-01 04:57:00+00:00,59325.8,59325.8,59295.3,59310.6,15.405,52.271942724608145,24.485235608044604,34.46437664027606,-9.979141032231453,40.29470161378925
2026-07-01 04:58:00+00:00,59310.6,59310.6,59294.8,59304.6,20.234,51.198867247261546,21.10009328265005,31.791519968750855,-10.691426686100804,38.54508006994685
2026-07-01 04:59:00+00:00,59304.6,59316.4,59298.1,59316.0,35.254,53.16611952355116,19.116861052978493,29.25658818559638,-10.139727132617889,37.09900292209371
2026-07-01 05:00:00+00:00,59316.0,59316.0,59285.3,59287.6,17.854,47.97734782643809,15.079663596079627,26.42120326769303,-11.341539671613404,36.641931284801096
2026-07-01 05:01:00+00:00,59287.6,59294.5,59266.0,59273.4,43.403,45.5819524309847,10.612005604540172,23.259363735062458,-12.647358130522285,36.06036476445816
2026-07-01 05:02:00+00:00,59273.4,59292.7,59258.8,59259.4,43.518,43.287255172983286,5.873960105709557,19.78228300919188,-13.908322903482322,35.90605299556787
2026-07-01 05:03:00+00:00,59259.4,59290.0,59259.4,59290.0,18.946,49.295616646206774,4.535902121089748,16.73300683157145,-12.197104710481703,35.52704921017006
2026-07-01 05:04:00+00:00,59290.0,59306.9,59273.8,59285.0,28.428,48.39343273865987,3.0370145021224744,13.993808365681655,-10.95679386355918,35.35368855230067
2026-07-01 05:05:00+00:00,59285.0,59350.0,59285.0,59347.8,30.693,58.63363349280165,6.837749108322896,12.562596514209904,-5.724847405887008,37.471282227136335
2026-07-01 05:06:00+00:00,59347.8,59355.3,59306.1,59314.3,35.097,52.633813969826534,7.065244892568444,11.463126189881612,-4.397881297313168,38.3090477823412
2026-07-01 05:07:00+00:00,59314.3,59317.3,59297.0,59317.2,25.155,53.08139772830138,7.394305750400235,10.649362101985336,-3.2550563515851003,37.022687226459894
2026-07-01 05:08:00+00:00,59317.2,59337.2,59316.0,59324.5,22.452,54.253257439215794,8.150187553539581,10.149527192296185,-1.999339638756604,35.89249528171255
2026-07-01 05:09:00+00:00,59324.5,59324.5,59242.6,59242.6,27.303,41.67652586802985,2.116189677901275,8.542859689417202,-6.426670011515927,39.17874561873318
2026-07-01 05:10:00+00:00,59242.6,59260.3,59232.7,59256.6,37.81,44.0635968153718,-1.5186085400855518,6.530566043516652,-8.049174583602204,38.35169236025266
2026-07-01 05:11:00+00:00,59256.6,59256.7,59230.8,59237.4,28.748,41.55188096580401,-5.8807027730945265,4.048312280194416,-9.929015053288943,37.462285763091344
2026-07-01 05:12:00+00:00,59237.4,59247.0,59218.1,59246.9,80.1,43.27483383653098,-8.47344665624405,1.5439604929067228,-10.017407149150774,36.85069392287063
2026-07-01 05:13:00+00:00,59246.9,59247.0,59226.7,59231.2,55.08,41.11762773767417,-11.660656859210576,-1.0969629775167373,-10.563693881693839,35.66850149980865
2026-07-01 05:14:00+00:00,59231.2,59277.3,59231.2,59263.0,62.004,46.89228241350224,-11.488121754875465,-3.175194732988483,-8.312927021886981,36.413608535537016
2026-07-01 05:15:00+00:00,59263.0,59287.8,59262.9,59278.1,18.501,49.42846972823722,-10.017467507837864,-4.54364928795836,-5.4738182198795045,35.591207925855905
2026-07-01 05:16:00+00:00,59278.1,59330.7,59278.0,59319.7,27.694,55.704491572338036,-5.43256782701792,-4.721432995770272,-0.711134831247648,36.81326450258028
2026-07-01 05:17:00+00:00,59319.7,59332.4,59300.7,59330.2,52.474,57.149965230346936,-0.9408935149549507,-3.9653250996072074,3.0244315846522567,36.44803132382486
2026-07-01 05:18:00+00:00,59330.2,59330.3,59300.1,59300.1,24.23,51.91947207171378,0.18780736788903596,-3.1346986061079587,3.3225059739969947,36.00174337212339
2026-07-01 05:19:00+00:00,59300.1,59310.0,59300.1,59309.9,9.859,53.41440790184889,1.8517433032393456,-2.137410224238498,3.9891535274778436,34.13733313125754
2026-07-01 05:20:00+00:00,59309.9,59310.0,59280.0,59280.1,16.357,48.47839353551945,0.7570863488508621,-1.558510909620626,2.315597258471488,33.841809336167714
2026-07-01 05:21:00+00:00,59280.1,59280.1,59184.8,59202.2,66.631,38.470334912965924,-6.323423645029834,-2.5114934567024676,-3.8119301883273664,38.231680097869706
2026-07-01 05:22:00+00:00,59202.2,59205.5,59176.2,59193.5,24.048,37.53827797192653,-12.492787045986915,-4.507752174559357,-7.985034871427558,37.59370294802208
2026-07-01 05:23:00+00:00,59193.5,59215.9,59184.5,59215.8,28.346,41.45376460918406,-15.405048547640035,-6.687211449175493,-8.717837098464543,37.151295594592035
2026-07-01 05:24:00+00:00,59215.8,59219.9,59215.8,59219.8,15.797,42.15422446840626,-17.192090481439664,-8.788187255628326,-8.403903225811337,34.79048876640679
2026-07-01 05:25:00+00:00,59219.8,59276.1,59193.7,59209.9,49.599,40.851501156916626,-19.18601689132629,-10.867753182767919,-8.318263708558371,38.191168140234986
2026-07-01 05:26:00+00:00,59209.9,59215.1,59172.0,59177.8,118.932,36.872548617243886,-23.090249641049013,-13.312252474424138,-9.777997166624875,38.54179898736095
2026-07-01 05:27:00+00:00,59177.8,59188.6,59174.1,59187.7,136.995,38.85073331367425,-25.096241115723387,-15.669050202683987,-9.4271909130394,36.82452763112088
2026-07-01 05:28:00+00:00,59187.7,59197.1,59133.4,59165.8,144.521,36.15191590230106,-28.12889835524402,-18.161019833195994,-9.967878522048025,38.74420422889775
2026-07-01 05:29:00+00:00,59165.8,59165.8,59139.3,59148.3,34.083,34.112674365778496,-31.58036601178901,-20.844889068914597,-10.735476942874413,37.86961821254791
2026-07-01 05:30:00+00:00,59148.3,59150.9,59136.0,59146.7,40.938,33.92425985414401,-34.05225245482143,-23.486361746095962,-10.565890708725465,36.22893119736602
2026-07-01 05:31:00+00:00,59146.7,59167.5,59138.0,59138.0,28.468,32.8614175611998,-36.29487285941286,-26.048063968759344,-10.246808890653519,35.748293254697025
2026-07-01 05:32:00+00:00,59138.0,59167.7,59138.0,59155.2,13.179,37.05978591648664,-36.266215081144765,-28.091694191236428,-8.174520889908337,35.31627230793274
2026-07-01 05:33:00+00:00,59155.2,59170.2,59133.2,59133.2,39.333,34.12074398611273,-37.585457960485655,-29.990446945086273,-7.595011015399383,35.43653857165183
2026-07-01 05:34:00+00:00,59133.2,59179.6,59123.9,59174.4,97.814,43.20469043747881,-34.90411881512409,-30.973181319093836,-3.930937496030257,36.88392867367649
2026-07-01 05:35:00+00:00,59174.4,59180.0,59157.9,59157.9,18.271,40.7795351005499,-33.721826107903325,-31.522910276855733,-2.198915831047593,35.827933768413786
2026-07-01 05:36:00+00:00,59157.9,59161.7,59141.1,59155.1,15.674,40.365461675940175,-32.63459591155697,-31.74524740379598,-0.8893485077609924,34.740224213526986
2026-07-01 05:37:00+00:00,59155.1,59155.1,59110.8,59113.1,70.109,34.67747581937456,-34.76130050516804,-32.34845802407039,-2.4128424810976483,35.42306534113189
2026-07-01 05:38:00+00:00,59113.1,59131.0,59095.0,59130.9,47.653,38.624749652851804,-34.61143885622732,-32.80105419050177,-1.8103846657255502,35.464274959622465
2026-07-01 05:39:00+00:00,59130.9,59148.2,59123.7,59148.2,22.374,42.27568284325486,-32.71953655171819,-32.784750662745054,0.06521411102686159,34.681112462506576
2026-07-01 05:40:00+00:00,59148.2,59174.9,59148.1,59171.2,29.188,46.80610638878167,-29.029646865259565,-32.03372990324796,3.0040830379883943,34.11817585804203
2026-07-01 05:41:00+00:00,59171.2,59181.3,59161.7,59161.8,42.527,45.24325200176597,-26.557743015575397,-30.93853252571345,4.380789510138051,33.08116329675373
2026-07-01 05:42:00+00:00,59161.8,59172.0,59141.5,59144.4,30.243,42.4197372996491,-25.70644805624761,-29.892115631820282,4.185667575572673,32.89679448984275
2026-07-01 05:43:00+00:00,59144.4,59155.2,59144.4,59155.1,3.727,44.70502619454908,-23.892966842460737,-28.69228587394837,4.799319031487634,31.31845202628224
2026-07-01 05:44:00+00:00,59155.1,59167.0,59155.1,59166.9,7.69,47.19407293364009,-21.258553163941542,-27.205539331947005,5.946986168005463,29.931419738690757
2026-07-01 05:45:00+00:00,59166.9,59180.7,59161.5,59167.3,21.832,47.28070519578811,-18.920382297132164,-25.548507924984037,6.6281256278518725,29.164889757355496
2026-07-01 05:46:00+00:00,59167.3,59167.4,59148.6,59162.6,25.106,46.319137212460376,-17.24779392801429,-23.888365125590088,6.640571197575799,28.424540488973168
2026-07-01 05:47:00+00:00,59162.6,59166.0,59144.3,59144.4,11.12,42.697870764187684,-17.19265724077559,-22.54922354862719,5.356566307851601,27.94421616833202
2026-07-01 05:48:00+00:00,59144.4,59164.9,59143.1,59164.8,11.841,47.639262009872965,-15.326180836345884,-21.104615006170928,5.778434169825044,27.505343584879938
2026-07-01 05:49:00+00:00,59164.8,59176.6,59124.8,59131.6,19.76,41.384524970543936,-16.337617490011326,-20.151215502939007,3.813598012927681,29.240676185959632
2026-07-01 05:50:00+00:00,59131.6,59163.9,59123.9,59163.8,16.712,48.45334593561978,-14.375208970923268,-18.99601419653586,4.620805225612592,30.009199315533944
2026-07-01 05:51:00+00:00,59163.8,59163.9,59159.6,59159.6,6.422,47.64622010188885,-13.008932108721638,-17.798597778973015,4.789665670251377,28.172827935853157
2026-07-01 05:52:00+00:00,59159.6,59159.7,59132.0,59132.0,13.824,42.62171934956121,-13.99194673680904,-17.03726757054022,3.0453208337311786,28.13905451186344
2026-07-01 05:53:00+00:00,59132.0,59132.1,59115.6,59115.8,32.095,39.95817045223136,-15.894970200562966,-16.80880809654477,0.9138378959818034,27.307693475301765
2026-07-01 05:54:00+00:00,59115.8,59126.0,59111.1,59119.7,13.202,40.91544812726127,-16.893692627141718,-16.82578500266416,-0.06790762447755938,26.421429655637457
2026-07-01 05:55:00+00:00,59119.7,59121.0,59107.5,59120.9,19.593,41.22595478644943,-17.387920253349876,-16.9382120528013,-0.4497082005485744,25.498470394520496
2026-07-01 05:56:00+00:00,59120.9,59133.5,59120.0,59120.1,16.787,41.0709926496112,-17.640800356472027,-17.078729713535445,-0.5620706429365825,24.64143679491189
2026-07-01 05:57:00+00:00,59120.1,59122.2,59113.1,59122.2,9.681,41.69058712029442,-17.470369663969905,-17.157057703622336,-0.31331196034756914,23.531334166703793
2026-07-01 05:58:00+00:00,59122.2,59125.3,59122.1,59125.3,5.841,42.6492037144521,-16.890455364562513,-17.10373723581037,0.21328187124785813,22.079096011939548
2026-07-01 05:59:00+00:00,59125.3,59134.9,59125.2,59130.4,7.203,44.272395421669955,-15.836785125822644,-16.850346813812827,1.0135616879901832,21.194874868229892
2026-07-01 06:00:00+00:00,59130.4,59137.2,59126.2,59129.1,13.42,43.93107673147596,-14.934487529935723,-16.467174957037408,1.5326874271016848,20.466669520499185
2026-07-01 06:01:00+00:00,59129.1,59129.1,59049.8,59058.1,111.469,30.225436862761377,-19.721183287809254,-17.117976623191776,-2.6032066646174776,24.669050269034646
2026-07-01 06:02:00+00:00,59058.1,59074.6,59026.1,59073.0,72.462,34.821089233142494,-22.058096678869333,-18.106000634327287,-3.9520960445420457,26.3712609641036
2026-07-01 06:03:00+00:00,59073.0,59073.0,59028.0,59033.1,68.903,29.26284203852691,-26.82054339062597,-19.848909185587026,-6.971634205038946,27.701885180953347
2026-07-01 06:04:00+00:00,59033.1,59037.9,58988.7,58991.6,136.444,24.82436881082292,-33.55669915179169,-22.590467178827957,-10.966231972963733,29.237464810885562
2026-07-01 06:05:00+00:00,58991.6,59026.5,58991.6,59000.1,44.788,27.25801674908234,-37.773838860382966,-25.62714151513896,-12.146697345244007,29.641931610108124
2026-07-01 06:06:00+00:00,59000.1,59014.5,58990.6,59000.1,43.383,27.258016749082337,-40.647394599473046,-28.631192132005776,-12.01620246746727,29.231793637957647
2026-07-01 06:07:00+00:00,59000.1,59000.1,58970.1,58975.0,29.844,24.537591692021127,-44.43781696372753,-31.792517098350125,-12.645299865377403,29.28666552096067
2026-07-01 06:08:00+00:00,58975.0,58975.8,58960.5,58965.0,42.385,23.530020415760557,-47.69882802444772,-34.97377928356964,-12.72504874087808,28.287617983749403
2026-07-01 06:09:00+00:00,58965.0,58965.1,58923.3,58925.5,61.867,20.031124990087434,-52.86117198342254,-38.55125782354022,-14.309914159882318,29.25278812776699
2026-07-01 06:10:00+00:00,58925.5,58960.9,58925.5,58932.7,104.59,22.299183861481918,-55.72897796856705,-41.98680185254558,-13.742176116021469,29.69187469006945
2026-07-01 06:11:00+00:00,58932.7,58942.0,58919.1,58919.1,49.878,21.08284747463634,-58.42564672651497,-45.27457082733946,-13.15107589917551,29.206740783636025
2026-07-01 06:12:00+00:00,58919.1,58919.5,58883.9,58919.5,83.822,21.218958158710294,-59.840693226600706,-48.187795307191706,-11.652897919409,29.66340215623335
2026-07-01 06:13:00+00:00,58919.5,58919.6,58900.0,58900.0,21.554,19.45714730846851,-61.82295822551532,-50.91482789085643,-10.908130334658892,28.944587716502294
2026-07-01 06:14:00+00:00,58900.0,58933.8,58900.0,58927.7,31.521,28.53454250015814,-60.46179310243315,-52.82422093317177,-7.637572169261375,29.291402879609482
2026-07-01 06:15:00+00:00,58927.7,58942.2,58880.0,58909.1,44.606,26.38425317054862,-60.19009059172822,-54.29739486488306,-5.892695726845162,31.642016959637168
2026-07-01 06:16:00+00:00,58909.1,58950.0,58909.1,58941.8,21.053,35.57590942613815,-56.68274428742734,-54.77446474939192,-1.9082795380354227,32.30330146252033
2026-07-01 06:17:00+00:00,58941.8,58941.8,58905.5,58905.5,16.715,30.95527810204021,-56.184592689613055,-55.056490337436145,-1.12810235217691,32.58877992948337
2026-07-01 06:18:00+00:00,58905.5,58911.5,58878.3,58878.3,15.64,28.01870798809593,-57.323823287457344,-55.509956927440385,-1.8138663600169593,32.632438505948635
2026-07-01 06:19:00+00:00,58878.3,58878.3,58838.7,58844.0,64.293,24.821025851635536,-60.29930226539727,-56.46782599503176,-3.8314762703655134,33.13012146980986
2026-07-01 06:20:00+00:00,58844.0,58871.2,58777.0,58809.4,132.12,22.083143723479353,-64.7034604131768,-58.114952878660766,-6.588507534516033,37.492255650537516
