timestamp,open,high,low,close,volume,ind_EMA_20,ind_EMA_50,ind_RSI_14,ind_MACD_12_26_9,ind_MACD_SIGNAL_12_26_9,ind_MACD_HISTOGRAM_12_26_9,long_cond_1,long_cond_2,long_cond_3,short_cond_1,short_cond_2,short_cond_3,signal
2026-07-01 12:32:00+00:00,58518.4,58518.5,58455.7,58495.1,41.446,58507.29806858139,58538.49,50.803271161183474,-5.238358056194556,-11.236519845594065,5.998161789399509,False,False,False,False,False,False,0
2026-07-01 12:33:00+00:00,58495.1,58564.0,58477.2,58557.1,21.808,58506.13634776411,58536.788431372544,47.828471328252874,-5.858380160781962,-10.160891908631644,4.302511747849682,False,False,False,False,False,False,0
2026-07-01 12:34:00+00:00,58557.1,58567.9,58381.8,58411.8,71.801,58510.99002892944,58537.58496347558,55.324865170732515,-1.3315213520036195,-8.39501779730604,7.06349644530242,False,False,False,False,False,False,0
2026-07-01 12:35:00+00:00,58411.8,58443.7,58388.4,58423.1,68.91,58501.54335950759,58532.65221980987,40.601190586630054,-9.36054625849647,-8.588123489544126,-0.7724227689523442,False,False,False,False,False,True,0
2026-07-01 12:36:00+00:00,58423.1,58441.8,58390.1,58390.1,58.604,58494.07256336401,58528.35605432713,41.89627283486473,-14.642995444402914,-9.799097880515884,-4.84389756388703,False,False,False,False,False,True,0
2026-07-01 12:37:00+00:00,58390.1,58420.7,58371.4,58378.4,96.184,58484.1704144722,58522.93424827509,39.207761696503646,-21.24727334851923,-12.088732974116553,-9.158540374402676,False,False,False,False,False,True,0
2026-07-01 12:38:00+00:00,58378.4,58423.2,58375.0,58400.6,72.845,58474.09704166533,58517.26623853881,38.27008634845075,-27.112764317862457,-15.093539242865734,-12.019225074996722,False,False,False,False,False,True,0
2026-07-01 12:39:00+00:00,58400.6,58400.6,58372.9,58380.3,21.517,58467.097323411486,58512.691091929446,41.146204483694234,-29.62831690844905,-18.000494775982396,-11.627822132466655,False,False,False,False,False,True,0
2026-07-01 12:40:00+00:00,58380.3,58388.2,58344.2,58384.3,92.186,58458.83091165801,58507.4992844028,39.341167749365205,-32.88092002747726,-20.97657982628137,-11.90434020119589,False,False,False,False,False,True,0
2026-07-01 12:41:00+00:00,58384.3,58425.0,58367.6,58424.7,37.03,58451.732729595344,58502.66793991642,39.90063514714575,-34.73545614605973,-23.72835509023704,-11.007101055822691,False,False,False,False,False,False,0
2026-07-01 12:42:00+00:00,58424.7,58426.0,58350.0,58359.0,51.309,58449.15818391959,58499.61037364519,45.380094846136416,-32.56980260767159,-25.49664459372395,-7.073158013947641,False,False,False,False,False,False,0
2026-07-01 12:43:00+00:00,58359.0,58378.4,58350.1,58370.0,28.846,58440.571690212964,58494.09624134538,39.13173979362525,-35.74292530428647,-27.545900735836454,-8.197024568450018,False,False,False,False,False,False,0
2026-07-01 12:44:00+00:00,58370.0,58391.9,58360.0,58373.8,37.05,58433.850576859346,58489.22972207693,40.60626743591983,-36.944170433496765,-29.425554675368517,-7.518615758128249,False,False,False,False,False,False,0
2026-07-01 12:45:00+00:00,58373.8,58387.9,58360.7,58365.3,37.703,58428.13147430131,58484.70306630921,41.13676301105816,-37.16116681184212,-30.972677102663237,-6.188489709178885,False,False,False,False,False,False,0
2026-07-01 12:46:00+00:00,58365.3,58379.5,58350.0,58364.1,25.096,58422.14752436786,58480.020593120615,40.270307819078866,-37.58575181695778,-32.295292045522146,-5.290459771435636,False,False,False,False,False,False,0
2026-07-01 12:47:00+00:00,58364.1,58367.8,58325.0,58330.3,131.324,58416.619188713776,58475.47468750804,40.14176156533846,-37.585802726192924,-33.3533941816563,-4.232408544536625,False,False,False,False,False,False,0
2026-07-01 12:48:00+00:00,58330.3,58341.1,58300.0,58321.0,102.679,58408.398313598176,58469.78156250772,36.59809320096806,-39.85381067243725,-34.65347747981249,-5.200333192624761,False,False,False,False,False,False,0
2026-07-01 12:49:00+00:00,58321.0,58335.8,58293.9,58326.8,55.792,58400.07466468406,58463.94699142899,35.66515747966999,-41.9184458363452,-36.10647115111903,-5.8119746852261684,False,False,False,False,False,False,0
2026-07-01 12:50:00+00:00,58326.8,58397.9,58326.8,58386.7,61.018,58393.09612519034,58458.56867803961,36.748078331419755,-42.59565633984312,-37.40430818886385,-5.191348150979266,False,False,False,False,False,False,0
2026-07-01 12:51:00+00:00,58386.7,58394.1,58309.7,58367.5,32.889,58392.48697041031,58455.75029850865,46.722308480748644,-37.86246620622842,-37.49593979233676,-0.3665264138916555,False,False,False,False,False,False,0
2026-07-01 12:52:00+00:00,58367.5,58367.5,58313.9,58351.4,28.11,58390.10725894266,58452.2895024887,44.31034945656949,-35.254269193217624,-37.04760567251294,1.7933364792953128,False,False,True,False,False,False,0
2026-07-01 12:53:00+00:00,58351.4,58382.4,58330.2,58335.5,84.116,58386.42085332907,58448.33305141071,42.336691543487134,-34.093382425831805,-36.45676102317671,2.363378597344905,False,False,True,False,False,False,0
2026-07-01 12:54:00+00:00,58335.5,58400.0,58335.4,58397.0,59.404,58381.57124825011,58443.90822586519,40.42182481897522,-34.06370324995078,-35.97814946853153,1.9144462185807498,False,False,True,False,False,False,0
2026-07-01 12:55:00+00:00,58397.0,58475.8,58396.9,58458.4,156.836,58383.04065317867,58442.068687595965,49.866963166588434,-28.746277077967534,-34.531774990418725,5.785497912451191,False,False,True,False,False,False,0
2026-07-01 12:56:00+00:00,58458.4,58479.9,58435.3,58466.2,68.948,58390.21773382832,58442.70913121965,57.1677541046652,-19.35460384261387,-31.496340760857755,12.141736918243886,False,False,True,False,False,False,0
2026-07-01 12:57:00+00:00,58466.2,58482.2,58432.1,58481.2,166.168,58397.45414013039,58443.63034176006,58.00443573733748,-11.153667788224993,-27.4278061663312,16.27413837810621,False,False,True,False,False,False,0
2026-07-01 12:58:00+00:00,58481.2,58484.6,58458.2,58476.9,49.848,58405.42993630844,58445.103661691035,59.63730308529187,-3.4047444659736357,-22.623193826259687,19.21844936028605,False,False,False,False,False,False,0
2026-07-01 12:59:00+00:00,58476.9,58505.3,58476.1,58497.4,113.106,58412.23660904097,58446.350576918834,58.929935218787364,2.362129868743068,-17.626129087259137,19.988258956002205,False,False,False,False,False,False,0
2026-07-01 13:00:00+00:00,58497.4,58588.1,58491.9,58577.3,159.175,58420.34740817993,58448.35251507888,61.28742326741927,8.488745032758743,-12.403154263255562,20.891899296014305,False,False,False,False,False,False,0
2026-07-01 13:01:00+00:00,58577.3,58697.8,58566.7,58680.6,215.619,58435.295274067554,58453.40927919343,68.80372845265424,19.56585098709911,-6.009353213184627,25.57520420028374,False,False,False,False,False,False,0
2026-07-01 13:02:00+00:00,58680.6,58742.4,58635.8,58700.0,246.748,58458.65762891826,58462.31871922506,75.44234333477215,36.26197843295813,2.4449131160439235,33.81706531691421,False,False,False,False,True,False,0
2026-07-01 13:03:00+00:00,58700.0,58727.6,58600.0,58610.2,130.351,58481.64261664033,58471.63955376526,76.45566494476978,50.477326392727264,12.051395771380594,38.425930621346666,True,False,False,False,True,False,0
2026-07-01 13:04:00+00:00,58610.2,58651.9,58582.3,58601.5,82.62,58493.8861769603,58477.073296754854,63.41221204015629,53.87593432253925,20.416303481612324,33.45963084092693,True,False,False,False,True,False,0
2026-07-01 13:05:00+00:00,58601.5,58644.7,58598.4,58633.8,30.142,58504.13511248789,58481.95277531349,62.303238646528214,55.23067347755568,27.379177480800998,27.851495996754686,True,False,False,False,False,False,0
2026-07-01 13:06:00+00:00,58633.8,58666.6,58619.0,58626.4,37.295,58516.48414939381,58487.90756843845,64.76682588984531,58.239307590716635,33.551203502784126,24.68810408793251,True,False,False,False,False,False,0
2026-07-01 13:07:00+00:00,58626.4,58626.4,58581.4,58599.9,18.371,58526.952325642014,58493.33864418596,63.73908505565207,59.34249035640096,38.709460873507496,20.633029482893463,True,False,False,False,False,False,0
2026-07-01 13:08:00+00:00,58599.9,58606.7,58590.2,58593.7,13.417,58533.89972319992,58497.517520884554,60.06338838524221,57.41657952773676,42.45088460435335,14.96569492338341,True,False,False,False,False,False,0
2026-07-01 13:09:00+00:00,58593.7,58611.9,58593.0,58599.2,32.824,58539.59498765707,58501.289382810646,59.20316886812124,54.75876814313233,44.912461312109144,9.846306831023185,False,False,False,False,False,False,0
2026-07-01 13:10:00+00:00,58599.2,58631.1,58586.2,58631.0,38.398,58545.27165549925,58505.12901485729,59.75382409709905,52.49115217920189,46.42819948552769,6.062952693674198,False,False,False,False,False,False,0
2026-07-01 13:11:00+00:00,58631.0,58686.0,58620.0,58678.2,25.626,58553.43625973742,58510.06513192171,62.874010156469765,52.65309235357563,47.67317805913728,4.979914294438352,False,False,False,False,False,False,0
2026-07-01 13:12:00+00:00,58678.2,58681.3,58638.7,58653.6,19.735,58565.318520714805,58516.65865616007,66.96752649771027,55.945175483313506,49.327577543972524,6.617597939340982,False,False,False,False,False,False,0
2026-07-01 13:13:00+00:00,58653.6,58672.3,58633.5,58649.8,22.936,58573.726280646726,58522.02890493811,63.064671497402514,55.92449787289661,50.64696160975734,5.277536263139268,False,False,False,False,False,False,0
2026-07-01 13:14:00+00:00,58649.8,58657.3,58635.1,58637.5,21.027,58580.97139677561,58527.03953611701,62.45912537192443,54.967847347666975,51.51113875733927,3.4567085903277075,False,False,False,False,False,False,0
2026-07-01 13:15:00+00:00,58637.5,58678.4,58633.0,58649.6,25.343,58586.355073273175,58531.37131901438,60.43626950577992,52.61072403191065,51.731055812253544,0.8796682196571055,False,False,False,False,False,False,0
2026-07-01 13:16:00+00:00,58649.6,58669.6,58629.6,58646.8,33.419,58592.37839962811,58536.00773787656,61.748711307191684,51.12966474996938,51.61077759979671,-0.4811128498273334,False,False,False,False,False,True,0
2026-07-01 13:17:00+00:00,58646.8,58742.0,58643.4,58701.9,104.514,58597.56140918734,58540.35253246964,61.242429207363294,49.1632546031542,51.12127300046821,-1.9580183973140066,False,False,False,False,False,True,0
2026-07-01 13:18:00+00:00,58701.9,58719.2,58680.0,58680.0,45.263,58607.49841783617,58546.68772727475,66.9799092485736,51.45779645846051,51.188577692066666,0.26921876639384124,False,False,True,False,False,True,0
2026-07-01 13:19:00+00:00,58680.0,58680.0,58624.4,58640.2,55.205,58614.4033304232,58551.915659538485,62.988700120284925,50.92209225440456,51.135280604534245,-0.21318835012968407,False,False,True,False,False,True,0
2026-07-01 13:20:00+00:00,58640.2,58679.7,58632.2,58679.7,22.604,58616.86015609718,58555.37779053698,56.4100057038677,46.74714346485416,50.257653176598225,-3.5105097117440636,False,False,True,False,False,True,0
2026-07-01 13:21:00+00:00,58679.7,58830.0,58674.0,58806.8,167.23,58622.84490313554,58560.25317130023,60.787270759890134,46.09443836232822,49.42501021374422,-3.3305718514160034,False,False,True,False,False,True,0
2026-07-01 13:22:00+00:00,58806.8,58870.4,58768.2,58858.1,158.76,58640.36443617025,58569.921674386496,70.90991824532588,55.19679831490794,50.57936783397697,4.61743048093097,False,False,True,False,True,True,0
2026-07-01 13:23:00+00:00,58858.1,58883.0,58800.0,58816.0,197.87,58661.10115653499,58581.22278519487,73.84474517835528,65.79156125992449,53.62180651916647,12.169754740758023,False,False,True,False,True,True,0
2026-07-01 13:24:00+00:00,58816.0,58822.9,58804.1,58809.0,26.998,58675.85342734118,58590.42973479507,67.79950587851793,69.98413551872363,56.8942723190779,13.089863199645734,False,False,True,False,True,True,0
2026-07-01 13:25:00+00:00,58809.0,58809.0,58727.8,58728.3,72.996,58688.534053308686,58599.00111774429,66.82001344141568,71.91297135659988,59.898012126582294,12.014959230017588,False,False,True,False,False,False,0
2026-07-01 13:26:00+00:00,58728.3,58762.3,58725.6,58757.9,68.725,58692.32128632691,58604.071662146474,56.657678354778355,66.16703964717453,61.15181763070074,5.015222016473793,False,False,True,False,False,False,0
2026-07-01 13:27:00+00:00,58757.9,58784.3,58753.4,58776.3,41.306,58698.566878105295,58610.10414598387,59.11388903254288,63.27245452272473,61.57594500910554,1.6965095136191906,False,False,True,False,False,False,0
2026-07-01 13:28:00+00:00,58776.3,58786.9,58748.8,58765.4,27.109,58705.97003257146,58616.62163045509,60.608296410240406,61.751369829522446,61.61102997318892,0.14033985633352586,False,False,False,False,False,False,0
2026-07-01 13:29:00+00:00,58765.4,58822.9,58734.9,58786.7,51.051,58711.630029469416,58622.4560763196,59.227250456374506,58.98640182396775,61.08610434334469,-2.099702519376933,False,False,False,False,False,True,0
2026-07-01 13:30:00+00:00,58786.7,58786.7,58561.6,58757.5,378.052,58718.779550472325,58628.89701450314,61.09295180184745,57.847051941287646,60.43829386293328,-2.591241921645633,False,False,False,False,False,True,0
2026-07-01 13:31:00+00:00,58757.5,58757.6,58665.9,58749.9,117.409,58722.46721233211,58633.940268836355,57.22696163482124,53.96582850679988,59.143800791706596,-5.177972284906716,False,False,False,False,False,True,0
2026-07-01 13:32:00+00:00,58749.9,58855.0,58745.7,58771.8,152.858,58725.07985877667,58638.487709274144,56.2296058763868,49.70372093269543,57.25578481990436,-7.552063887208931,False,False,False,False,False,True,0
2026-07-01 13:33:00+00:00,58771.8,58771.8,58686.2,58696.0,112.396,58729.529396036036,58643.715642243784,58.47540065517752,47.54504723865102,55.31363730365369,-7.76859006500267,False,False,False,False,False,True,0
2026-07-01 13:34:00+00:00,58696.0,58793.6,58686.1,58784.1,111.96,58726.33612022308,58645.76600921462,49.087467084143135,39.265231128061714,52.1039560685353,-12.838724940473583,False,False,False,False,False,True,0
2026-07-01 13:35:00+00:00,58784.1,58823.3,58694.5,58723.7,90.559,58731.8374421066,58651.19087159836,57.60645369337779,39.358648920300766,49.55489463888839,-10.196245718587626,False,False,False,False,False,False,0
2026-07-01 13:36:00+00:00,58723.7,58782.4,58682.0,58710.7,93.603,58731.06244762025,58654.034366829794,51.27225913496724,34.16507426839962,46.476930564790635,-12.311856296391014,False,False,False,False,False,False,0
2026-07-01 13:37:00+00:00,58710.7,58946.5,58710.7,58849.8,474.346,58729.12316689451,58656.256548522746,49.997982169155684,28.669651686221187,42.91547478907675,-14.24582310285556,False,False,False,False,False,False,0
2026-07-01 13:38:00+00:00,58849.8,58900.0,58791.7,58890.4,112.009,58740.616198618845,58663.84648779636,61.12981045840434,35.13369779207278,41.35911938967595,-6.225421597603173,False,False,False,False,False,False,0
2026-07-01 13:39:00+00:00,58890.4,58891.3,58815.7,58827.6,64.392,58754.88132255991,58672.73093925533,63.67197875223529,43.036483797608525,41.694592271262465,1.3418915263460605,False,False,True,False,False,False,0
2026-07-01 13:40:00+00:00,58827.6,59016.2,58786.3,59007.8,306.145,58761.806910887535,58678.80423575512,57.41673255900213,43.72799438545189,42.10127269410035,1.6267216913515412,False,False,True,False,False,False,0
2026-07-01 13:41:00+00:00,59007.8,59055.9,58921.8,58974.4,475.656,58785.23482413634,58691.706030431385,67.33364649705914,58.14638023763109,45.3102942028065,12.83608603482459,False,False,True,False,False,False,0
2026-07-01 13:42:00+00:00,58974.4,58998.0,58936.0,58947.2,108.384,58803.25055517098,58702.79206845369,64.34266997320577,66.11581211340672,49.471397784926545,16.644414328480174,False,False,True,False,False,False,0
2026-07-01 13:43:00+00:00,58947.2,58967.1,58901.7,58924.8,153.532,58816.960026107074,58712.37669322021,61.93004731562299,69.43641187803587,53.46440060354841,15.972011274487457,False,False,True,False,False,False,0
2026-07-01 13:44:00+00:00,58924.8,59013.3,58917.3,58992.5,269.818,58827.230499811165,58720.70701897628,59.936860027842854,69.45982865228143,56.663486213295016,12.796342438986414,False,False,True,False,False,False,0
2026-07-01 13:45:00+00:00,58992.5,59095.2,58920.3,59081.9,295.151,58842.9704522101,58731.36556725172,63.7357026150183,74.08717992952006,60.14822495654003,13.938954972980035,False,False,False,False,False,False,0
2026-07-01 13:46:00+00:00,59081.9,59232.3,59068.7,59191.7,600.976,58865.72564723771,58745.11201559479,68.0447569667479,83.99992318172008,64.91856460157604,19.08135858014404,False,False,False,False,False,False,0
2026-07-01 13:47:00+00:00,59191.7,59265.6,59137.7,59201.7,365.028,58896.770823691266,58762.62526988519,72.38485498096088,99.56802774476091,71.84845723021301,27.719570514547897,False,False,False,False,True,False,0
2026-07-01 13:48:00+00:00,59201.7,59339.3,59184.6,59292.8,404.354,58925.81169762543,58779.84388675244,72.74788288024148,111.42830308339035,79.76442640084848,31.66387668254187,False,False,False,False,True,False,0
2026-07-01 13:49:00+00:00,59292.8,59386.2,59234.8,59303.0,229.015,58960.762964518246,58799.95981276215,75.8611241299604,126.71793985201657,89.1551290910821,37.56281076093447,False,False,False,False,True,False,0
2026-07-01 13:50:00+00:00,59303.0,59321.1,59241.1,59319.1,173.065,58993.35696789746,58819.68687892834,76.1891096290095,138.0665961254199,98.93742249794965,39.12917362747024,False,False,False,False,True,False,0
2026-07-01 13:51:00+00:00,59319.1,59381.0,59306.8,59368.3,151.624,59024.38011381199,58839.27170720566,76.72664492287633,146.66891547209525,108.48372109277878,38.18519437931647,False,False,False,False,True,False,0
2026-07-01 13:52:00+00:00,59368.3,59411.2,59339.5,59407.9,225.759,59057.13438868704,58860.01791476623,78.33614499221227,155.6619700545707,117.91937088513717,37.74259916943353,False,False,False,False,True,False,0
2026-07-01 13:53:00+00:00,59407.9,59471.2,59333.4,59346.0,346.659,59090.540637383514,58881.50348673618,79.56132395448498,164.09285931372142,127.15406857085402,36.9387907428674,False,False,False,False,True,False,0
2026-07-01 13:54:00+00:00,59346.0,59410.0,59307.3,59398.5,129.67,59114.87010048985,58899.71903627594,72.64537314208248,163.89036104879779,134.50132706644277,29.389033982355016,False,False,False,False,True,False,0
2026-07-01 13:55:00+00:00,59398.5,59429.5,59353.5,59385.3,315.867,59141.882471871766,58919.27907406904,74.6574885362047,166.052046327859,140.811470918726,25.240575409132987,False,False,False,False,True,False,0
2026-07-01 13:56:00+00:00,59385.3,59399.6,59288.0,59312.2,110.321,59165.06509359826,58937.55440449771,73.19958095345561,164.80035193022195,145.6092471210252,19.19110480919676,False,False,False,False,True,False,0
2026-07-01 13:57:00+00:00,59312.2,59355.2,59263.8,59342.0,240.402,59179.077941827,58952.24638863505,65.56387239129663,156.11027396136342,147.70945248909283,8.400821472270593,False,False,False,False,True,False,0
2026-07-01 13:58:00+00:00,59342.0,59387.5,59328.8,59368.6,101.666,59194.59432831967,58967.5308439827,67.0718392364785,149.8999818323573,148.1475583577457,1.7524234746115894,False,False,False,False,False,False,0
2026-07-01 13:59:00+00:00,59368.6,59491.9,59341.8,59468.9,198.209,59211.16629705113,58983.25904617945,68.40195004285187,145.4480437616803,147.60765543853262,-2.1596116768523075,False,False,False,False,False,True,0
2026-07-01 14:00:00+00:00,59468.9,59477.2,59325.3,59370.6,284.412,59235.712363998646,59002.30378946653,72.85461778433582,148.30367013067735,147.74685837696157,0.5568117537157775,False,False,True,False,True,True,0
2026-07-01 14:01:00+00:00,59370.6,59389.2,59252.0,59303.2,140.666,59248.55880552258,59016.7467781149,63.42190598410987,141.0093184809666,146.3993503977626,-5.3900319167959765,False,False,True,False,True,True,0
2026-07-01 14:02:00+00:00,59303.2,59335.9,59260.4,59290.8,103.426,59253.76272880615,59027.98023779667,57.88768233978573,128.31078863027506,142.7816380442651,-14.470849413990038,False,False,True,False,False,True,0
2026-07-01 14:03:00+00:00,59290.8,59389.1,59286.3,59381.4,109.755,59257.29008796747,59038.28689513798,56.903884639008474,115.91039300787088,137.40738903698625,-21.496996029115365,False,False,True,False,False,True,0
2026-07-01 14:04:00+00:00,59381.4,59420.0,59316.3,59332.1,89.652,59269.11007958962,59051.74231101492,61.987134383143896,112.1014175999153,132.34619474957205,-20.244777149656755,False,False,True,False,False,True,0
2026-07-01 14:05:00+00:00,59332.1,59366.7,59256.5,59342.8,184.183,59275.1091196287,59062.7367301908,57.97955956239404,103.90690504268423,126.65833680819449,-22.75143176551026,False,False,True,False,False,True,0
2026-07-01 14:06:00+00:00,59342.8,59354.9,59303.2,59353.6,52.207,59281.555870140255,59073.719603516656,58.60509016634832,97.15613987627876,120.75789742181135,-23.601757545532593,False,False,False,False,False,True,0
2026-07-01 14:07:00+00:00,59353.6,59371.2,59308.2,59362.5,47.769,59288.41721584118,59084.695305339534,59.2642464221305,91.62142483278876,114.93060290400683,-23.30917807121807,False,False,False,False,False,False,0
2026-07-01 14:08:00+00:00,59362.5,59441.4,59361.3,59431.2,141.59,59295.4727190944,59095.58960709092,59.831887474726685,86.9509623362319,109.33467479045184,-22.383712454219946,False,False,False,False,False,False,0
2026-07-01 14:09:00+00:00,59431.2,59480.0,59400.0,59472.8,142.056,59308.3991267997,59108.75079896971,64.00182836645024,87.78121579520666,105.0239829914028,-17.24276719619614,False,False,False,False,False,False,0
2026-07-01 14:10:00+00:00,59472.8,59733.6,59471.0,59668.1,1119.868,59324.05635281877,59123.027238225804,66.28428298311977,90.74986205742607,102.16915880460746,-11.419296747181392,False,False,False,False,False,False,0
2026-07-01 14:11:00+00:00,59668.1,59775.3,59654.5,59749.0,707.961,59356.82241445508,59144.402640648324,74.46870688952055,107.62102523087378,103.25953208986073,4.361493141013057,False,False,True,False,True,False,0
2026-07-01 14:12:00+00:00,59749.0,59800.0,59706.9,59788.9,753.949,59394.17266069745,59168.112341015054,76.96333744572453,126.06628383991483,107.82088243987155,18.245401400043278,False,False,True,False,True,False,0
2026-07-01 14:13:00+00:00,59788.9,59900.0,59767.9,59894.3,777.444,59431.765740631025,59192.45695509289,78.09988815254307,142.2639504556646,114.70949604303016,27.554454412634442,False,False,True,False,True,False,0
2026-07-01 14:14:00+00:00,59894.3,59973.7,59856.3,59945.0,518.176,59475.816622475686,59219.980211755916,80.79532203506112,161.74116560526454,124.11582995547704,37.6253356497875,False,False,True,False,True,False,0
2026-07-01 14:15:00+00:00,59945.0,59988.0,59869.9,59869.9,469.582,59520.50075366848,59248.412360314505,81.94638369973377,179.2023322825189,135.1331304208854,44.0692018616335,False,False,True,False,True,False,0
2026-07-01 14:16:00+00:00,59869.9,59938.6,59837.8,59912.7,330.363,59553.77687236672,59272.7844246159,74.79513964659371,184.8496585136163,145.0764360394316,39.773222474184706,False,False,True,False,True,False,0
2026-07-01 14:17:00+00:00,59912.7,60049.6,59906.0,60049.5,495.554,59587.96002737941,59297.879153062335,76.07648251656366,190.58189805634174,154.17752844281364,36.404369613528104,False,False,False,False,True,False,0
2026-07-01 14:18:00+00:00,60049.5,60057.1,59971.0,60014.4,230.667,59631.91621524804,59327.354480393224,79.63935029055301,203.81391595384775,164.10480594502047,39.70911000882728,False,False,False,False,True,False,0
2026-07-01 14:19:00+00:00,60014.4,60014.5,59951.9,59999.9,130.693,59668.34324236728,59354.29744194643,76.49164284361493,209.05821583418583,173.09548792285355,35.96272791133228,False,False,False,False,True,False,0
2026-07-01 14:20:00+00:00,59999.9,60071.7,59973.5,60000.8,170.743,59699.92007642754,59379.61518932108,75.16987240275918,209.62787282494537,180.4019649032719,29.225907921673468,False,False,False,False,True,False,0
2026-07-01 14:21:00+00:00,60000.8,60042.6,59953.3,60008.2,154.449,59728.57530724396,59403.975377975155,75.19851938282456,207.75705852625833,185.8729836278692,21.884074898389144,False,False,False,False,True,False,0
2026-07-01 14:22:00+00:00,60008.2,60021.5,59951.9,59957.6,143.794,59755.20623036358,59427.67046119182,75.44932498080254,204.51403241160006,189.60119338461536,14.912839026984699,False,False,False,False,True,False,0
2026-07-01 14:23:00+00:00,59957.6,59986.3,59927.0,59933.9,182.947,59774.48182747181,59448.452011733316,70.22024327906571,195.60608850511198,190.80217240871468,4.803916096397302,False,False,False,False,True,False,0
2026-07-01 14:24:00+00:00,59933.9,59934.0,59857.8,59899.5,205.662,59789.66451056974,59467.48918774378,67.84836726916306,184.50720266949065,189.54317846086988,-5.035975791379229,False,False,False,False,True,True,0
2026-07-01 14:25:00+00:00,59899.5,59947.8,59881.9,59893.2,196.9,59800.12503337262,59484.43078822441,64.44570822778195,170.96468866528448,185.8274805017528,-14.862791836468318,False,False,False,False,False,True,0
2026-07-01 14:26:00+00:00,59893.2,59915.8,59855.6,59892.9,115.189,59808.98931590856,59500.46095339208,63.81451073309377,157.9035772526986,180.24269985194195,-22.339122599243353,False,False,False,False,False,True,0
2026-07-01 14:27:00+00:00,59892.9,59900.0,59781.5,59815.7,273.384,59816.980809631554,59515.85071992572,63.7824747526316,145.847110165887,173.36358191473096,-27.51647174884397,False,False,False,False,False,True,0
2026-07-01 14:28:00+00:00,59815.7,59820.6,59768.0,59782.2,156.856,59816.858827761884,59527.60951522275,55.99260843153322,128.58068028116395,164.40700158801755,-35.8263213068536,False,False,False,False,False,True,0
2026-07-01 14:29:00+00:00,59782.2,59817.3,59753.2,59760.5,122.188,59813.55798702266,59537.59345580225,52.969414535845814,110.91517902924534,153.7086370762631,-42.793458047017765,False,False,False,False,False,True,0
2026-07-01 14:30:00+00:00,59760.5,59798.8,59677.4,59680.5,263.619,59808.504845401454,59546.334888908044,51.04675215953976,94.07964182014985,141.78283802504046,-47.70319620489062,False,False,False,False,False,False,0
2026-07-01 14:31:00+00:00,59680.5,59729.2,59672.7,59706.1,135.387,59796.313907744174,59551.59626581361,44.61701392270135,73.43550706293172,128.11337183261872,-54.677864769687005,False,False,False,False,False,False,0
2026-07-01 14:32:00+00:00,59706.1,59715.7,59662.6,59694.6,79.549,59787.72210700663,59557.655235781705,46.92101383342297,58.46662077664223,114.18402162142343,-55.717400844781196,False,False,False,False,False,False,0
2026-07-01 14:33:00+00:00,59694.6,59701.6,59567.0,59567.1,158.097,59778.85333491076,59563.02561869223,45.99533060899124,45.15519567170122,100.37825643147899,-55.223060759777766,False,False,False,False,False,False,0
2026-07-01 14:34:00+00:00,59567.1,59666.7,59511.0,59636.8,420.327,59758.68635063354,59563.18539835136,37.2264581789582,24.0404871630235,85.11070257778789,-61.07021541476439,False,False,False,False,False,False,0
2026-07-01 14:35:00+00:00,59636.8,59724.8,59550.0,59550.0,129.118,59747.078126763685,59566.07224547483,43.56101818001032,12.783772665767174,70.64531659538375,-57.86154392961657,False,False,False,False,False,False,0
2026-07-01 14:36:00+00:00,59550.0,59597.3,59525.1,59597.2,139.457,59728.30878135762,59565.44196133856,38.36841315404213,-3.1054910875391215,55.895155058799176,-59.0006461463383,False,False,False,False,False,False,0
2026-07-01 14:37:00+00:00,59597.2,59657.9,59575.3,59594.0,59.154,59715.822230752136,59566.6873746194,42.389953669716654,-11.753712078447279,42.365381631349884,-54.11909370979716,False,False,False,False,False,False,0
2026-07-01 14:38:00+00:00,59594.0,59679.9,59566.0,59638.7,51.37,59704.220113537645,59567.75845796766,42.188960828234016,-18.650709013454616,30.162163502388985,-48.8128725158436,False,False,False,False,False,False,0
2026-07-01 14:39:00+00:00,59638.7,59721.6,59626.6,59718.7,100.141,59697.980102724534,59570.54047922383,46.037963458991776,-20.275983432460635,20.074534115419063,-40.3505175478797,False,False,False,False,False,False,0
2026-07-01 14:40:00+00:00,59718.7,59745.3,59619.1,59645.3,83.846,59699.95342627458,59576.350656509174,52.175010628790595,-14.936514861226897,13.07232432008987,-28.008839181316766,False,False,False,False,False,False,0
2026-07-01 14:41:00+00:00,59645.3,59645.3,59600.0,59610.8,114.187,59694.74833805795,59579.054552332345,46.904241395183554,-16.438224500736396,7.170214555924616,-23.608439056661013,False,False,False,False,False,False,0
2026-07-01 14:42:00+00:00,59610.8,59681.7,59607.0,59634.9,75.272,59686.753258242905,59580.299471848724,44.62246675423279,-20.179584195502684,1.7002548056391555,-21.87983900114184,False,False,False,False,False,False,0
2026-07-01 14:43:00+00:00,59634.9,59676.0,59629.8,59659.4,44.599,59681.81485269596,59582.44066903113,46.57755786489118,-20.95837501965434,-2.831471159419544,-18.126903860234798,False,False,False,False,False,False,0
2026-07-01 14:44:00+00:00,59659.4,59677.5,59573.2,59587.9,70.076,59679.68010482016,59585.4586820103,48.56557890263058,-19.37528093578294,-6.140233114692223,-13.235047821090717,False,False,False,False,False,False,0
2026-07-01 14:45:00+00:00,59587.9,59587.9,59500.0,59502.0,98.15,59670.93914245634,59585.55441997068,43.48030383203864,-23.617867839464452,-9.63576005964667,-13.982107779817783,False,False,False,False,False,False,0
2026-07-01 14:46:00+00:00,59502.0,59510.9,59401.0,59437.1,213.865,59654.84970031764,59582.27777605026,38.29262770771265,-33.52510409916431,-14.413628867550198,-19.11147523161411,False,False,False,False,False,False,0
2026-07-01 14:47:00+00:00,59437.1,59518.0,59437.1,59507.8,218.591,59634.11163362072,59576.58452993064,34.904228697603386,-46.082339298656734,-20.747370953771505,-25.33496834488523,False,False,False,False,False,False,0
2026-07-01 14:48:00+00:00,59507.8,59634.6,59504.6,59621.2,296.897,59622.08195422827,59573.88709738434,41.02628429074293,-49.75558808117785,-26.549014379252775,-23.206573701925073,False,False,False,False,False,False,0
2026-07-01 14:49:00+00:00,59621.2,59676.9,59587.9,59595.1,90.942,59621.99795858748,59575.74250533005,49.2677905488544,-43.02032045402302,-29.843275594206823,-13.177044859816199,False,False,False,False,False,False,0
2026-07-01 14:50:00+00:00,59595.1,59639.9,59570.8,59615.5,51.855,59619.43624824582,59576.50162276808,47.618357660900536,-39.33519259282184,-31.741658993929825,-7.593533598892016,False,False,False,False,False,False,0
2026-07-01 14:51:00+00:00,59615.5,59689.1,59607.6,59666.1,97.675,59619.0613674605,59578.030970894826,49.05403131581182,-34.372369424156204,-32.2678010799751,-2.1045683441811036,False,False,False,False,False,False,0
2026-07-01 14:52:00+00:00,59666.1,59696.8,59630.7,59690.7,195.343,59623.54123722616,59581.484658310714,52.52944093922971,-26.055942503699043,-31.02542936471989,4.969486861020847,False,False,True,False,False,False,0
2026-07-01 14:53:00+00:00,59690.7,59745.8,59690.7,59715.1,70.852,59629.93730987129,59585.76761288676,54.16644221876642,-17.280896426374966,-28.276522777050907,10.995626350675941,False,False,True,False,False,False,0
2026-07-01 14:54:00+00:00,59715.1,59740.9,59639.9,59644.7,91.4,59638.0480422645,59590.83947120493,55.79475516319721,-8.262488286854932,-24.27371587901171,16.01122759215678,False,False,True,False,False,False,0
2026-07-01 14:55:00+00:00,59644.7,59649.1,59506.1,59507.8,90.554,59638.681562048834,59592.95164880473,50.24798153415644,-6.718578909320058,-20.76268848507338,14.044109575753321,False,False,True,False,False,False,0
2026-07-01 14:56:00+00:00,59507.8,59595.4,59490.7,59591.3,48.737,59626.216651377516,59589.61236845945,41.58942570279718,-16.35319601912488,-19.88078999188368,3.527593972758801,False,False,True,False,False,False,0
2026-07-01 14:57:00+00:00,59591.3,59594.2,59519.7,59519.8,38.947,59622.89125600823,59589.678550088494,47.52849106701208,-17.054355338557798,-19.315503061218504,2.2611477226607057,False,False,True,False,False,False,0
2026-07-01 14:58:00+00:00,59519.8,59529.3,59492.9,59497.0,57.869,59613.0730411503,59586.938214790905,43.454109204004396,-23.11304876160284,-20.075012201295372,-3.038036560307468,False,False,False,False,False,True,0
2026-07-01 14:59:00+00:00,59497.0,59522.9,59492.9,59522.9,42.052,59602.018465802656,59583.41122597558,42.21145160685225,-29.415295189784956,-21.943068798993288,-7.472226390791668,False,False,False,False,False,True,0
2026-07-01 15:00:00+00:00,59522.9,59538.4,59507.4,59516.2,70.351,59594.48337382145,59581.03823672164,44.16479389334159,-31.95163874245918,-23.944782787686467,-8.006855954772714,False,False,False,False,False,True,0
2026-07-01 15:01:00+00:00,59516.2,59609.2,59492.5,59587.4,79.779,59587.027814409885,59578.49556077177,43.75278932288669,-34.10915418979857,-25.97765706810889,-8.131497121689684,False,False,False,False,False,True,0
2026-07-01 15:02:00+00:00,59587.4,59687.4,59546.1,59678.0,58.506,59587.06326065656,59578.844754467,49.17857391068143,-29.73103490563517,-26.728332635614144,-3.0027022700210253,False,False,False,False,False,True,0
2026-07-01 15:03:00+00:00,59678.0,59727.6,59658.0,59709.7,124.273,59595.723902498794,59582.73319546829,55.11223125091688,-18.734718829378835,-25.129609874367084,6.394891044988249,False,False,True,False,False,True,0
2026-07-01 15:04:00+00:00,59709.7,59740.0,59666.7,59739.8,64.809,59606.57876892748,59587.712285842084,57.00379710989283,-7.377095478135743,-21.579106995120817,14.202011516985074,False,False,True,False,False,False,0
2026-07-01 15:05:00+00:00,59739.8,59850.0,59699.9,59798.8,421.17,59619.266505220105,59593.67650992671,58.78000305944361,4.006536440690979,-16.461978307958457,20.468514748649437,False,False,True,False,False,False,0
2026-07-01 15:06:00+00:00,59798.8,59968.9,59792.3,59939.1,237.876,59636.36493329438,59601.72056836096,62.08621408435507,17.586230548702588,-9.652336536626247,27.238567085328835,False,False,True,False,False,False,0
2026-07-01 15:07:00+00:00,59939.1,59970.0,59891.7,59909.1,148.562,59665.196844409205,59614.95113430759,68.54687265865368,39.217201937615755,0.12157115822215481,39.0956307793936,False,False,True,False,False,False,0
2026-07-01 15:08:00+00:00,59909.1,59909.1,59762.7,59789.3,143.327,59688.425716370235,59626.48638394258,65.95866131197555,53.324462120523094,10.762149350682344,42.56231276984075,False,False,True,False,False,False,0
2026-07-01 15:09:00+00:00,59789.3,59800.0,59736.0,59789.0,73.426,59698.03279100164,59632.87123163111,56.74449451723539,54.21277751031448,19.45227498260877,34.76050252770571,False,False,False,False,False,False,0
2026-07-01 15:10:00+00:00,59789.0,59863.9,59768.0,59855.9,58.557,59706.69633471577,59638.99392842989,56.72312505927011,54.26701005206269,26.415221996499554,27.851788055563134,False,False,False,False,False,False,0
2026-07-01 15:11:00+00:00,59855.9,59870.4,59815.3,59852.2,36.348,59720.90620759998,59647.500048883616,60.31245632347603,59.027824606964714,32.937742518592586,26.090082088372128,False,False,False,False,False,False,0
2026-07-01 15:12:00+00:00,59852.2,59901.4,59791.4,59868.4,91.173,59733.41037830475,59655.527497947005,60.01598351562385,61.78996906329121,38.70818782753231,23.081781235758896,False,False,False,False,False,False,0
2026-07-01 15:13:00+00:00,59868.4,59925.1,59857.3,59906.1,107.663,59746.26653275191,59663.875439203985,60.92173916509091,64.54219085598743,43.874988433223336,20.667202422764092,False,False,False,False,False,False,0
2026-07-01 15:14:00+00:00,59906.1,59950.0,59862.8,59894.8,55.042,59761.48876772792,59673.374441588145,63.021111664721396,68.97037384621217,48.894065515821104,20.076308330391065,False,False,False,False,False,False,0
2026-07-01 15:15:00+00:00,59894.8,59927.0,59847.9,59866.5,281.126,59774.18507556336,59682.05779681998,61.94688597822252,70.75233631609444,53.26571967587577,17.48661664021867,False,False,False,False,False,False,0
2026-07-01 15:16:00+00:00,59866.5,59891.1,59853.8,59854.2,141.116,59782.97697312875,59689.29082439567,59.22417724289335,69.0846164698014,56.4294990346609,12.655117435140504,False,False,False,False,False,False,0
2026-07-01 15:17:00+00:00,59854.2,59877.9,59838.6,59856.6,330.817,59789.76011854506,59695.75785088996,58.03035331527446,66.0095126988308,58.34550176749488,7.664010931335923,False,False,False,False,False,False,0
2026-07-01 15:18:00+00:00,59856.6,59871.5,59821.2,59840.6,72.336,59796.12582154077,59702.06538614918,58.20737712570023,63.03945119509444,59.28429165301479,3.755159542079653,False,False,False,False,False,False,0
2026-07-01 15:19:00+00:00,59840.6,59875.0,59840.4,59874.9,44.243,59800.361457584506,59707.498116104114,56.4965286016768,58.717728350908146,59.17097899259346,-0.45325064168531526,False,False,False,False,False,True,0
2026-07-01 15:20:00+00:00,59874.9,59950.0,59853.4,59917.0,68.956,59807.46036638598,59714.062895864736,59.260944048468325,57.398797594345524,58.81654271294387,-1.4177451185983472,False,False,False,False,False,True,0
2026-07-01 15:21:00+00:00,59917.0,60067.8,59917.0,60047.6,300.827,59817.89271244446,59722.021213673965,62.41766247626096,59.069734493401484,58.8671810690354,0.20255342436608714,False,False,True,False,False,True,0
2026-07-01 15:22:00+00:00,60047.6,60174.2,60019.4,60162.1,362.815,59839.76959697356,59734.78900921616,70.1458176022294,70.12394734031841,61.118534323291996,9.005413017026413,False,False,True,False,True,True,0
2026-07-01 15:23:00+00:00,60162.1,60496.6,60148.1,60476.8,2768.634,59870.467730595126,59751.54630297239,74.99965325854673,87.119425242141,66.3187125070618,20.800712735079202,False,False,True,False,True,True,0
2026-07-01 15:24:00+00:00,60476.8,60522.0,60383.6,60397.1,626.385,59928.21366101464,59779.98762442445,83.12194043570702,124.5464301482134,77.96425603529212,46.58217411292128,False,False,True,False,True,True,0
2026-07-01 15:25:00+00:00,60397.1,60450.0,60324.4,60377.6,264.212,59972.86950282277,59804.18810974114,76.35609202667139,146.09241484502127,91.58988779723795,54.50252704778332,False,False,True,False,True,False,0
2026-07-01 15:26:00+00:00,60377.6,60377.7,60308.4,60353.7,129.517,60011.415264458694,59826.6748505356,74.75286362617983,159.75274570610782,105.22245937901192,54.530286327095894,False,False,True,False,True,False,0
2026-07-01 15:27:00+00:00,60353.7,60419.7,60321.0,60321.0,136.185,60044.01381070072,59847.34250345577,72.7370274870679,166.72818731287407,117.52360496578436,49.20458234708971,False,False,False,False,True,False,0
2026-07-01 15:28:00+00:00,60321.0,60340.0,60253.2,60284.0,185.649,60070.39344777684,59865.91730724182,69.9573446573072,167.6846935596186,127.5558226845512,40.128870875067406,False,False,False,False,True,False,0
2026-07-01 15:29:00+00:00,60284.0,60309.6,60273.9,60284.7,97.305,60090.736928940954,59882.312706957826,66.8445919004783,163.57158941038506,134.75897602971799,28.812613380667074,False,False,False,False,False,False,0
2026-07-01 15:30:00+00:00,60284.7,60324.9,60270.3,60312.8,105.842,60109.20960237515,59898.092600802614,66.8746217499352,158.54084867340134,139.51535055845466,19.025498114946686,False,False,False,False,False,False,0
2026-07-01 15:31:00+00:00,60312.8,60357.0,60264.8,60348.5,179.892,60128.59916405371,59914.35563606526,68.12278699302257,155.03424725640798,142.61912989804532,12.415117358362664,False,False,False,False,False,False,0
2026-07-01 15:32:00+00:00,60348.5,60353.0,60230.3,60231.2,121.944,60149.5421008105,59931.380905239166,69.68559924071023,153.36800116324594,144.76890415108545,8.599097012160485,False,False,False,False,False,False,0
2026-07-01 15:33:00+00:00,60231.2,60255.0,60215.2,60244.7,78.158,60157.31904359045,59943.13851679841,59.38388401490411,140.95748925363296,144.00662117159496,-3.0491319179620007,False,False,False,False,False,True,0
2026-07-01 15:34:00+00:00,60244.7,60253.3,60201.0,60226.6,102.562,60165.641039438975,59954.96445731612,60.114686393553626,130.70472363495355,141.34624166426667,-10.641518029313119,False,False,False,False,False,True,0
2026-07-01 15:35:00+00:00,60226.6,60257.1,60176.8,60224.7,174.155,60171.4466547305,59965.61683153902,58.59248208347788,119.73854289513838,137.02470191044102,-17.286159015302644,False,False,False,False,False,True,0
2026-07-01 15:36:00+00:00,60224.7,60256.5,60204.9,60254.7,65.583,60176.51840189902,59975.77695579239,58.42523730947163,109.630697097331,131.545900947819,-21.915203850488012,False,False,False,False,False,True,0
2026-07-01 15:37:00+00:00,60254.7,60254.7,60184.6,60192.0,77.156,60183.96426838483,59986.71511438877,60.34969991116982,102.85525441132631,125.80777164052047,-22.952517229194157,False,False,False,False,False,True,0
2026-07-01 15:38:00+00:00,60192.0,60224.8,60116.9,60138.8,235.209,60184.729576157704,59994.765502059796,54.65535955178338,91.37301009139628,118.92081933069564,-27.547809239299355,False,False,False,False,False,True,0
2026-07-01 15:39:00+00:00,60138.8,60191.8,60132.2,60144.0,113.394,60180.355330809354,60000.41391374372,50.31712618083479,77.09178721861099,110.55501290827871,-33.46322568966772,False,False,False,False,False,False,0
2026-07-01 15:40:00+00:00,60144.0,60168.7,60139.0,60162.1,34.193,60176.89291835132,60006.044740655736,50.728796654323126,65.43907086849504,101.53182450032197,-36.09275363182694,False,False,False,False,False,False,0
2026-07-01 15:41:00+00:00,60162.1,60192.5,60146.4,60185.3,46.498,60175.48406898452,60012.164554747666,52.213063923853696,57.007580042984046,92.6269756088544,-35.61939556587035,False,False,False,False,False,False,0
2026-07-01 15:42:00+00:00,60185.3,60216.7,60183.5,60207.6,58.987,60176.41891955742,60018.95418005168,54.12084461553217,51.60276438148139,84.4221333633798,-32.81936898189841,False,False,False,False,False,False,0
2026-07-01 15:43:00+00:00,60207.6,60231.6,60207.4,60208.5,29.304,60179.38854626624,60026.35205534377,55.941591718800034,48.5590738844985,77.24952146760354,-28.69044758310504,False,False,False,False,False,False,0
2026-07-01 15:44:00+00:00,60208.5,60210.1,60190.6,60194.4,24.027,60182.161065669454,60033.495111996956,56.01745592010361,45.69283120014734,70.9381834141123,-25.245352213964964,False,False,False,False,False,False,0
2026-07-01 15:45:00+00:00,60194.4,60204.1,60154.1,60167.3,69.006,60183.326678462836,60039.805107604916,54.436005352324344,41.801697117538424,65.11088615479753,-23.309189037259102,False,False,False,False,False,False,0
2026-07-01 15:46:00+00:00,60167.3,60183.6,60140.1,60153.6,36.122,60181.800328133046,60044.80490730669,51.430693903205174,36.11489181500656,59.31168728683933,-23.196795471832772,False,False,False,False,False,False,0
2026-07-01 15:47:00+00:00,60153.6,60223.8,60153.6,60213.9,150.411,60179.114582596565,60049.07138152995,49.92997099774766,30.15497436356236,53.480344702183935,-23.325370338621575,False,False,False,False,False,False,0
2026-07-01 15:48:00+00:00,60213.9,60230.3,60138.1,60159.5,77.361,60182.42747949213,60055.53524892093,56.01378771090288,29.952133347600466,48.774702431267244,-18.822569083666778,False,False,False,False,False,False,0
2026-07-01 15:49:00+00:00,60159.5,60159.6,60103.2,60105.8,82.425,60180.24391001669,60059.61229798286,50.09955489096861,25.11227633114322,44.04221721124244,-18.929940880099217,False,False,False,False,False,False,0
2026-07-01 15:50:00+00:00,60105.8,60115.0,60061.7,60061.7,125.046,60173.15401382462,60061.4235804149,45.04366858007282,16.750425092250225,38.583858787443994,-21.83343369519377,False,False,False,False,False,False,0
2026-07-01 15:51:00+00:00,60061.7,60111.9,60052.8,60082.2,134.48,60162.539345841324,60061.434420398626,41.35288770553049,6.490280388359679,32.16514310762713,-25.674862719267452,False,False,False,False,False,False,0
2026-07-01 15:52:00+00:00,60082.2,60117.5,60081.8,60100.6,22.801,60154.88797957072,60062.24875685358,43.66374146717661,0.013069803964754101,25.734728446894657,-25.721658642929903,False,False,False,False,False,False,0
2026-07-01 15:53:00+00:00,60100.6,60139.9,60078.1,60115.7,31.646,60149.71769580208,60063.75272717305,45.730685929908596,-3.5940105092086014,19.868980655674005,-23.462991164882606,False,False,False,False,False,False,0
2026-07-01 15:54:00+00:00,60115.7,60117.1,60061.9,60078.6,25.345,60146.4779152495,60065.78987512705,47.43512032330619,-5.174554794357391,14.860273565667725,-20.034828360025116,False,False,False,False,False,False,0
2026-07-01 15:55:00+00:00,60078.6,60096.7,60075.1,60075.1,27.724,60140.013351892405,60066.2922329652,43.79564693318559,-9.313447840613662,10.025529284411448,-19.33897712502511,False,False,False,False,False,False,0
2026-07-01 15:56:00+00:00,60075.1,60109.0,60075.1,60106.2,39.176,60133.83112790265,60066.637635594016,43.45689943455995,-12.729236434228369,5.474576140683484,-18.203812574911854,False,False,False,False,False,False,0
2026-07-01 15:57:00+00:00,60106.2,60119.2,60106.1,60119.2,15.154,60131.19959191192,60068.18910086484,47.35354840250792,-12.779449874418788,1.8237709376630296,-14.603220812081817,False,False,False,False,False,False,0
2026-07-01 15:58:00+00:00,60119.2,60124.0,60108.2,60124.0,25.469,60130.0567736346,60070.1895282819,48.93763965964524,-11.636119095375761,-0.868207068944729,-10.767912026431032,False,False,False,False,False,False,0
2026-07-01 15:59:00+00:00,60124.0,60169.1,60114.9,60121.7,92.232,60129.479938050354,60072.29974285908,49.541350924649976,-10.224835788772907,-2.7395328129103644,-7.485302975862543,False,False,False,False,False,False,0
2026-07-01 16:00:00+00:00,60121.7,60146.1,60082.7,60092.2,63.13,60128.738991569364,60074.237007845004,49.240932926258445,-9.186082932727004,-4.028842836873692,-5.157240095853312,False,False,False,False,False,False,0
2026-07-01 16:01:00+00:00,60092.2,60092.9,60040.8,60092.9,98.286,60125.25908761038,60074.941438909904,45.435271938791544,-10.620836872491054,-5.347241643997164,-5.27359522849389,False,False,False,False,False,False,0
2026-07-01 16:02:00+00:00,60092.9,60135.0,60090.3,60134.9,21.35,60122.17726974272,60075.64569620755,45.54282422526555,-11.568056205665926,-6.591404556330916,-4.976651649335009,False,False,False,False,False,False,0
2026-07-01 16:03:00+00:00,60134.9,60154.1,60134.9,60147.9,31.288,60123.388958338655,60077.96939439549,51.69508717261756,-8.82792256407265,-7.038708157879263,-1.7892144061933877,False,False,False,False,False,False,0
2026-07-01 16:04:00+00:00,60147.9,60148.0,60084.5,60112.1,54.814,60125.72334325878,60080.711771085866,53.44814215615068,-5.543454069222207,-6.739657340147852,1.1962032709256452,False,False,True,False,False,False,0
2026-07-01 16:05:00+00:00,60112.1,60119.9,60085.1,60100.8,20.558,60124.42588199604,60081.94268202368,48.25456057628032,-5.762819732008211,-6.544289818519924,0.781470086511713,False,False,True,False,False,False,0
2026-07-01 16:06:00+00:00,60100.8,60161.2,60099.0,60147.0,30.581,60122.17579799642,60082.682184689416,46.71165379554454,-6.770438758612727,-6.5895196065384845,-0.18091915207424236,False,False,True,False,False,True,0
2026-07-01 16:07:00+00:00,60147.0,60192.1,60146.9,60192.0,61.751,60124.540007711046,60085.204451956495,53.28791149246981,-3.7972577822074527,-6.031067241672278,2.2338094594648252,False,False,True,False,False,True,0
2026-07-01 16:08:00+00:00,60192.0,60203.0,60181.1,60181.1,31.895,60130.96476888142,60089.39251266408,58.64173569675547,2.1651746954012197,-4.391818854257578,6.556993549658798,False,False,True,False,False,True,0
2026-07-01 16:09:00+00:00,60181.1,60192.1,60124.0,60124.0,42.766,60135.73955279748,60092.98888471647,56.9393955486312,5.942406127200229,-2.3249738579660164,8.267379985166246,False,False,True,False,False,True,0
2026-07-01 16:10:00+00:00,60124.0,60140.8,60095.2,60124.1,22.762,60134.621500150104,60094.20500688445,48.92668252700781,4.279069999669446,-1.004165086438924,5.28323508610837,False,False,True,False,False,True,0
2026-07-01 16:11:00+00:00,60124.1,60137.5,60105.3,60111.9,21.539,60133.61945251676,60095.37735955565,48.940234237942676,2.9350993014595588,-0.21631220885922742,3.1514115103187863,False,False,True,False,False,True,0
2026-07-01 16:12:00+00:00,60111.9,60131.0,60104.6,60116.7,14.556,60131.550933229446,60096.02530623974,47.29158434463555,0.8754630074108718,0.00204283439479247,0.8734201730160793,False,False,True,False,False,False,0
2026-07-01 16:13:00+00:00,60116.7,60140.8,60110.0,60132.5,29.857,60130.136558636164,60096.83607854406,48.03332724241211,-0.3652829552520416,-0.07142232353457434,-0.29386063171746724,False,False,False,False,False,True,0
2026-07-01 16:14:00+00:00,60132.5,60139.2,60110.0,60114.7,29.173,60130.361648289865,60098.23466369919,50.50253116567107,-0.0728157413250301,-0.0717010070926655,-0.001114734232364606,False,False,False,False,False,True,0
2026-07-01 16:15:00+00:00,60114.7,60131.9,60103.6,60128.4,21.169,60128.870062738446,60098.88036316197,47.74987549343558,-1.2627879726715037,-0.3099184002084331,-0.9528695724630706,False,False,False,False,False,True,0
2026-07-01 16:16:00+00:00,60128.4,60128.4,60054.9,60077.7,86.003,60128.825294858594,60100.037995979146,50.008381199613,-1.087834159938211,-0.4655015521543887,-0.6223326077838224,False,False,False,False,False,True,0
2026-07-01 16:17:00+00:00,60077.7,60145.9,60074.1,60120.2,34.558,60123.95621915778,60099.16199613683,42.659493183704576,-4.982809558401641,-1.3689631534038393,-3.6138464049978016,False,False,False,False,False,True,0
2026-07-01 16:18:00+00:00,60120.2,60120.2,60056.3,60087.6,32.585,60123.59848399989,60099.987015896164,49.37541952801895,-4.587330915499479,-2.0126367058229673,-2.5746942096765113,False,False,False,False,False,True,0
2026-07-01 16:19:00+00:00,60087.6,60114.9,60086.3,60104.1,16.328,60120.17005695229,60099.5012505669,45.019695974477635,-6.825775501085445,-2.975264464875463,-3.850511036209982,False,False,False,False,False,False,0
2026-07-01 16:20:00+00:00,60104.1,60104.1,60047.1,60063.9,20.887,60118.63957533778,60099.681593681926,47.542082196391384,-7.185516694909893,-3.817314910882349,-3.3682017840275438,False,False,False,False,False,False,0
2026-07-01 16:21:00+00:00,60063.9,60068.6,59996.0,60001.6,78.06,60113.42628244847,60098.27839392969,42.4341329494896,-10.592316585287335,-5.172315245763347,-5.4200013395239885,False,False,False,False,False,False,0
2026-07-01 16:22:00+00:00,60001.6,60006.5,59927.2,59934.8,313.177,60102.77616031052,60094.48708436382,35.982037246674395,-18.110552207828732,-7.7599626381764235,-10.350589569652309,False,False,False,False,False,False,0
2026-07-01 16:23:00+00:00,59934.8,59980.3,59934.8,59980.3,314.503,60086.778430757135,60088.22484576132,30.608075286281412,-29.123294621982495,-12.032629034937639,-17.090665587044857,False,False,False,True,False,False,0
2026-07-01 16:24:00+00:00,59980.3,59988.0,59966.9,59974.9,67.102,60076.637627827884,60083.99249886872,37.45962676995438,-33.78999258609838,-16.384101745169787,-17.405890840928592,False,False,False,True,False,False,0
2026-07-01 16:25:00+00:00,59974.9,60027.0,59966.8,60022.1,324.854,60066.948329939514,60079.71436165818,36.99279098730734,-37.49193551996723,-20.605668500129276,-16.886267019837952,False,False,False,True,False,False,0
2026-07-01 16:26:00+00:00,60022.1,60083.6,60021.8,60072.6,171.588,60062.67706042146,60077.45497492649,43.60810279509719,-36.19981747076963,-23.724498294257348,-12.475319176512283,False,False,False,True,False,False,0
2026-07-01 16:27:00+00:00,60072.6,60170.8,60048.3,60135.7,113.285,60063.622102286085,60077.264583752905,49.693866410358886,-30.746450708909833,-25.128888777187846,-5.617561931721987,False,False,False,True,False,False,0
2026-07-01 16:28:00+00:00,60135.7,60243.2,60135.7,60150.0,111.252,60070.486663973126,60079.55616870377,56.07288309233278,-21.08986477630242,-24.321083977010762,3.231219200708342,False,False,True,True,False,False,0
2026-07-01 16:29:00+00:00,60150.0,60156.7,60118.0,60118.1,48.468,60078.05936264235,60082.31867189186,57.391505198363205,-12.143082466973283,-21.885483675003265,9.742401208029982,False,False,True,False,False,False,0
2026-07-01 16:30:00+00:00,60118.1,60146.2,60097.4,60120.6,52.84,60081.872756676414,60083.72186122943,53.5310978676688,-7.539841826146585,-19.01635530523193,11.476513479085344,False,False,True,False,False,False,0
2026-07-01 16:31:00+00:00,60120.6,60136.7,60112.8,60128.6,28.556,60085.561065564376,60085.16806274984,53.79341304315348,-3.6479599357335246,-15.942676231332248,12.294716295598723,True,False,True,False,False,False,0
2026-07-01 16:32:00+00:00,60128.6,60159.6,60097.9,60110.6,36.424,60089.660011701104,60086.87127597534,54.67513605396529,0.08098410873208195,-12.737944163319382,12.818928272051464,True,False,True,False,False,False,0
2026-07-01 16:33:00+00:00,60110.6,60110.6,60063.6,60063.6,39.862,60091.654296301,60087.80181417239,52.25881284392223,1.565701133782568,-9.877215103898992,11.44291623768156,True,False,True,False,False,False,0
2026-07-01 16:34:00+00:00,60063.6,60082.2,60063.6,60076.3,16.285,60088.98245855805,60086.85272342053,46.482334837256566,-1.0381895290338434,-8.109409988925963,7.071220459892119,True,False,False,False,False,False,0
2026-07-01 16:35:00+00:00,60076.3,60076.3,60054.4,60059.8,19.927,60087.77460536204,60086.43889112953,48.150126624755615,-2.0533381733621354,-6.898195625813197,4.844857452451062,True,False,False,False,False,False,0
2026-07-01 16:36:00+00:00,60059.8,60060.0,60034.6,60034.7,30.074,60085.110357232326,60085.39422873229,46.13838603741179,-4.141522003832506,-6.346860901417059,2.2053388975845527,True,False,False,True,False,False,0
2026-07-01 16:37:00+00:00,60034.7,60035.6,60014.3,60035.5,20.272,60080.30937082925,60083.4062197624,43.182696826598495,-7.732645836775191,-6.624017888488686,-1.1086279482865056,False,False,False,True,False,True,0
2026-07-01 16:38:00+00:00,60035.5,60035.5,60002.9,60030.7,46.741,60076.04181170266,60081.5275444776,43.30735593864084,-10.394265411458036,-7.3780673930825555,-3.016198018375481,False,False,False,True,False,True,0
2026-07-01 16:39:00+00:00,60030.7,60030.8,60000.1,60007.8,25.958,60071.72354392145,60079.53430743926,42.701976970669435,-12.744032708869781,-8.45126045624,-4.292772252629781,False,False,False,True,False,True,0
2026-07-01 16:40:00+00:00,60007.8,60029.9,60003.2,60021.1,90.154,60065.6355873575,60076.7211973436,39.84062839685457,-16.26656796799216,-10.014321958590433,-6.252246009401727,False,False,False,True,False,True,0
2026-07-01 16:41:00+00:00,60021.1,60026.0,59993.1,59998.5,47.621,60061.39410284726,60074.53997391836,42.26052311875092,-17.78004638505081,-11.567466843882508,-6.212579541168301,False,False,False,True,False,True,0
2026-07-01 16:42:00+00:00,59998.5,60023.7,59998.5,60018.2,34.392,60055.40418829038,60071.55801415686,39.36302521089251,-20.566047465254087,-13.367182968156824,-7.198864497097263,False,False,False,False,False,True,0
2026-07-01 16:43:00+00:00,60018.2,60018.2,60011.9,60014.6,6.963,60051.86093226272,60069.46554301345,43.02975431068544,-20.94293096153706,-14.88233256683287,-6.060598394704188,False,False,False,False,False,False,0
2026-07-01 16:44:00+00:00,60014.6,60061.6,60012.4,60061.6,58.528,60048.312272047224,60067.313953091354,42.52370440555097,-21.28672366133833,-16.163210785733963,-5.123512875604366,False,False,False,False,False,False,0
2026-07-01 16:45:00+00:00,60061.6,60061.6,60015.4,60020.8,35.678,60049.577769947486,60067.089876499536,50.67894663849366,-17.56420542145497,-16.443409712878164,-1.1207957085768072,False,False,False,False,False,False,0
2026-07-01 16:46:00+00:00,60020.8,60041.7,60012.4,60037.3,9.469,60046.83702995249,60065.274587225045,44.74384228044175,-17.702241496510396,-16.69517606960461,-1.0070654269057862,False,False,False,False,False,False,0
2026-07-01 16:47:00+00:00,60037.3,60071.0,60037.2,60048.1,23.785,60045.928741385585,60064.17754458877,47.42538867539929,-16.292415156502102,-16.61462388698411,0.32220873048200716,False,False,True,False,False,False,0
2026-07-01 16:48:00+00:00,60048.1,60048.2,60003.4,60005.9,23.005,60046.13552792029,60063.54705264411,49.16437936735245,-14.14064334986324,-16.119827779559934,1.9791844296966943,False,False,True,False,False,False,0
2026-07-01 16:49:00+00:00,60005.9,60022.2,59950.0,59961.2,63.876,60042.303572880264,60061.28638391297,43.15747651330196,-15.660017081419937,-16.027865639931935,0.36784855851199794,False,False,True,False,False,False,0
2026-07-01 16:50:00+00:00,59961.2,59993.5,59960.6,59985.6,51.105,60034.57942308214,60057.36142768109,37.87825626862419,-20.23775983883388,-16.869844479712324,-3.3679153591215574,False,False,True,False,False,True,0
2026-07-01 16:51:00+00:00,59985.6,59987.3,59931.4,59945.6,77.755,60029.91471612194,60054.54725404654,42.04566995993695,-21.647241944054258,-17.825323972580712,-3.821917971473546,False,False,True,False,False,True,0
2026-07-01 16:52:00+00:00,59945.6,59945.6,59900.1,59901.2,117.681,60021.88474315794,60050.27481271138,37.593327211120425,-25.695728015736677,-19.399404781211906,-6.29632323452477,False,False,True,False,False,True,0
2026-07-01 16:53:00+00:00,59901.2,59915.6,59891.3,59906.9,99.683,60010.39095809528,60044.42874162466,33.369340023939905,-32.116670345218154,-21.942857894013155,-10.173812451204999,False,False,False,False,False,True,0
2026-07-01 16:54:00+00:00,59906.9,59907.0,59875.0,59896.2,60.909,60000.53467637192,60039.03545763938,34.38856008968636,-36.32662037151022,-24.81961038951257,-11.507009981997648,False,False,False,False,False,True,0
2026-07-01 16:55:00+00:00,59896.2,59904.2,59850.0,59857.3,88.678,59990.59804052697,60033.43406714372,33.35704628805602,-40.064596940581396,-27.868607699726333,-12.195989240855063,False,False,False,False,False,True,0
2026-07-01 16:56:00+00:00,59857.3,59862.5,59837.5,59861.4,209.955,59977.90298904821,60026.52684882435,29.851340996347098,-45.63976836146321,-31.42283983207371,-14.216928529389502,False,True,False,False,False,False,0
2026-07-01 16:57:00+00:00,59861.4,59874.2,59847.2,59874.2,38.993,59966.807466281716,60020.05128612536,30.678284908664267,-49.16060331103654,-34.970392527866274,-14.190210783170265,False,True,False,False,False,False,0
2026-07-01 16:58:00+00:00,59874.2,59904.1,59861.5,59887.1,58.475,59957.98770758822,60014.33162784593,33.32103635197627,-50.337774814986915,-38.0438689852904,-12.293905829696513,False,False,False,False,False,False,0
2026-07-01 16:59:00+00:00,59887.1,59904.1,59876.5,59904.1,31.833,59951.23649734172,60009.34215224413,35.97034528290632,-49.657350496832805,-40.36656528759888,-9.290785209233924,False,False,False,False,False,False,0
2026-07-01 17:00:00+00:00,59904.1,59918.5,59870.6,59870.6,20.236,59946.7473071187,60005.215009018866,39.38813474070609,-47.20223343278485,-41.73369891663607,-5.468534516148779,False,False,False,False,False,False,0
2026-07-01 17:01:00+00:00,59870.6,59904.4,59870.6,59899.2,26.821,59939.4951826312,59999.93598905734,35.3803296708097,-47.413156149756105,-42.86959036326008,-4.543565786496025,False,False,False,False,False,False,0
2026-07-01 17:02:00+00:00,59899.2,59899.3,59838.2,59846.0,54.365,59935.65754619014,59995.98555811391,40.908391557114115,-44.75660664140014,-43.24699361888809,-1.509613022512049,False,False,False,False,False,False,0
2026-07-01 17:03:00+00:00,59846.0,59855.5,59766.0,59774.3,100.474,59927.11873226727,59990.10377152121,34.92350097714794,-46.4090922785399,-43.87941335081845,-2.5296789277214486,False,False,False,False,False,False,0
2026-07-01 17:04:00+00:00,59774.3,59817.4,59763.0,59800.0,97.349,59912.56456728944,59981.640878520375,28.806639854984876,-52.8945543329537,-45.6824415472455,-7.2121127857082,False,True,False,False,False,False,0
2026-07-01 17:05:00+00:00,59800.0,59800.0,59765.6,59792.1,40.642,59901.844132309496,59974.51770681369,33.31518524686281,-55.32282740313531,-47.610518718423464,-7.712308684711843,False,True,False,False,False,False,0
2026-07-01 17:06:00+00:00,59792.1,59792.1,59759.4,59769.3,64.794,59891.39231018478,59967.36407125237,32.631104479477294,-57.22506040794542,-49.53342705632785,-7.691633351617568,False,False,False,False,False,False,0
2026-07-01 17:07:00+00:00,59769.3,59816.1,59769.3,59809.8,144.772,59879.76447111957,59959.59685277189,30.673517070997434,-59.8820798799934,-51.60315762106096,-8.27892225893244,False,False,False,False,False,False,0
2026-07-01 17:08:00+00:00,59809.8,59839.4,59795.6,59831.6,42.866,59873.1011881558,59953.722466388674,37.81045070161313,-58.050604197065695,-52.892646936261905,-5.157957260803791,False,False,False,False,False,False,0
2026-07-01 17:09:00+00:00,59831.6,59855.4,59831.5,59850.8,40.605,59869.148694045725,59948.933350059706,41.312667401165406,-54.215110665463726,-53.15713968210227,-1.0579709833614572,False,False,False,False,False,False,0
2026-07-01 17:10:00+00:00,59850.8,59887.4,59832.8,59849.6,60.34,59867.401199374704,59945.0849833907,44.28844391994799,-49.06063441517472,-52.33783862871676,3.277204213542042,False,False,True,False,False,False,0
2026-07-01 17:11:00+00:00,59849.6,59849.6,59794.6,59828.2,26.732,59865.7058470533,59941.340474238124,44.137807011548155,-44.55885804340505,-50.78204251165442,6.223184468249364,False,False,True,False,False,False,0
2026-07-01 17:12:00+00:00,59828.2,59868.0,59828.1,59868.0,36.398,59862.13386161965,59936.903592895454,41.4314311096223,-42.2311545265693,-49.071864914637395,6.840710388068096,False,False,True,False,False,False,0
2026-07-01 17:13:00+00:00,59868.0,59883.9,59835.6,59850.5,159.893,59862.692541465396,59934.20149121328,47.83747558367703,-36.751259696837224,-46.60774387107736,9.856484174240137,False,False,True,False,False,False,0
2026-07-01 17:14:00+00:00,59850.5,59886.0,59850.4,59876.1,26.855,59861.53134704012,59930.91907979315,45.48186621184801,-33.435088423437264,-43.97321278154934,10.538124358112078,False,False,True,False,False,False,0
2026-07-01 17:15:00+00:00,59876.1,59910.7,59873.0,59899.8,34.868,59862.91883779821,59928.76931195812,49.406644295558316,-28.413756646004913,-40.86132155444046,12.447564908435545,False,False,True,False,False,False,0
2026-07-01 17:16:00+00:00,59899.8,59938.9,59899.8,59910.5,61.893,59866.43132943647,59927.63326050879,52.79475392666225,-22.26526301244303,-37.142109846040974,14.876846833597945,False,False,False,False,False,False,0
2026-07-01 17:17:00+00:00,59910.5,59910.5,59879.6,59880.9,106.825,59870.62834568061,59926.96136793982,54.28328896727474,-16.340770701113797,-32.98184201705554,16.641071315941744,False,False,False,False,False,False,0
2026-07-01 17:18:00+00:00,59880.9,59937.0,59880.8,59923.2,40.778,59871.606598472936,59925.15503978531,49.62170907650113,-13.874108397918462,-29.160295293228124,15.286186895309662,False,False,False,False,False,False,0
2026-07-01 17:19:00+00:00,59923.2,60026.0,59919.5,60000.4,165.553,59876.52025576123,59925.07837155844,55.502502276751066,-8.40906974558311,-25.01005018369912,16.60098043811601,False,False,False,False,False,False,0
2026-07-01 17:20:00+00:00,60000.4,60123.2,59984.4,60079.1,182.424,59888.318326641114,59928.03216090909,63.8064604180659,2.126890107334475,-19.5826621254924,21.709552232826876,False,False,False,False,False,False,0
2026-07-01 17:21:00+00:00,60079.1,60079.1,60046.0,60066.7,121.519,59906.48800981815,59933.95638989305,69.96078334247264,16.635384121931565,-12.339052876007607,28.974436997939172,False,False,False,False,False,False,0
2026-07-01 17:22:00+00:00,60066.7,60100.0,60056.5,60098.5,31.532,59921.746294597375,59939.16202166195,67.99885799485811,26.823687020871148,-4.5065048966318555,31.330191917503004,False,False,False,False,False,False,0
2026-07-01 17:23:00+00:00,60098.5,60138.8,60082.8,60119.2,147.141,59938.579980826195,59945.41056983207,70.29916888326846,37.0370447106834,3.8022050248311965,33.23483968585221,False,False,False,False,True,False,0
2026-07-01 17:24:00+00:00,60119.2,60141.3,60105.9,60133.6,50.411,59955.781887414174,59952.225841603366,71.72401108473932,46.26817059631139,12.295398139127236,33.972772457184156,True,False,False,False,True,False,0
2026-07-01 17:25:00+00:00,60133.6,60152.7,60133.6,60144.3,87.492,59972.71694575568,59959.33855369735,72.70498690865786,54.12197953124996,20.66071441755178,33.46126511369818,True,False,False,False,True,False,0
2026-07-01 17:26:00+00:00,60144.3,60187.3,60144.3,60152.8,100.861,59989.05818901704,59966.59194374843,73.44227519968464,60.51203519786213,28.630978573613852,31.88105662424828,True,False,False,False,True,False,0
2026-07-01 17:27:00+00:00,60152.8,60152.8,60141.7,60141.8,95.95,60004.6526472059,59973.89422046418,74.04212564729204,65.50695590306714,36.00617403950451,29.50078186356263,True,False,False,False,True,False,0
2026-07-01 17:28:00+00:00,60141.8,60141.8,60118.2,60138.3,133.797,60017.71429985295,59980.47876083813,71.78253708479976,67.79634442249517,42.36420811610264,25.43213630639253,True,False,False,False,True,False,0
2026-07-01 17:29:00+00:00,60138.3,60138.3,60112.8,60128.9,52.321,60029.19865224791,59986.667829040554,71.03966940494203,68.53821469358809,47.599009431599725,20.939205261988363,True,False,False,False,True,False,0
2026-07-01 17:30:00+00:00,60128.9,60165.1,60098.1,60153.9,63.788,60038.694018700495,59992.245561235046,68.9750999814594,67.58853225989878,51.596913997259534,15.99161826263925,False,False,False,False,True,False,0
2026-07-01 17:31:00+00:00,60153.9,60153.9,60122.1,60130.9,108.571,60049.666016919495,59998.58495099053,71.35912941390137,68.06854138153722,54.89123947411507,13.177301907422148,False,False,False,False,True,False,0
2026-07-01 17:32:00+00:00,60130.9,60137.3,60064.6,60092.0,76.449,60057.40258673669,60003.773776441885,66.31068858273125,65.83414919614006,57.07982141852007,8.754327777619991,False,False,False,False,True,False,0
2026-07-01 17:33:00+00:00,60092.0,60102.9,60070.9,60089.7,19.781,60060.69757847605,60007.233628346126,58.741347412595935,60.230176410477725,57.7098924169116,2.5202839935661245,False,False,False,False,False,False,0
2026-07-01 17:34:00+00:00,60089.7,60127.4,60089.0,60127.2,21.372,60063.45971385929,60010.4676037051,58.31747401079491,54.9697398814169,57.16186190981266,-2.192122028395758,False,False,False,False,False,True,0
2026-07-01 17:35:00+00:00,60127.2,60133.4,60097.0,60133.3,24.382,60069.53021730126,60015.045344736274,63.00480572156256,53.213332459716185,56.372156019793366,-3.158823560077181,False,False,False,False,False,True,0
2026-07-01 17:36:00+00:00,60133.3,60157.6,60133.3,60157.6,24.974,60075.60352993924,60019.6827821976,63.71951269776037,51.71741972237214,55.441208760309124,-3.7237890379369816,False,False,False,False,False,True,0
2026-07-01 17:37:00+00:00,60157.6,60222.6,60157.6,60205.0,81.018,60083.412717564075,60025.09130054279,66.49626449911653,51.89449755240639,54.73186651872858,-2.837368966322188,False,False,False,False,False,True,0
2026-07-01 17:38:00+00:00,60205.0,60215.9,60164.6,60183.4,115.913,60094.99245874845,60032.14654365875,71.13677313294889,55.223040039723855,54.83010122292764,0.39293881679621734,False,False,True,False,True,True,0
2026-07-01 17:39:00+00:00,60183.4,60194.6,60153.7,60170.0,14.583,60103.41222458193,60038.07805175057,66.60918838367776,55.47847315612307,54.95977560956673,0.5186975465563464,False,False,True,False,True,True,0
2026-07-01 17:40:00+00:00,60170.0,60203.8,60156.7,60171.6,20.366,60109.75391747889,60043.251461485845,63.892390710236356,53.97741963584849,54.76330441482308,-0.7858847789745909,False,False,True,False,False,True,0
2026-07-01 17:41:00+00:00,60171.6,60171.6,60125.3,60145.3,30.459,60115.64402057614,60048.28473750601,64.08077728611032,52.313888591350405,54.27342125012855,-1.9595326587781443,False,False,True,False,False,True,0
2026-07-01 17:42:00+00:00,60145.3,60150.0,60127.7,60129.0,18.275,60118.46839956889,60052.08925760381,58.66283111645212,48.31637693435914,53.08201238697467,-4.765635452615527,False,False,True,False,False,True,0
2026-07-01 17:43:00+00:00,60129.0,60170.0,60120.1,60169.9,16.288,60119.47140913376,60055.10536514876,55.52922049197233,43.33352447451034,51.1323148044818,-7.79879032997146,False,False,True,False,False,True,0
2026-07-01 17:44:00+00:00,60169.9,60184.6,60126.3,60129.8,23.14,60124.2741320734,60059.60711553508,61.13866792503203,42.19842896352202,49.34553763628985,-7.147108672767828,False,False,False,False,False,True,0
2026-07-01 17:45:00+00:00,60129.8,60169.0,60124.2,60169.0,19.112,60124.800405209266,60062.35977767096,53.95300666416831,37.62935494250269,47.00230109753242,-9.37294615502973,False,False,False,False,False,True,0
2026-07-01 17:46:00+00:00,60169.0,60169.7,60144.1,60156.8,9.953,60129.00989042743,60066.54174717406,59.02310302720721,36.74783706344897,44.951408290715726,-8.203571227266757,False,False,False,False,False,False,0
2026-07-01 17:47:00+00:00,60156.8,60169.6,60143.6,60157.8,17.106,60131.65656752958,60070.081286500565,56.92243767202427,34.6651910093351,42.8941648344396,-8.228973825104497,False,False,False,False,False,False,0
2026-07-01 17:48:00+00:00,60157.8,60177.8,60155.0,60171.0,20.076,60134.14641824105,60073.521236049564,57.05734903776245,32.71821542836551,40.85897495322478,-8.14075952485927,False,False,False,False,False,False,0
2026-07-01 17:49:00+00:00,60171.0,60179.1,60144.8,60150.1,13.143,60137.65628317047,60077.343932675074,58.88767351410459,31.872941506771895,39.061768263934205,-7.18882675716231,False,False,False,False,False,False,0
2026-07-01 17:50:00+00:00,60150.1,60160.0,60120.0,60134.3,32.491,60138.841399059,60080.197111785856,54.897867768249434,29.180228986922884,37.085460408531944,-7.905231421609059,False,False,False,False,False,False,0
2026-07-01 17:51:00+00:00,60134.3,60183.7,60134.3,60153.0,35.725,60138.4088848629,60082.318793676604,52.02801200155377,25.477616853291693,34.76389169748389,-9.2862748441922,False,False,False,False,False,False,0
2026-07-01 17:52:00+00:00,60153.0,60199.6,60150.1,60199.6,52.751,60139.79851487596,60085.090605689285,55.024740995201206,23.778104590717703,32.56673427613065,-8.78862968541295,False,False,False,False,False,False,0
2026-07-01 17:53:00+00:00,60199.6,60210.5,60190.5,60210.5,37.943,60145.493894411586,60089.58117017206,61.48205436181691,25.892981255761697,31.231983672056863,-5.339002416295166,False,False,False,False,False,False,0
2026-07-01 17:54:00+00:00,60210.5,60210.5,60167.6,60173.5,31.342,60151.684952086674,60094.32308506727,62.82648106155813,28.124374867911683,30.610461911227826,-2.486087043316143,False,False,False,False,False,False,0
2026-07-01 17:55:00+00:00,60173.5,60187.7,60157.8,60180.6,34.043,60153.76257569747,60097.42806212346,55.71723597994625,26.60054507836321,29.808478544654903,-3.207933466291692,False,False,False,False,False,False,0
2026-07-01 17:56:00+00:00,60180.6,60191.7,60165.0,60191.7,32.693,60156.318520869136,60100.68970674607,56.72909051458386,25.669902991648996,28.98076343405372,-3.3108604424047243,False,False,False,False,False,False,0
2026-07-01 17:57:00+00:00,60191.7,60191.8,60160.0,60170.9,10.387,60159.688185548264,60104.25873785406,58.33209358852922,25.53370303205884,28.291351353654743,-2.757648321595905,False,False,False,False,False,False,0
2026-07-01 17:58:00+00:00,60170.9,60194.6,60168.1,60168.1,25.614,60160.75597740081,60106.872120683314,54.27458121978748,23.47675203201652,27.328431489327098,-3.8516794573105777,False,False,False,False,False,False,0
2026-07-01 17:59:00+00:00,60168.1,60168.2,60141.0,60163.0,24.561,60161.455408124544,60109.27321398985,53.732741710583284,21.37427757862315,26.13760070718631,-4.763323128563158,False,False,False,False,False,False,0
2026-07-01 18:00:00+00:00,60163.0,60179.9,60145.0,60148.4,11.962,60161.60251211268,60111.380146774565,52.70072295717936,19.076620641317277,24.725404694012504,-5.648784052695227,False,False,False,False,False,False,0
2026-07-01 18:01:00+00:00,60148.4,60159.0,60139.1,60141.0,30.894,60160.34513000671,60112.83190572458,49.75461074624309,15.894392321300984,22.9592022194702,-7.064809898169216,False,False,False,False,False,False,0
2026-07-01 18:02:00+00:00,60141.0,60160.0,60118.5,60118.6,26.165,60158.50273667274,60113.936536872636,48.28136301651983,12.629747428734845,20.893311261323127,-8.263563832588282,False,False,False,False,False,False,0
2026-07-01 18:03:00+00:00,60118.6,60140.0,60118.5,60135.7,23.163,60154.70247603724,60114.11941777959,44.03121460706589,8.141153881239006,18.3428797853063,-10.201725904067295,False,False,False,False,False,False,0
2026-07-01 18:04:00+00:00,60135.7,60191.0,60127.2,60184.0,288.981,60152.892716414644,60114.965715121565,47.80831612441924,5.895775416611286,15.853458911567298,-9.957683494956012,False,False,False,False,False,False,0
2026-07-01 18:05:00+00:00,60184.0,60184.0,60138.9,60150.4,55.133,60155.855314851346,60117.672941979545,56.6974925222122,7.922378893992573,14.267242908052353,-6.34486401405978,False,False,False,False,False,False,0
2026-07-01 18:06:00+00:00,60150.4,60162.0,60091.9,60096.9,74.375,60155.335761055976,60118.95635601956,50.2817434022231,6.739548240722797,12.761703974586442,-6.022155733863645,False,False,False,False,False,False,0
2026-07-01 18:07:00+00:00,60096.9,60120.5,60072.0,60072.0,72.217,60149.77045047922,60118.09140088154,42.11073699761829,1.4682188315709936,10.503006945983353,-9.03478811441236,False,False,False,False,False,False,0
2026-07-01 18:08:00+00:00,60072.0,60077.9,60037.1,60070.3,93.599,60142.36374090977,60116.28389496462,38.93911414022271,-4.664796732082323,7.469446210370218,-12.134242942452541,False,False,False,False,False,False,0
2026-07-01 18:09:00+00:00,60070.3,60087.4,60063.6,60073.7,32.83,60135.50052748979,60114.480604966004,38.7246717203878,-9.552318364774692,4.065093295341235,-13.617411660115927,False,False,False,False,False,False,0
2026-07-01 18:10:00+00:00,60073.7,60090.0,59991.5,60006.2,79.427,60129.61476296696,60112.88136555557,39.44296845060307,-13.001489805035817,0.6517766752658245,-13.653266480301642,False,False,False,False,False,False,0
2026-07-01 18:11:00+00:00,60006.2,60028.9,59992.3,59998.6,149.828,60117.86097601772,60108.69778259261,31.538556093170367,-20.940282360170386,-3.666635131821418,-17.273647228348967,False,False,False,False,False,False,0
2026-07-01 18:12:00+00:00,59998.6,60015.5,59995.6,60013.7,28.292,60106.50278782556,60104.38022249094,30.790370377968117,-27.527766187013185,-8.438861342859772,-19.08890484415341,False,False,False,False,False,False,0
2026-07-01 18:13:00+00:00,60013.7,60036.0,60010.6,60033.8,14.092,60097.664427080264,60100.82413533443,34.13369791746269,-31.17063509765285,-12.985216093818387,-18.18541900383446,False,False,False,True,False,False,0
2026-07-01 18:14:00+00:00,60033.8,60059.5,60032.1,60050.9,17.508,60091.58210069167,60098.19573787033,38.3994975144874,-32.06609495529847,-16.801391866114404,-15.264703089184064,False,False,False,True,False,False,0
2026-07-01 18:15:00+00:00,60050.9,60050.9,60019.8,60036.9,17.984,60087.70761491151,60096.341003051886,41.849919586049964,-31.03813792119763,-19.64874107713105,-11.389396844066582,False,False,False,True,False,False,0
2026-07-01 18:16:00+00:00,60036.9,60042.7,60014.2,60042.7,10.418,60082.86879444375,60094.00998332436,39.88038367011939,-30.995856621877465,-21.918164186080332,-9.077692435797132,False,False,False,True,False,False,0
2026-07-01 18:17:00+00:00,60042.7,60127.0,60042.7,60087.9,35.424,60079.04319497292,60091.99782711556,41.11674587718068,-30.146823049792147,-23.563895958822695,-6.582927090969452,False,False,False,True,False,False,0
2026-07-01 18:18:00+00:00,60087.9,60102.8,60082.0,60102.8,27.685,60079.88670021359,60091.837128012994,49.783748638935336,-25.532374261980294,-23.957591619454213,-1.5747826425260811,False,False,False,True,False,False,0
2026-07-01 18:19:00+00:00,60102.8,60168.5,60102.7,60163.6,25.42,60082.06891924087,60092.26704456151,52.27738914854271,-20.43749416598439,-23.253572128760247,2.816077962775857,False,False,True,False,False,False,0
2026-07-01 18:20:00+00:00,60163.6,60163.7,60100.7,60106.6,9.316,60089.83378407507,60095.06441536302,60.82590176924103,-11.36273062449618,-20.875403827907434,9.512673203411254,False,False,True,False,False,False,0
2026-07-01 18:21:00+00:00,60106.6,60113.0,60088.7,60113.0,11.856,60091.430566544106,60095.51679123114,51.51020034502314,-8.670391888292215,-18.43440143998439,9.764009551692176,False,False,True,False,False,False,0
2026-07-01 18:22:00+00:00,60113.0,60130.4,60112.7,60127.9,7.914,60093.48479830181,60096.20240726129,52.39185412533524,-5.951660492246447,-15.937853250436802,9.986192758190356,False,False,True,False,False,False,0
2026-07-01 18:23:00+00:00,60127.9,60130.4,60082.3,60096.8,25.92,60096.76243655878,60097.44545011379,54.467531529349564,-2.5651711022801464,-13.263316820805471,10.698145718525325,False,False,True,False,False,False,0
2026-07-01 18:24:00+00:00,60096.8,60121.6,60096.8,60114.7,6.729,60096.766014029374,60097.42013834462,49.60601533486257,-2.363617636037816,-11.08337698385194,8.719759347814124,False,False,True,False,False,False,0
2026-07-01 18:25:00+00:00,60114.7,60118.0,60100.1,60108.9,7.499,60098.474012693245,60098.09777997816,52.24784230035369,-0.7508493347268086,-9.016871454026914,8.266022119300105,True,False,False,False,False,False,0
2026-07-01 18:26:00+00:00,60108.9,60109.0,60102.8,60105.7,9.131,60099.466963865314,60098.52139644961,51.30924152207812,0.05859419860644266,-7.201778323500243,7.260372522106685,True,False,False,False,False,False,0
2026-07-01 18:27:00+00:00,60105.7,60128.3,60105.7,60114.6,52.173,60100.06058635433,60098.80291031433,50.76736067156293,0.4368352096353192,-5.67405561687313,6.11089082650845,True,False,False,False,False,False,0
2026-07-01 18:28:00+00:00,60114.6,60130.0,60107.8,60120.1,18.372,60101.445292415825,60099.42240402749,52.276957734403695,1.4381712130416417,-4.251610250890176,5.689781463931817,True,False,False,False,False,False,0
2026-07-01 18:29:00+00:00,60120.1,60121.0,60102.1,60120.9,39.604,60103.22193123336,60100.23329014406,53.23133538257066,2.6450507460467634,-2.8722780515027875,5.517328797549551,True,False,False,False,False,False,0
2026-07-01 18:30:00+00:00,60120.9,60130.0,60091.7,60101.6,38.128,60104.905556830185,60101.043749354096,53.37738510863896,3.6242862690996844,-1.572965187382293,5.197251456481977,True,False,False,False,False,False,0
2026-07-01 18:31:00+00:00,60101.6,60159.3,60053.9,60158.3,40.423,60104.590741893975,60101.065563104916,49.37170803729487,2.810590040506213,-0.6962541418045918,3.5068441823108047,False,False,False,False,False,False,0
2026-07-01 18:32:00+00:00,60158.3,60167.8,60105.3,60126.1,32.871,60109.705909332646,60103.310050826294,59.08581674809157,6.664126157244027,0.775821918005132,5.888304239238895,False,False,False,False,False,False,0
2026-07-01 18:33:00+00:00,60126.1,60152.4,60116.0,60140.1,19.457,60111.26725130097,60104.2037743233,52.88051563052557,7.0386729591627955,2.028392126236665,5.010280832926131,False,False,False,False,False,False,0
2026-07-01 18:34:00+00:00,60140.1,60172.4,60140.1,60169.0,26.069,60114.01322736754,60105.611469447875,55.08897508916873,8.368717627803562,3.2964572265500447,5.0722604012535175,False,False,False,False,False,False,0
2026-07-01 18:35:00+00:00,60169.0,60210.7,60168.8,60202.3,42.831,60119.25006285634,60108.09729417541,59.32687710575022,11.620818520575995,4.961329485355234,6.65948903522076,False,False,False,False,False,False,0
2026-07-01 18:36:00+00:00,60202.3,60206.2,60180.9,60203.2,59.201,60127.15958067955,60111.791517933234,63.59019197001188,16.6927400916029,7.307611606604768,9.385128484998132,False,False,False,False,False,False,0
2026-07-01 18:37:00+00:00,60203.2,60235.1,60182.6,60195.6,84.229,60134.401525376736,60115.37616428879,63.70093547929967,20.548032033671916,9.955695692018198,10.592336341653718,False,False,False,False,False,False,0
2026-07-01 18:38:00+00:00,60195.6,60202.1,60173.5,60202.1,14.519,60140.229951531335,60118.52219706178,61.986378500186746,22.72812649502157,12.510181852618873,10.217944642402697,False,False,False,False,False,False,0
2026-07-01 18:39:00+00:00,60202.1,60216.8,60197.0,60209.6,34.865,60146.122337099776,60121.799757961315,62.90596923665619,24.695686241146177,14.947282730324334,9.748403510821843,False,False,False,False,False,False,0
2026-07-01 18:40:00+00:00,60209.6,60213.1,60194.5,60201.5,19.673,60152.16782880456,60125.24290470793,63.98847313076557,26.55407993123663,17.268642170506794,9.285437760729835,False,False,False,False,False,False,0
2026-07-01 18:41:00+00:00,60201.5,60215.9,60193.7,60210.8,16.669,60156.866130823175,60128.23337903311,61.887891491963245,27.0613219399238,19.227178124390196,7.834143815533604,False,False,False,False,False,False,0
2026-07-01 18:42:00+00:00,60210.8,60210.8,60177.0,60184.0,10.782,60162.002689792396,60131.471285737694,63.37452427353314,27.892222978749487,20.960187095262054,6.932035883487433,False,False,False,False,False,False,0
2026-07-01 18:43:00+00:00,60184.0,60187.5,60164.1,60164.1,16.368,60164.09767171693,60133.53123531661,56.53122329819038,26.08746199231973,21.98564207467359,4.101819917646143,False,False,False,False,False,False,0
2026-07-01 18:44:00+00:00,60164.1,60200.1,60156.1,60200.1,28.648,60164.09789345818,60134.73001040223,52.037842958677096,22.7887180628677,22.14625727231241,0.6424607905552904,False,False,False,False,False,False,0
2026-07-01 18:45:00+00:00,60200.1,60204.4,60164.0,60173.7,29.711,60167.52666550978,60137.29353940606,58.46902793740698,22.816326459309494,22.280271109711826,0.5360553495976674,False,False,False,False,False,False,0
2026-07-01 18:46:00+00:00,60173.7,60183.5,60166.8,60169.0,15.836,60168.1146021279,60138.72124374308,52.870290503396966,20.471958947011444,21.91860867717175,-1.4466497301603063,False,False,False,False,False,True,0
2026-07-01 18:47:00+00:00,60169.0,60170.3,60119.4,60156.6,34.772,60168.19892573477,60139.90864594923,51.91715698225091,18.02697632116906,21.14028220597121,-3.113305884802152,False,False,False,False,False,True,0
2026-07-01 18:48:00+00:00,60156.6,60198.0,60131.6,60198.0,37.567,60167.09426614098,60140.563208853186,49.38746694918459,14.916782226035139,19.895582209983996,-4.978799983948857,False,False,False,False,False,True,0
2026-07-01 18:49:00+00:00,60198.0,60239.4,60193.0,60216.4,107.559,60170.03766936565,60142.81563203541,56.93262214907541,15.61259275291377,19.038984318569952,-3.426391565656182,False,False,False,False,False,True,0
2026-07-01 18:50:00+00:00,60216.4,60275.2,60213.7,60260.4,146.534,60174.45312942607,60145.70129352422,59.8009454950227,17.447628433488717,18.720713141553706,-1.2730847080649887,False,False,False,False,False,True,0
2026-07-01 18:51:00+00:00,60260.4,60265.5,60200.0,60212.3,21.299,60182.6385456712,60150.19928201346,65.68623217066593,22.196472588533652,19.415865030949696,2.7806075575839557,False,False,True,False,False,True,0
2026-07-01 18:52:00+00:00,60212.3,60219.9,60153.0,60157.0,38.691,60185.46344608347,60152.63460428744,56.02920738604213,21.827088691905374,19.89810976314083,1.9289789287645434,False,False,True,False,False,False,0
2026-07-01 18:53:00+00:00,60157.0,60157.0,60122.3,60125.1,77.654,60182.75264169457,60152.805796276174,47.40098887258585,16.877547591226175,19.2939973287579,-2.4164497375317247,False,False,True,False,False,True,0
2026-07-01 18:54:00+00:00,60125.1,60125.2,60050.6,60089.6,44.924,60177.26191391413,60151.71929446142,43.26226767256051,10.262635930106626,17.487725049027645,-7.225089118921019,False,False,True,False,False,True,0
2026-07-01 18:55:00+00:00,60089.6,60117.9,60089.6,60115.8,22.266,60168.91316020802,60149.28324369823,39.16410383803058,2.1311508858707384,14.416410216396264,-12.285259330525525,False,False,True,False,False,True,0
2026-07-01 18:56:00+00:00,60115.8,60143.6,60115.0,60134.7,16.218,60163.85476399773,60147.9701753179,43.42373441358836,-2.1739288597382256,11.098342401169365,-13.27227126090759,False,False,True,False,False,True,0
2026-07-01 18:57:00+00:00,60134.7,60134.7,60097.2,60118.1,21.458,60161.07811980747,60147.44977628583,46.342426312353254,-4.014388160605449,8.075796288814402,-12.090184449419851,False,False,False,False,False,True,0
2026-07-01 18:58:00+00:00,60118.1,60128.2,60118.1,60127.9,8.042,60156.98496554009,60146.298804666774,44.18630767089383,-6.734811964299297,5.113674638191663,-11.84848660249096,False,False,False,False,False,True,0
2026-07-01 18:59:00+00:00,60127.9,60150.0,60127.9,60143.0,10.667,60154.21496882199,60145.57728291514,45.789838301074894,-8.007681759620027,2.4894033586293247,-10.497085118249352,False,False,False,False,False,False,0
2026-07-01 19:00:00+00:00,60143.0,60169.5,60136.0,60159.4,13.59,60153.146876553226,60145.476212996895,48.25659906103064,-7.709130382623698,0.4496966103787199,-8.158826993002418,False,False,False,False,False,False,0
2026-07-01 19:01:00+00:00,60159.4,60179.0,60149.3,60175.5,17.632,60153.74241211959,60146.02224385976,50.87136380771936,-6.079107162666332,-0.8560641442302905,-5.223043018436042,False,False,False,False,False,False,0
2026-07-01 19:02:00+00:00,60175.5,60282.7,60175.4,60257.5,139.465,60155.81456334629,60147.17823429663,53.362947376423975,-3.4484153844969114,-1.3745343922836146,-2.073880992213297,False,False,False,False,False,False,0
2026-07-01 19:03:00+00:00,60257.5,60257.5,60218.9,60235.0,66.485,60165.498890646646,60151.50457804971,63.51269414127597,5.193276639816759,-0.06097218586353992,5.254248825680299,False,False,True,False,False,False,0
2026-07-01 19:04:00+00:00,60235.0,60239.5,60213.1,60222.6,58.403,60172.118043918395,60154.77890832227,59.675003915313866,10.109778634483519,1.9731779782058718,8.136600656277647,False,False,True,False,False,False,0
2026-07-01 19:05:00+00:00,60222.6,60269.0,60222.6,60243.3,111.765,60176.9258492595,60157.4385589763,57.60903477631834,12.857353945015348,4.1500131715677675,8.70734077344758,False,False,True,False,False,False,0
2026-07-01 19:06:00+00:00,60243.3,60245.5,60213.9,60218.4,27.653,60183.24719694907,60160.80567431056,60.09282925049357,16.514772163289308,6.622964969912076,9.891807193377232,False,False,True,False,False,False,0
2026-07-01 19:07:00+00:00,60218.4,60228.3,60189.0,60209.0,20.48,60186.59508295392,60163.06427531799,55.853415790858854,17.205743449252623,8.739520665780185,8.466222783472437,False,False,True,False,False,False,0
2026-07-01 19:08:00+00:00,60209.0,60228.4,60199.9,60228.4,13.916,60188.72888457736,60164.86567628592,54.29614091906263,16.801168320598663,10.35185019674388,6.449318123854782,False,False,True,False,False,False,0
2026-07-01 19:09:00+00:00,60228.4,60256.1,60214.3,60256.1,34.655,60192.50708604618,60167.35721839235,56.963092633612824,17.840305546633317,11.849541266721769,5.990764279911549,False,False,False,False,False,False,0
2026-07-01 19:10:00+00:00,60256.1,60260.1,60236.6,60248.6,23.368,60198.56355404178,60170.837327475005,60.50672120310355,20.660822683305014,13.611797550038418,7.049025133266596,False,False,False,False,False,False,0
2026-07-01 19:11:00+00:00,60248.6,60248.6,60212.1,60212.1,9.653,60203.328929847325,60173.88684404461,59.08807800414415,22.036887987727823,15.296815637576298,6.740072350151525,False,False,False,False,False,False,0
2026-07-01 19:12:00+00:00,60212.1,60239.9,60211.3,60236.1,48.421,60204.16426986187,60175.385399180115,52.62183749083642,19.9521882918998,16.227890168441,3.7242981234588015,False,False,False,False,False,False,0
2026-07-01 19:13:00+00:00,60236.1,60261.2,60236.1,60255.4,55.088,60207.20576797026,60177.76636391815,56.02920784837456,20.006031113785866,16.983518357509972,3.022512756275894,False,False,False,False,False,False,0
2026-07-01 19:14:00+00:00,60255.4,60259.7,60250.3,60253.5,15.175,60211.79569483024,60180.810820235085,58.607284338786606,21.35982784187945,17.858780254383866,3.5010475874955844,False,False,False,False,False,False,0
2026-07-01 19:15:00+00:00,60253.5,60265.6,60242.0,60259.0,21.085,60215.767533417835,60183.6613763043,58.245230751969125,22.025511001018458,18.692126403710784,3.333384597307674,False,False,False,False,False,False,0
2026-07-01 19:16:00+00:00,60259.0,60333.0,60254.4,60315.9,107.146,60219.88491118757,60186.6158321355,59.034157924711195,22.73480110005039,19.500661342978706,3.2341397570716843,False,False,False,False,False,False,0
2026-07-01 19:17:00+00:00,60315.9,60319.9,60287.0,60287.0,246.163,60229.02920536018,60191.68579950274,66.15809248130117,27.57045800270862,21.114620674924687,6.455837327783932,False,False,False,False,False,False,0
2026-07-01 19:18:00+00:00,60287.0,60291.5,60249.0,60251.1,157.672,60234.55023342111,60195.42361128695,60.411771691589145,28.739471724140458,22.63959088476784,6.0998808393726165,False,False,False,False,False,False,0
2026-07-01 19:19:00+00:00,60251.1,60254.7,60217.6,60244.8,33.32,60236.12640166672,60197.60699907962,54.12294532889924,26.464032654330367,23.404479238680345,3.059553415650022,False,False,False,False,False,False,0
2026-07-01 19:20:00+00:00,60244.8,60244.8,60196.2,60200.6,88.609,60236.95245865084,60199.457704998065,53.078708130636635,23.877132726076525,23.49900993615958,0.3781227899169437,False,False,False,False,False,False,0
2026-07-01 19:21:00+00:00,60200.6,60218.3,60197.0,60218.3,21.183,60233.49031973171,60199.502500880495,46.32557978240442,18.052329275444208,22.409673804016506,-4.357344528572298,False,False,False,False,False,True,0
2026-07-01 19:22:00+00:00,60218.3,60232.7,60207.4,60226.3,27.884,60232.04362261441,60200.23965770871,49.117413327450855,14.694978090185032,20.866734661250213,-6.171756571065181,False,False,False,False,False,True,0
2026-07-01 19:23:00+00:00,60226.3,60243.0,60223.2,60230.9,18.877,60231.49661093685,60201.26163191621,50.37383178137899,12.535287240301841,19.200445177060537,-6.665157936758696,False,False,False,False,False,True,0
2026-07-01 19:24:00+00:00,60230.9,60246.8,60230.9,60234.5,23.064,60231.439790847624,60202.423920860674,51.12120603917948,11.067321050337341,17.5738203517159,-6.5064993013785575,False,False,False,False,False,True,0
2026-07-01 19:25:00+00:00,60234.5,60234.6,60092.1,60092.1,64.061,60231.731239338325,60203.681806317116,51.733837805545576,10.078261259899591,16.074708533352638,-5.996447273453047,False,False,False,False,False,True,0
2026-07-01 19:26:00+00:00,60092.1,60117.0,60076.6,60116.0,33.585,60218.43302606801,60199.30604920664,33.72669016092134,-2.171039274027862,12.425558971876537,-14.5965982459044,False,False,False,False,False,True,0
2026-07-01 19:27:00+00:00,60116.0,60126.9,60116.0,60119.0,144.133,60208.67749977582,60196.03914531619,37.64937684884518,-9.83677571201406,7.973092035098418,-17.809867747112477,False,False,False,False,False,False,0
2026-07-01 19:28:00+00:00,60119.0,60146.7,60117.1,60124.7,166.939,60200.13678551145,60193.01800236261,38.144294295943176,-15.49127832625527,3.28021796282768,-18.77149628908295,False,False,False,False,False,False,0
2026-07-01 19:29:00+00:00,60124.7,60124.8,60122.7,60122.7,19.076,60192.952329748456,60190.33886501506,39.13287703731862,-19.29020455306454,-1.233866540350764,-18.056338012713777,False,False,False,False,False,False,0
2026-07-01 19:30:00+00:00,60122.7,60163.8,60122.7,60161.1,34.728,60186.261631677175,60187.68636050467,38.89796785418414,-22.20628402361035,-5.428350037002682,-16.77793398660767,False,False,False,True,False,False,0
2026-07-01 19:31:00+00:00,60161.1,60175.2,60151.9,60175.2,9.896,60183.86528580316,60186.64375813193,45.64459714278843,-21.174650742432277,-8.577610178088602,-12.597040564343676,False,False,False,True,False,False,0
2026-07-01 19:32:00+00:00,60175.2,60210.1,60157.0,60210.0,14.986,60183.04002048857,60186.19498330323,47.91857696500668,-19.00029816324968,-10.662147775120818,-8.338150388128863,False,False,False,True,False,False,0
2026-07-01 19:33:00+00:00,60210.0,60218.6,60190.8,60217.7,10.55,60185.60763758489,60187.12851336977,53.13029512038665,-14.304149582254468,-11.390548136547547,-2.91360144570692,False,False,False,True,False,False,0
2026-07-01 19:34:00+00:00,60217.7,60252.6,60211.5,60237.5,46.827,60188.664053053,60188.3273951984,54.22186695443861,-9.847575627551123,-11.081953634748263,1.2343780071971402,True,False,True,True,False,False,0
2026-07-01 19:35:00+00:00,60237.5,60237.5,60186.9,60192.7,10.602,60193.31509561938,60190.2557326416,56.995404909411675,-4.6642475932094385,-9.798412426440498,5.134164833231059,True,False,True,True,False,False,0
2026-07-01 19:36:00+00:00,60192.7,60192.8,60163.8,60181.6,17.484,60193.2565150842,60190.351586263496,49.6635876356973,-4.123870955554594,-8.663504132263316,4.539633176708723,True,False,True,False,False,False,0
2026-07-01 19:37:00+00:00,60181.6,60198.1,60181.6,60195.0,35.584,60192.14637079046,60190.00838680218,48.01549048998319,-4.538973351060122,-7.838597976022678,3.299624624962556,True,False,True,False,False,False,0
2026-07-01 19:38:00+00:00,60195.0,60221.1,60187.2,60206.6,13.556,60192.41814500089,60190.20413633935,50.16550448618392,-3.7435239646219998,-7.019583173742542,3.2760592091205423,True,False,True,False,False,False,0
2026-07-01 19:39:00+00:00,60206.6,60206.6,60176.4,60180.4,12.634,60193.76879785795,60190.847111384865,52.015645651624865,-2.152291266240354,-6.046124792242105,3.8938335260017505,True,False,True,False,False,False,0
2026-07-01 19:40:00+00:00,60180.4,60191.5,60159.7,60159.7,9.784,60192.495579014336,60190.437420742324,47.70750849005166,-2.97109993542108,-5.4311198208779,2.46001988545682,False,False,False,False,False,False,0
2026-07-01 19:41:00+00:00,60159.7,60185.0,60141.6,60141.6,16.218,60189.37219053678,60189.2320316936,44.56684668766346,-5.23004006157862,-5.390903869018044,0.16086380743942374,False,False,False,False,False,False,0
2026-07-01 19:42:00+00:00,60141.6,60165.5,60127.0,60152.1,22.24,60184.8224581047,60187.36410888209,41.96537864585167,-8.384137994478806,-5.989550694110196,-2.3945873003686096,False,False,False,True,False,True,0
2026-07-01 19:43:00+00:00,60152.1,60159.5,60115.0,60159.4,12.385,60181.7060335233,60185.98120265142,44.00727457359074,-9.922144773874606,-6.776069510063079,-3.146075263811528,False,False,False,True,False,True,0
2026-07-01 19:44:00+00:00,60159.4,60189.0,60159.4,60182.8,6.082,60179.581649378226,60184.93880254744,45.44443016385504,-10.43172678310657,-7.507200964671776,-2.924525818434793,False,False,False,True,False,True,0
2026-07-01 19:45:00+00:00,60182.8,60182.8,60118.1,60124.4,15.557,60179.88815896125,60184.85492793773,49.88480174845968,-8.845425203064224,-7.774845812350266,-1.0705793907139576,False,False,False,True,False,True,0
2026-07-01 19:46:00+00:00,60124.4,60134.9,60109.0,60131.1,28.802,60174.60357239351,60182.48414644998,40.93088543315167,-12.160483222083712,-8.651973294296955,-3.5085099277867577,False,False,False,True,False,True,0
2026-07-01 19:47:00+00:00,60131.1,60143.1,60115.8,60135.7,21.106,60170.4603750227,60180.46908188331,42.21240730444798,-14.08469696094835,-9.738518027627233,-4.3461789333211165,False,False,False,True,False,True,0
2026-07-01 19:48:00+00:00,60135.7,60159.2,60135.6,60136.2,15.205,60167.14986311578,60178.713431613374,43.12474709150627,-15.064810893549293,-10.803776600811645,-4.261034292737648,False,False,False,False,False,False,0
2026-07-01 19:49:00+00:00,60136.2,60145.8,60084.1,60112.2,71.956,60164.20225710476,60177.04623821677,43.229662757518064,-15.621141628289479,-11.767249606307212,-3.8538920219822668,False,False,False,False,False,False,0
2026-07-01 19:50:00+00:00,60112.2,60165.4,60112.2,60147.7,38.205,60159.24966119002,60174.503248482775,39.46635338506781,-17.793524493070436,-12.972504583659857,-4.821019909410579,False,False,False,False,False,False,0
2026-07-01 19:51:00+00:00,60147.7,60148.8,60085.6,60085.6,24.146,60158.149693457635,60173.45214069913,46.83839761413257,-16.46084982026514,-13.670173630980914,-2.790676189284225,False,False,False,False,False,False,0
2026-07-01 19:52:00+00:00,60085.6,60109.4,60071.5,60101.2,13.077,60151.24019884262,60170.00695871093,38.09783608341469,-20.182989608576463,-14.972736826500023,-5.21025278207644,False,False,False,False,False,False,0
2026-07-01 19:53:00+00:00,60101.2,60121.0,60088.9,60120.9,14.466,60146.47446561951,60167.30864660462,41.07272885767439,-21.624745971392258,-16.30313865547847,-5.321607315913788,False,False,False,False,False,False,0
2026-07-01 19:54:00+00:00,60120.9,60130.0,60101.5,60108.4,12.213,60144.03880222718,60165.48869967895,44.68776781891715,-20.936381344297843,-17.229787193242345,-3.706594151055498,False,False,False,False,False,False,0
2026-07-01 19:55:00+00:00,60108.4,60108.4,60058.9,60064.8,158.25,60140.644630586496,60163.24992714252,42.88981100823098,-21.155624085535237,-18.014954571700923,-3.1406695138343146,False,False,False,False,False,False,0
2026-07-01 19:56:00+00:00,60064.8,60067.4,60000.2,60009.8,199.74,60133.4213324354,60159.38914568595,37.25886487872269,-24.564368408886367,-19.32483733913801,-5.239531069748356,False,False,False,False,False,False,0
2026-07-01 19:57:00+00:00,60009.8,60019.2,59998.0,60006.3,48.205,60121.64787220346,60153.522904678655,31.619357552374783,-31.342565603437833,-21.728382991997975,-9.614182611439858,False,False,False,False,False,False,0
2026-07-01 19:58:00+00:00,60006.3,60009.8,59961.3,59988.0,259.683,60110.66236056503,60147.74945743635,31.294739310006857,-36.57514100539265,-24.69773459467691,-11.877406410715743,False,False,False,False,False,False,0
2026-07-01 19:59:00+00:00,59988.0,60028.5,59966.7,60002.7,167.627,60098.98023098741,60141.484772831005,29.58451876876518,-41.717755454163125,-28.10173876657415,-13.616016687588974,False,True,False,False,False,False,0
2026-07-01 20:00:00+00:00,60002.7,60035.3,59980.1,59980.1,31.993,60089.81068517908,60136.042232719985,32.76314246115067,-44.09880374930799,-31.30115176312092,-12.79765198618707,False,True,False,False,False,False,0
2026-07-01 20:01:00+00:00,59980.1,59980.6,59910.0,59910.4,143.477,60079.36204849536,60129.92685104469,30.48474582591568,-47.26459596060886,-34.493840602618505,-12.770755357990353,False,False,False,False,False,False,0
2026-07-01 20:02:00+00:00,59910.4,59925.5,59902.5,59924.9,111.23,60063.270424829134,60121.3179549253,24.76484587807265,-54.766403579596954,-38.5483531980142,-16.218050381582756,False,True,False,False,False,False,0
2026-07-01 20:03:00+00:00,59924.9,59955.6,59920.4,59922.1,55.398,60050.09228913112,60113.61529002627,27.799880688707525,-58.863074465356476,-42.611297451482656,-16.25177701387382,False,True,False,False,False,False,0
2026-07-01 20:04:00+00:00,59922.1,59929.1,59890.4,59892.0,71.222,60037.90254730911,60106.10488649583,27.568603741986173,-61.625274453173915,-46.41409285182091,-15.211181601353005,False,True,False,False,False,False,0
2026-07-01 20:05:00+00:00,59892.0,59902.0,59876.0,59882.3,51.431,60024.007066613005,60097.708616437165,25.146666003645525,-65.48824852392863,-50.22892398624246,-15.259324537686176,False,True,False,False,False,False,0
2026-07-01 20:06:00+00:00,59882.3,59954.7,59882.3,59953.7,52.76,60010.511155507,60089.26121971414,24.40266190471374,-68.54227950787026,-53.89159509056802,-14.650684417302244,False,True,False,False,False,False,0
2026-07-01 20:07:00+00:00,59953.7,60011.4,59934.6,60011.4,28.301,60005.10056926824,60083.94509345084,38.764481713039025,-64.45820373166498,-56.00491681878741,-8.453286912877573,False,True,False,False,False,False,0
2026-07-01 20:08:00+00:00,60011.4,60011.4,59938.7,59944.7,85.813,60005.700515052216,60081.100187825316,47.452441413878184,-55.92101383598492,-55.98813622222691,0.06712238624199074,False,False,True,False,False,False,0
2026-07-01 20:09:00+00:00,59944.7,59952.1,59916.7,59922.5,18.544,59999.8909421901,60075.751160851774,40.32932479112278,-53.915853503633116,-55.57367967850816,1.6578261748750407,False,False,True,False,False,False,0
2026-07-01 20:10:00+00:00,59922.5,59922.6,59900.2,59907.5,21.66,59992.52037626723,60069.74131140661,38.27019378395848,-53.50137343123788,-55.1592184290541,1.6578449978162197,False,False,True,False,False,False,0
2026-07-01 20:11:00+00:00,59907.5,59907.5,59893.4,59906.4,17.449,59984.42319757512,60063.378907037724,36.899299039250444,-53.76351726703433,-54.880078196650146,1.1165609296158152,False,False,True,False,False,False,0
2026-07-01 20:12:00+00:00,59906.4,59915.9,59896.5,59912.6,18.363,59976.992416853675,60057.22287146762,36.795206212855206,-53.44396024645539,-54.5928546066112,1.1488943601558077,False,False,True,False,False,False,0
2026-07-01 20:13:00+00:00,59912.6,59996.2,59912.5,59994.7,33.183,59970.85980572475,60051.55138631202,37.85925810056134,-52.08996018479229,-54.092275722247415,2.002315537455125,False,False,True,False,False,False,0
2026-07-01 20:14:00+00:00,59994.7,60002.0,59967.2,59972.5,21.034,59973.13030041763,60049.32192018214,49.88957404734411,-43.88622839648451,-52.05106625709483,8.16483786061032,False,False,False,False,False,False,0
2026-07-01 20:15:00+00:00,59972.5,59999.7,59920.9,59932.3,31.667,59973.07027180643,60046.309295861276,47.227094225134124,-38.7296154182186,-49.38677608931958,10.657160671100982,False,False,False,False,False,False,0
2026-07-01 20:16:00+00:00,59932.3,59951.3,59925.0,59932.2,17.926,59969.187388777245,60041.8383430824,42.77537173544191,-37.455008493161586,-47.000422570087984,9.545414076926399,False,False,False,False,False,False,0
2026-07-01 20:17:00+00:00,59932.2,59932.2,59883.5,59891.8,42.631,59965.664780322266,60037.538800216425,42.76457283277154,-36.03752433828049,-44.80784292372648,8.770318585445992,False,False,False,False,False,False,0
2026-07-01 20:18:00+00:00,59891.8,59906.0,59869.1,59869.2,68.982,59958.630039339194,60031.823553149115,38.53227225975893,-37.73906781421829,-43.39408790182485,5.655020087606559,False,False,False,False,False,False,0
2026-07-01 20:19:00+00:00,59869.2,59903.9,59845.5,59863.4,186.069,59950.11289273546,60025.44615890797,36.364179236021386,-40.444960078108124,-42.804262337081504,2.359302258973379,False,False,False,False,False,False,0
2026-07-01 20:20:00+00:00,59863.4,59879.0,59859.9,59879.0,127.849,59941.85452199875,60019.09140757825,35.807340302225015,-42.566727976278344,-42.75675546492087,0.19002748864252794,False,False,False,False,False,False,0
2026-07-01 20:21:00+00:00,59879.0,59921.1,59879.0,59921.1,37.583,59935.868377046485,60013.597626888906,38.533645959889945,-42.49954638109921,-42.70531364815654,0.2057672670573325,False,False,False,False,False,False,0
2026-07-01 20:22:00+00:00,59921.1,59953.3,59920.0,59937.3,22.726,59934.46186494682,60009.970268971694,45.287032749918986,-38.60418135488726,-41.885087189502684,3.2809058346154245,False,False,False,False,False,False,0
2026-07-01 20:23:00+00:00,59937.3,59937.4,59924.4,59930.2,22.883,59934.73216352331,60007.12045450222,47.66965593280395,-33.82001580609358,-40.27207291282086,6.452057106727281,False,False,False,False,False,False,0
2026-07-01 20:24:00+00:00,59930.2,59968.5,59930.2,59950.6,44.155,59934.300528902044,60004.10396609037,46.709594098201954,-30.25270643531985,-38.26819961732066,8.01549318200081,False,False,False,False,False,False,0
2026-07-01 20:25:00+00:00,59950.6,59983.5,59950.6,59968.7,49.832,59935.8528594828,60002.005771341726,49.83573225555371,-25.485695316499914,-35.71169875715651,10.226003440656598,False,False,False,False,False,False,0
2026-07-01 20:26:00+00:00,59968.7,59970.1,59960.0,59960.0,11.079,59938.98115857968,60000.69966266166,52.49830415733475,-20.016547627208638,-32.57266853116694,12.556120903958302,False,False,False,False,False,False,0
2026-07-01 20:27:00+00:00,59960.0,59979.8,59953.6,59979.8,15.578,59940.98295300066,59999.103597459245,51.09450044707824,-16.197511145539465,-29.297637054041445,13.10012590850198,False,False,False,False,False,False,0
2026-07-01 20:28:00+00:00,59979.8,59979.9,59940.4,59940.6,21.668,59944.679814619645,59998.34659363731,54.10251947048603,-11.441314344861894,-25.726372512205536,14.285058167343642,False,False,False,False,False,False,0
2026-07-01 20:29:00+00:00,59940.6,59967.1,59933.6,59948.0,16.741,59944.291260846345,59996.08202133781,47.83016851702939,-10.711629508492479,-22.723423911462923,12.011794402970445,False,False,False,False,False,False,0
2026-07-01 20:30:00+00:00,59948.0,59959.6,59930.0,59958.5,9.947,59944.64447409908,59994.196451873584,49.03145187031314,-9.427555867361662,-20.06425030264267,10.636694435281008,False,False,False,False,False,False,0
2026-07-01 20:31:00+00:00,59958.5,60015.2,59952.5,60015.2,19.578,59945.96404799441,59992.796591015795,50.763867986478004,-7.476471893627604,-17.546694620839656,10.070222727212052,False,False,False,False,False,False,0
2026-07-01 20:32:00+00:00,60015.2,60042.7,59994.5,60026.5,77.369,59952.557948185415,59993.675156074,58.889875003777114,-1.3395659667003201,-14.305268890011789,12.965702923311468,False,False,False,False,False,False,0
2026-07-01 20:33:00+00:00,60026.5,60030.6,59991.7,59991.8,18.817,59959.60004835823,59994.96240485541,60.29626164881955,4.385241422962281,-10.567166827416974,14.952408250379255,False,False,False,False,False,False,0
2026-07-01 20:34:00+00:00,59991.8,59991.8,59982.6,59982.7,3.015,59962.666710419355,59994.83838897873,54.16803609665515,6.05242394850211,-7.2432486722331575,13.295672620735267,False,False,False,False,False,False,0
2026-07-01 20:35:00+00:00,59982.7,59982.7,59960.0,59963.0,12.886,59964.574642760366,59994.36237372466,52.6565865386048,6.563721665675985,-4.481854604651328,11.045576270327313,False,False,False,False,False,False,0
2026-07-01 20:36:00+00:00,59963.0,59963.0,59930.9,59933.8,24.331,59964.42467678319,59993.13247671585,49.440394222694444,5.318000826817297,-2.521883518357603,7.8398843451749,False,False,False,False,False,False,0
2026-07-01 20:37:00+00:00,59933.8,59979.5,59933.8,59979.4,5.325,59961.508040899076,59990.80571292307,45.048324195557704,1.95205998923484,-1.6270948168391142,3.579154806073954,False,False,False,False,False,False,0
2026-07-01 20:38:00+00:00,59979.4,59986.5,59971.5,59985.9,3.508,59963.21203700393,59990.358430063345,52.19103901616132,2.9302879940951243,-0.7156182546522665,3.6459062487473908,False,False,False,False,False,False,0
2026-07-01 20:39:00+00:00,59985.9,60006.2,59985.8,60006.1,7.711,59965.37279538451,59990.183589668704,53.126325307127196,4.181830869769328,0.26387157023205254,3.9179592995372756,False,False,False,False,False,False,0
2026-07-01 20:40:00+00:00,60006.1,60049.2,60006.1,60015.1,27.819,59969.251576776456,59990.80776262287,56.006672070611444,6.726124223991064,1.5563221009838548,5.1698021230072095,False,False,False,False,False,False,0
2026-07-01 20:41:00+00:00,60015.1,60015.1,59994.0,59994.1,12.523,59973.61809327394,59991.76039938276,57.26663759797157,9.360814182728063,3.1172205173326963,6.243593665395367,False,False,False,False,False,False,0
2026-07-01 20:42:00+00:00,59994.1,59994.1,59983.7,59989.1,5.702,59975.56875105737,59991.85214842657,53.42201610393067,9.643140342042898,4.422404482274737,5.220735859768161,False,False,False,False,False,False,0
2026-07-01 20:43:00+00:00,59989.1,60010.4,59985.0,59996.6,15.058,59976.85744143286,59991.7442210373,52.51796048384348,9.355582314812636,5.409040048782317,3.9465422660303195,False,False,False,False,False,False,0
2026-07-01 20:44:00+00:00,59996.6,60010.3,59996.5,60010.2,5.127,59978.73768510592,59991.93464374172,53.781437235430474,9.621961839759024,6.251624406977658,3.3703374327813655,False,False,False,False,False,False,0
2026-07-01 20:45:00+00:00,60010.2,60030.0,60010.2,60026.5,9.346,59981.73409604822,59992.65093222244,56.064489708412246,10.805912044881552,7.162481934558437,3.6434301103231146,False,False,False,False,False,False,0
2026-07-01 20:46:00+00:00,60026.5,60032.9,60017.1,60017.1,7.892,59985.9975154722,59993.97834664509,58.69782271628178,12.910648962919367,8.312115340230623,4.598533622688745,False,False,False,False,False,False,0
2026-07-01 20:47:00+00:00,60017.1,60040.8,60005.0,60040.8,8.595,59988.9596568558,59994.88507814921,56.59130671397599,13.662671916215913,9.382226655427681,4.280445260788232,False,False,False,False,False,False,0
2026-07-01 20:48:00+00:00,60040.8,60066.7,60040.8,60064.9,45.898,59993.896832393344,59996.685663319826,60.4455837356958,15.986762014486885,10.703133727239521,5.283628287247364,False,False,False,False,False,False,0
2026-07-01 20:49:00+00:00,60064.9,60166.7,60064.7,60138.8,125.388,60000.65903883208,59999.3607353465,63.95080298886013,19.547952125503798,12.472097406892377,7.075854718611421,True,False,False,False,False,False,0
2026-07-01 20:50:00+00:00,60138.8,60138.8,60094.2,60098.4,36.328,60013.81532084807,60004.8289418035,72.11193888322136,28.010446347805555,15.579767195075013,12.430679152730542,True,False,False,False,True,False,0
2026-07-01 20:51:00+00:00,60098.4,60115.1,60094.2,60111.0,19.135,60021.87100457683,60008.498395066104,63.63097519987381,31.098606250197918,18.683535006099593,12.415071244098325,True,False,False,False,True,False,0
2026-07-01 20:52:00+00:00,60111.0,60114.0,60099.0,60104.8,21.111,60030.35948033142,60012.51806584783,65.01300845783659,34.16883288312965,21.780594581505603,12.38823830162405,True,False,False,False,False,False,0
2026-07-01 20:53:00+00:00,60104.8,60104.8,60084.0,60091.6,158.161,60037.44905363319,60016.136965226346,63.729689909627815,35.69030579629907,24.562536824464296,11.127768971834776,True,False,False,False,False,False,0
2026-07-01 20:54:00+00:00,60091.6,60099.6,60091.6,60099.1,6.195,60042.6062866205,60019.09629992335,60.970261138388736,35.422624394414015,26.734554338454238,8.688070055959777,True,False,False,False,False,False,0
2026-07-01 20:55:00+00:00,60099.1,60110.1,60089.1,60107.4,12.462,60047.986640275696,60022.23369992636,61.97763013482055,35.40751646536228,28.469146763835845,6.938369701526433,False,False,False,False,False,False,0
2026-07-01 20:56:00+00:00,60107.4,60112.8,60103.8,60103.9,4.356,60053.645055487534,60025.57355483121,63.11231648493543,35.65428356976918,29.90617412502251,5.748109444746667,False,False,False,False,False,False,0
2026-07-01 20:57:00+00:00,60103.9,60107.9,60101.0,60107.7,6.533,60058.431240679194,60028.64518013194,62.26843926379484,35.16210071914975,30.957359443847956,4.204741275301792,False,False,False,False,False,False,0
2026-07-01 20:58:00+00:00,60107.7,60108.8,60095.6,60095.7,18.205,60063.12350347165,60031.745369146374,62.849247799578755,34.678913577277854,31.701670270533935,2.977243306743919,False,False,False,False,False,False,0
2026-07-01 20:59:00+00:00,60095.7,60110.1,60095.6,60106.2,11.641,60066.22602695054,60034.25339388573,59.722803201288656,32.94788190114923,31.950912596656995,0.9969693044922359,False,False,False,False,False,False,0
2026-07-01 21:00:00+00:00,60106.2,60120.6,60106.2,60111.5,14.445,60070.03307200287,60037.074829419624,61.52626813857667,32.053792902457644,31.971488657817126,0.08230424464051822,False,False,False,False,False,False,0
2026-07-01 21:01:00+00:00,60111.5,60111.5,60100.0,60104.5,4.195,60073.98230324069,60039.99346356003,62.440465413211456,31.410802457299724,31.859351417713647,-0.4485489604139232,False,False,False,False,False,True,0
2026-07-01 21:02:00+00:00,60104.5,60121.1,60104.5,60117.3,7.736,60076.8887505511,60042.52313165571,60.399135568058725,29.99067259334697,31.485615652840313,-1.494943059493341,False,False,False,False,False,True,0
2026-07-01 21:03:00+00:00,60117.3,60127.2,60114.1,60114.1,7.696,60080.73744097481,60045.455557865294,62.79439229875553,29.557343809989106,31.099961284270073,-1.5426174742809664,False,False,False,False,False,True,0
2026-07-01 21:04:00+00:00,60114.1,60166.0,60114.1,60165.9,23.191,60083.91482754864,60048.14749677254,61.788207637413784,28.62573471977521,30.6051159713711,-1.979381251595889,False,False,False,False,False,True,0
2026-07-01 21:05:00+00:00,60165.9,60271.9,60165.9,60231.2,108.59,60091.722939210675,60052.76524199714,70.1314586449525,31.701816091030196,30.82445599530292,0.8773600957272762,False,False,True,False,True,True,0
2026-07-01 21:06:00+00:00,60231.2,60250.9,60220.0,60223.1,71.979,60105.00646880966,60059.762683487446,76.960734248441,38.95969390508253,32.45150357725884,6.508190327823691,False,False,True,False,True,True,0
2026-07-01 21:07:00+00:00,60223.1,60227.0,60189.4,60221.2,67.05,60116.25347178017,60066.16806844872,74.67976164252487,43.55592644993885,34.67238815179484,8.88353829814401,False,False,True,False,True,False,0
2026-07-01 21:08:00+00:00,60221.2,60243.1,60215.6,60240.4,23.911,60126.24837922968,60072.247752038966,74.12479403847534,46.50903255830053,37.03971703309598,9.46931552520455,False,False,True,False,True,False,0
2026-07-01 21:09:00+00:00,60240.4,60242.1,60222.7,60222.8,11.988,60137.119962160185,60078.84195784136,76.06079984701562,49.824326146808744,39.596638855838535,10.22768729097021,False,False,True,False,True,False,0
2026-07-01 21:10:00+00:00,60222.8,60274.6,60218.0,60274.5,58.006,60145.27996576398,60084.48737125935,70.82923610676872,50.449991195964685,41.76730932386376,8.682681872100922,False,False,True,False,True,False,0
2026-07-01 21:11:00+00:00,60274.5,60384.0,60274.5,60376.8,280.287,60157.586635691216,60091.938846896235,76.04215474912844,54.48947246016178,44.311741951123366,10.177730509038412,False,False,False,False,True,False,0
2026-07-01 21:12:00+00:00,60376.8,60435.0,60368.3,60407.5,146.318,60178.46409895872,60103.10987250815,82.64936682584127,65.19402932002413,48.48819942490352,16.70582989512061,False,False,False,False,True,False,0
2026-07-01 21:13:00+00:00,60407.5,60446.0,60339.0,60358.2,134.603,60200.27704191503,60115.046740252925,84.06925458154537,75.28684134048672,53.84792780802016,21.438913532466557,False,False,False,False,True,False,0
2026-07-01 21:14:00+00:00,60358.2,60428.6,60340.9,60424.2,96.317,60215.31732363741,60124.58216220379,73.64646817999142,78.40358191105042,58.759058628626214,19.64452328242421,False,False,False,False,True,False,0
2026-07-01 21:15:00+00:00,60424.2,60424.2,60342.1,60345.5,67.098,60235.21091186242,60136.331881333055,77.64267674891988,85.21694182346982,64.05063526759494,21.166306555874883,False,False,False,False,True,False,0
2026-07-01 21:16:00+00:00,60345.5,60362.9,60300.8,60357.7,61.606,60245.71463454219,60144.53455265333,64.987831312623,83.30584840074152,67.90167789422426,15.40417050651726,False,False,False,False,True,False,0
2026-07-01 21:17:00+00:00,60357.7,60480.7,60357.7,60466.1,155.753,60256.37990744293,60152.89398196104,65.91527161611685,81.83241795956565,70.68782590729253,11.144592052273111,False,False,False,False,False,False,0
2026-07-01 21:18:00+00:00,60466.1,60466.1,60399.0,60399.0,36.372,60276.35324959122,60165.17657090374,72.80763376183941,88.39275116992212,74.22881095981845,14.163940210103675,False,False,False,False,True,False,0
2026-07-01 21:19:00+00:00,60399.0,60481.8,60376.5,60481.7,45.586,60288.0338924873,60174.34611714281,64.15906577324898,87.1725820194115,76.81756517173706,10.355016847674435,False,False,False,False,True,False,0
2026-07-01 21:20:00+00:00,60481.7,60498.5,60426.0,60430.1,113.899,60306.47828367898,60186.39921058819,69.04031995847181,91.82034029727947,79.81812019684554,12.00222010043393,False,False,False,False,False,False,0
2026-07-01 21:21:00+00:00,60430.1,60498.6,60430.1,60489.6,126.396,60318.25178047146,60195.95610429061,63.25196690340409,90.29912139478256,81.91432043643294,8.384800958349615,False,False,False,False,False,False,0
2026-07-01 21:22:00+00:00,60489.6,60500.0,60469.0,60494.2,55.568,60334.5706585218,60207.47155118118,66.71713905337093,92.82467215329234,84.09639077980482,8.728281373487519,False,False,False,False,False,False,0
2026-07-01 21:23:00+00:00,60494.2,60494.3,60406.0,60411.9,49.459,60349.77345294829,60218.71580407603,66.97640211965606,94.11250055777782,86.09961273539942,8.012887822378403,False,False,False,False,False,False,0
2026-07-01 21:24:00+00:00,60411.9,60420.7,60359.1,60379.4,36.803,60355.690266953214,60226.29165489658,58.23588077534742,87.48373363185965,86.37643691469147,1.1072967171681825,False,False,False,False,False,False,0
2026-07-01 21:25:00+00:00,60379.4,60430.1,60343.2,60430.1,50.008,60357.94833676719,60232.29590372417,55.17380009283745,78.70069705307833,84.84128894236883,-6.140591889290505,False,False,False,False,False,True,0
2026-07-01 21:26:00+00:00,60430.1,60596.6,60413.8,60421.4,380.045,60364.81992374174,60240.052927107536,58.81214939913693,74.96697099217272,82.86642535232961,-7.899454360156895,False,False,False,False,False,True,0
2026-07-01 21:27:00+00:00,60421.4,60474.4,60396.7,60474.3,64.265,60370.20850243301,60247.16457702489,57.943049315498655,70.49334549155174,80.39180938017404,-9.898463888622302,False,False,False,False,False,True,0
2026-07-01 21:28:00+00:00,60474.3,60578.8,60469.8,60545.0,87.022,60380.12197839177,60256.071848514104,61.6536784673726,70.40496829885524,78.39444116391027,-7.989472865055035,False,False,False,False,False,True,0
2026-07-01 21:29:00+00:00,60545.0,60553.2,60472.3,60499.2,56.142,60395.824647116366,60267.40236425865,65.97446807253992,75.17327712738188,77.75020835660459,-2.5769312292227085,False,False,False,False,False,True,0
2026-07-01 21:30:00+00:00,60499.2,60576.1,60498.7,60574.9,93.984,60405.66991881957,60276.49246762105,61.16627200173323,74.39889484628657,77.07994565454098,-2.6810508082544118,False,False,False,False,False,True,0
2026-07-01 21:31:00+00:00,60574.9,60630.4,60570.0,60623.7,178.581,60421.78706940819,60288.194723792774,65.62548244350972,78.98308086711768,77.46057269705632,1.5225081700613572,False,False,True,False,False,False,0
2026-07-01 21:32:00+00:00,60623.7,60647.4,60589.5,60626.6,117.998,60441.01687232169,60301.35179344796,68.16343615823254,85.56746500461304,79.08195115856766,6.485513846045379,False,False,True,False,False,False,0
2026-07-01 21:33:00+00:00,60626.6,60700.0,60553.7,60682.1,266.51,60458.6914559101,60314.10662507745,68.31315928420966,89.98238175046572,81.26203727694727,8.720344473518452,False,False,True,False,False,False,0
2026-07-01 21:34:00+00:00,60682.1,60684.0,60649.9,60683.9,53.012,60479.968460109136,60328.53773781951,71.11306749138241,96.84327228637994,84.3782842788338,12.46498800754614,False,False,True,False,True,False,0
2026-07-01 21:35:00+00:00,60683.9,60693.1,60662.6,60685.5,34.371,60499.390511527316,60342.47351280698,71.20194506995404,101.25857658333553,87.75434273973414,13.504233843601384,False,False,True,False,True,False,0
2026-07-01 21:36:00+00:00,60685.5,60687.6,60652.0,60684.0,56.126,60517.11522471519,60355.92553191259,71.28651361828021,103.69155201162357,90.94178459411202,12.74976741751155,False,False,True,False,True,False,0
2026-07-01 21:37:00+00:00,60684.0,60699.4,60680.4,60680.4,29.14,60533.00901283755,60368.79119732778,71.07578508459136,104.29640111342451,93.61270789797452,10.683693215449992,False,False,False,False,True,False,0
2026-07-01 21:38:00+00:00,60680.4,60833.9,60680.4,60725.5,349.127,60547.04624971017,60381.01115037375,70.5368604689601,103.29454327451822,95.54907497328325,7.745468301234965,False,False,False,False,True,False,0
2026-07-01 21:39:00+00:00,60725.5,60748.4,60649.9,60687.0,186.004,60564.041844975865,60394.52051702576,73.27115487643128,104.93018692466285,97.42529736355917,7.504889561103681,False,False,False,False,True,False,0
2026-07-01 21:40:00+00:00,60687.0,60795.1,60620.5,60789.4,116.739,60575.75214545435,60405.99030067181,67.51129936028785,101.94466343774548,98.32917057839643,3.6154928593490467,False,False,False,False,True,False,0
2026-07-01 21:41:00+00:00,60789.4,60795.5,60765.0,60779.3,107.696,60596.09956017299,60421.025975155266,73.48220123080534,106.6124765071072,99.98583176413858,6.626644742968622,False,False,False,False,True,False,0
2026-07-01 21:42:00+00:00,60779.3,60785.0,60753.5,60784.9,67.449,60613.54722110889,60435.07593691388,72.07518388670402,108.24894000581116,101.6384534124731,6.6104865933380665,False,False,False,False,True,False,0
2026-07-01 21:43:00+00:00,60784.9,60794.9,60784.9,60790.8,113.654,60629.86653338424,60448.79452762314,72.39084547503664,108.74418702039839,103.05960013405816,5.684586886340227,False,False,False,False,True,False,0
2026-07-01 21:44:00+00:00,60790.8,60795.6,60773.3,60783.3,65.681,60645.193530204786,60462.20650693204,72.74046726400442,108.36360633929144,104.12040137510482,4.243204964186617,False,False,False,False,True,False,0
2026-07-01 21:45:00+00:00,60783.3,60799.6,60757.4,60792.6,72.822,60658.34652732814,60474.798408620976,71.5009540665377,106.23222710093978,104.54276652027181,1.6894605806679692,False,False,False,False,True,False,0
2026-07-01 21:46:00+00:00,60792.6,60813.3,60748.1,60793.9,107.069,60671.132572344504,60487.26121612603,72.13502821174978,104.09359975349798,104.45293316691705,-0.35933341341906555,False,False,False,False,True,True,0
2026-07-01 21:47:00+00:00,60793.9,60794.0,60790.1,60793.5,14.586,60682.824708311695,60499.28626647403,72.22804498373227,101.33548887156212,103.82944430784606,-2.4939554362839402,False,False,False,False,True,True,0
2026-07-01 21:48:00+00:00,60793.5,60794.0,60793.2,60793.5,21.13,60693.36521228201,60510.82405994564,72.14824005388581,97.98784656951466,102.66112476017977,-4.6732781906651155,False,False,False,False,True,True,0
2026-07-01 21:49:00+00:00,60793.5,60794.0,60790.1,60793.5,22.908,60702.90185873135,60521.909390928166,72.1482400538858,94.24837927793851,100.97857566373152,-6.730196385793008,False,False,False,False,True,True,0
2026-07-01 21:50:00+00:00,60793.5,60793.9,60776.4,60793.9,35.673,60711.530253137884,60532.56000304863,72.14824005388581,90.24454160758614,98.83176885250245,-8.587227244916306,False,False,False,False,True,True,0
2026-07-01 21:51:00+00:00,60793.9,60795.9,60786.8,60786.9,25.4,60719.37499093427,60542.80863038006,72.18662241102706,86.11111275921576,96.28763763384511,-10.17652487462935,False,False,False,False,True,True,0
2026-07-01 21:52:00+00:00,60786.9,60818.8,60778.9,60805.7,163.087,60725.80594417863,60552.38084095339,70.35926694400688,81.33294357306295,93.29669882168868,-11.96375524862573,False,False,False,False,True,False,0
2026-07-01 21:53:00+00:00,60805.7,60805.7,60791.6,60791.7,30.04,60733.414901875905,60562.31492562188,72.38141188407324,78.16220767425693,90.26980059220233,-12.107592917945396,False,False,False,False,True,False,0
2026-07-01 21:54:00+00:00,60791.7,60791.9,60753.1,60755.2,54.843,60738.96586360201,60571.31041873475,68.62674336849747,73.67046635553561,86.94993374486899,-13.279467389333377,False,False,False,False,True,False,0
2026-07-01 21:55:00+00:00,60755.2,60802.9,60755.0,60794.5,41.713,60740.51197183039,60578.5217748628,59.90230293360516,66.40006542086485,82.83996008006815,-16.439894659203304,False,False,False,False,False,False,0
2026-07-01 21:56:00+00:00,60794.5,60794.5,60792.9,60792.9,29.519,60745.65368879893,60586.991509181906,65.05374895375786,63.08222918520187,78.88841390109489,-15.806184715893025,False,False,False,False,False,False,0
2026-07-01 21:57:00+00:00,60792.9,60793.0,60774.7,60785.5,19.067,60750.15333748474,60595.06635195909,64.68936876880996,59.63626371070859,75.03798386301763,-15.40172015230904,False,False,False,False,False,False,0
2026-07-01 21:58:00+00:00,60785.5,60793.3,60785.3,60793.2,60.667,60753.51968629572,60602.53433815677,62.93362320957721,55.66650427956483,71.16368794632707,-15.49718366676224,False,False,False,False,False,False,0
2026-07-01 21:59:00+00:00,60793.2,60793.5,60778.5,60787.5,49.037,60757.29876379136,60610.01142293494,64.02768228887417,52.53616279613925,67.4381829162895,-14.902020120150254,False,False,False,False,False,False,0
2026-07-01 22:00:00+00:00,60787.5,60802.9,60786.0,60786.0,70.138,60760.17507200171,60616.971759290434,62.55572067657681,49.030212485238735,63.75658883007935,-14.726376344840617,False,False,False,False,False,False,0
2026-07-01 22:01:00+00:00,60786.0,60792.8,60786.0,60791.1,14.082,60762.63458895393,60623.60031774963,62.1507939242244,45.60497833869158,60.1262667318018,-14.521288393110218,False,False,False,False,False,False,0
2026-07-01 22:02:00+00:00,60791.1,60791.1,60774.0,60787.1,25.183,60765.34558048213,60630.16893273984,63.02710144334741,42.808513086114544,56.66271600266435,-13.854202916549802,False,False,False,False,False,False,0
2026-07-01 22:03:00+00:00,60787.1,60792.7,60753.3,60778.9,62.612,60767.41742996002,60636.32309224024,61.81820075965234,39.81061565932032,53.29229593399554,-13.48168027467522,False,False,False,False,False,False,0
2026-07-01 22:04:00+00:00,60778.9,60797.0,60778.9,60791.9,36.467,60768.51100805907,60641.91434352494,59.30685379572795,36.354022340216034,49.904641215239636,-13.550618875023602,False,False,False,False,False,False,0
2026-07-01 22:05:00+00:00,60791.9,60792.6,60774.0,60781.1,32.936,60770.73853110106,60647.796133974945,61.946235302568134,34.26861136552907,46.777435245297525,-12.508823879768457,False,False,False,False,False,False,0
2026-07-01 22:06:00+00:00,60781.1,60789.8,60781.1,60789.6,11.984,60771.725337662865,60653.023736564166,58.54870542916735,31.382678421083256,43.698483880454674,-12.315805459371418,False,False,False,False,False,False,0
2026-07-01 22:07:00+00:00,60789.6,60789.7,60789.2,60789.2,24.344,60773.427686456875,60658.37966846361,60.39003966187118,29.442045163516013,40.847196137066945,-11.405150973550931,False,False,False,False,False,False,0
2026-07-01 22:08:00+00:00,60789.2,60792.6,60789.2,60792.6,15.236,60774.92981155622,60663.50987754347,60.25439303653547,27.5541752874924,38.188591967152036,-10.634416679659637,False,False,False,False,False,False,0
2026-07-01 22:09:00+00:00,60792.6,60792.6,60786.0,60789.5,24.331,60776.612686646105,60668.57223528686,61.05514385624271,26.032292332907673,35.75733204030316,-9.725039707395489,False,False,False,False,False,False,0
2026-07-01 22:10:00+00:00,60789.5,60789.5,60786.0,60787.3,20.587,60777.84004982267,60673.31450056973,59.8707653203395,24.295976145331224,33.46506086130877,-9.169084715977547,False,False,False,False,False,False,0
2026-07-01 22:11:00+00:00,60787.3,60789.5,60782.0,60789.5,20.624,60778.740997458604,60677.78452015523,58.99610925733326,22.48323866337887,31.26869642172279,-8.78545775834392,False,False,False,False,False,False,0
2026-07-01 22:12:00+00:00,60789.5,60789.5,60789.4,60789.4,11.058,60779.76566436731,60682.16551936483,59.63122482391392,20.982282075943658,29.211413552566963,-8.229131476623305,False,False,False,False,False,False,0
2026-07-01 22:13:00+00:00,60789.4,60789.5,60788.5,60788.5,21.445,60780.68322014185,60686.37079311523,59.58604606875836,19.559227404010016,27.280976322855572,-7.721748918845556,False,False,False,False,False,False,0
2026-07-01 22:14:00+00:00,60788.5,60790.0,60788.0,60788.0,23.431,60781.42767536644,60690.37586005189,59.15168107745481,18.149606479797512,25.45470235424396,-7.305095874446447,False,False,False,False,False,False,0
2026-07-01 22:15:00+00:00,60788.0,60790.0,60772.9,60785.5,47.511,60782.05361104583,60694.20425769692,58.89481927919743,16.798483459635463,23.72345857532226,-6.924975115686799,False,False,False,False,False,False,0
2026-07-01 22:16:00+00:00,60785.5,60797.0,60782.9,60793.4,23.81,60782.38183856527,60697.784482885276,57.54918726973822,15.349045384471538,22.048575937152116,-6.699530552680578,False,False,False,False,False,False,0
2026-07-01 22:17:00+00:00,60793.4,60797.8,60793.4,60797.7,20.943,60783.43118727334,60701.53411100742,60.61176750024222,14.66872728701128,20.572606207123947,-5.903878920112668,False,False,False,False,False,False,0
2026-07-01 22:18:00+00:00,60797.7,60809.6,60789.0,60807.0,78.603,60784.79012181873,60705.305322340464,62.20987447723109,14.311569492281706,19.3203988641555,-5.008829371873794,False,False,False,False,False,False,0
2026-07-01 22:19:00+00:00,60807.0,60810.9,60790.3,60803.0,75.763,60786.90534831219,60709.29334891535,65.47275009954235,14.610530542086053,18.37842519974161,-3.7678946576555568,False,False,False,False,False,False,0
2026-07-01 22:20:00+00:00,60803.0,60818.9,60801.1,60808.6,116.734,60788.438172282455,60712.96811954612,62.9549915416446,14.359169193165144,17.574573998426317,-3.215404805261173,False,False,False,False,False,False,0
2026-07-01 22:21:00+00:00,60808.6,61325.3,60808.6,61031.2,2779.629,60790.35834635079,60716.718389367845,64.98509940913681,14.445320054343028,16.94872320960966,-2.503403155266632,False,False,False,False,False,False,0
2026-07-01 22:22:00+00:00,61031.2,61168.8,60939.2,61155.2,664.906,60813.29564669833,60729.051001549495,89.53501228493796,32.1054630931103,19.98007118630979,12.125391906800512,False,False,True,False,True,False,0
2026-07-01 22:23:00+00:00,61155.2,61172.1,61019.4,61036.3,346.119,60845.857966060394,60745.76272697892,92.63344817509501,55.467621165153105,27.077581182078454,28.39003998307465,False,False,True,False,True,False,0
2026-07-01 22:24:00+00:00,61036.3,61036.4,60911.8,60951.5,234.343,60863.99530262607,60757.15634552877,70.94339516662953,63.65429633652093,34.392924212966946,29.261372123553983,False,False,True,False,True,False,0
2026-07-01 22:25:00+00:00,60951.5,61010.4,60822.0,60832.7,214.996,60872.329083328346,60764.77766531195,60.12956539415947,62.57828062934277,40.02999549624211,22.548285133100663,False,False,True,False,True,False,0
2026-07-01 22:26:00+00:00,60832.7,60864.0,60804.4,60840.5,121.332,60868.55488491612,60767.44128628011,48.886983236717654,51.54518250400724,42.333032897795135,9.212149606212108,False,False,True,False,False,False,0
2026-07-01 22:27:00+00:00,60840.5,60840.6,60733.4,60738.0,242.86,60865.88299111459,60770.30633387697,49.553895170129415,42.93583004109678,42.453592326455464,0.4822377146413146,False,False,True,False,False,False,0
2026-07-01 22:28:00+00:00,60738.0,60748.8,60680.0,60717.6,157.219,60853.703658627484,60769.03941882297,41.82996375937124,27.524675489912624,39.46780895914689,-11.943133469234269,False,False,False,False,False,True,0
2026-07-01 22:29:00+00:00,60717.6,60717.7,60526.1,60533.3,255.874,60840.741405424866,60767.02218671227,40.477681878259716,13.50938716075325,34.27612459946816,-20.766737438714912,False,False,False,False,False,True,0
2026-07-01 22:30:00+00:00,60533.3,60662.8,60532.8,60552.0,224.008,60811.46127157488,60757.85661076277,30.792554945061124,-12.32719927560538,24.955459824453452,-37.28265910005884,False,False,False,False,False,True,0
2026-07-01 22:31:00+00:00,60552.0,60573.5,60500.0,60500.1,141.416,60786.75067428203,60749.783802497564,32.55588930945643,-30.937320281009306,13.776903803360899,-44.7142240843702,False,False,False,False,False,True,0
2026-07-01 22:32:00+00:00,60500.1,60585.0,60463.6,60538.1,310.463,60759.4506100647,60739.99228083099,30.252075067459,-49.30550830197899,1.1604213822929204,-50.46592968427191,False,False,False,False,False,True,0
2026-07-01 22:33:00+00:00,60538.1,60538.1,60438.2,60531.5,158.075,60738.369599582344,60732.07493648468,33.93819332733293,-60.10331363690784,-11.092325621547234,-49.01098801536061,False,False,False,False,False,True,0
2026-07-01 22:34:00+00:00,60531.5,60549.5,60476.8,60483.5,54.682,60718.66773295545,60724.209252700966,33.60599324863774,-68.40469031086104,-22.554798559409996,-45.84989175145105,False,False,False,True,False,False,0
2026-07-01 22:35:00+00:00,60483.5,60533.2,60461.6,60506.7,58.897,60696.27080600731,60714.769674163676,31.21306634543885,-77.95813710314542,-33.63546626815708,-44.32267083498834,False,False,False,True,False,False,0
2026-07-01 22:36:00+00:00,60506.7,60527.4,60461.0,60461.1,119.019,60678.21644353042,60706.610079098435,33.67142255098094,-82.7039072440748,-43.449154463340626,-39.25475278073417,False,False,False,True,False,False,0
2026-07-01 22:37:00+00:00,60461.1,60508.3,60431.0,60508.3,72.866,60657.53868700372,60696.98223285928,31.30336918776554,-89.11721539159771,-52.58276664899204,-36.53444874260567,False,False,False,True,False,False,0
2026-07-01 22:38:00+00:00,60508.3,60510.2,60478.0,60503.1,18.996,60643.32547871765,60689.5829296099,36.29737654149593,-89.36106404972088,-59.93842612913781,-29.42263792058307,False,False,False,True,False,False,0
2026-07-01 22:39:00+00:00,60503.1,60512.9,60490.0,60494.9,26.447,60629.970671220726,60682.269873546764,35.98698829270391,-88.9485686787375,-65.74045463905775,-23.208114039679757,False,False,False,True,False,False,0
2026-07-01 22:40:00+00:00,60494.9,60543.5,60424.8,60434.9,78.712,60617.106797771135,60674.92203536846,35.47186726719525,-88.26586069659243,-70.24553585056468,-18.020324846027748,False,False,False,False,False,False,0
2026-07-01 22:41:00+00:00,60434.9,60538.8,60434.8,60528.6,131.238,60599.75376941198,60665.50940653048,31.87640160663536,-91.51142155734124,-74.49871299191999,-17.01270856542125,False,False,False,False,False,False,0
2026-07-01 22:42:00+00:00,60528.6,60549.7,60507.8,60534.0,43.454,60592.97721994417,60660.14041019595,41.79800748300958,-85.53673081795569,-76.70631655712712,-8.830414260828562,False,False,False,False,False,False,0
2026-07-01 22:43:00+00:00,60534.0,60544.9,60471.7,60487.9,99.882,60587.36034185425,60655.19372744317,42.31938598314701,-79.45015851994685,-77.25508494969107,-2.1950735702557864,False,False,False,False,False,False,0
2026-07-01 22:44:00+00:00,60487.9,60488.0,60453.4,60470.0,31.831,60577.88792834432,60648.633189112064,39.0992408922553,-77.45355448566261,-77.29477885688537,-0.15877562877723506,False,False,False,False,False,False,0
2026-07-01 22:45:00+00:00,60470.0,60477.3,60411.5,60425.2,151.42,60567.61288754962,60641.62796600963,37.89354412239178,-76.43452221395273,-77.12272752829884,0.6882053143461064,False,False,True,False,False,False,0
2026-07-01 22:46:00+00:00,60425.2,60458.4,60396.9,60399.4,147.546,60554.04975540204,60633.14059479357,34.985706899963915,-78.33887559407594,-77.36595714145426,-0.9729184526216841,False,False,True,False,False,True,0
2026-07-01 22:47:00+00:00,60399.4,60470.6,60390.7,60470.5,41.945,60539.32120726851,60623.97429695853,33.396319212443856,-80.99625928968453,-78.09201757110031,-2.904241718584217,False,False,True,False,False,True,0
2026-07-01 22:48:00+00:00,60470.5,60495.4,60443.4,60468.1,39.903,60532.76680657627,60617.9556970778,41.30934731812771,-76.48342589689855,-77.77029923625996,1.2868733393614065,False,False,True,False,False,True,0
2026-07-01 22:49:00+00:00,60468.1,60471.5,60419.1,60432.2,32.537,60526.60806309282,60612.079003074745,41.13170455914274,-72.26757721712056,-76.66975483243208,4.4021776153115155,False,False,True,False,False,True,0
2026-07-01 22:50:00+00:00,60432.2,60449.2,60345.0,60384.0,103.489,60517.61681898874,60605.0249245228,38.46696373940865,-71.00481740000396,-75.53676734594646,4.5319499459425,False,False,True,False,False,True,0
2026-07-01 22:51:00+00:00,60384.0,60406.4,60326.8,60384.1,92.501,60504.891407656476,60596.357280423865,35.17226384210054,-73.0513181997012,-75.03967751669741,1.9883593169962097,False,False,True,False,False,True,0
2026-07-01 22:52:00+00:00,60384.1,60417.8,60384.0,60402.0,17.582,60493.38746407015,60588.03346550528,35.1846673164804,-73.81423115445068,-74.79458824424806,0.9803570897973799,False,False,True,False,False,False,0
2026-07-01 22:53:00+00:00,60402.0,60437.8,60400.6,60410.9,17.105,60484.68389606346,60580.73803548546,37.49018483777068,-72.14284693205263,-74.26423998180897,2.1213930497563354,False,False,True,False,False,False,0
2026-07-01 22:54:00+00:00,60410.9,60432.9,60408.5,60432.9,7.973,60477.656858343136,60574.07772036838,38.6585177145783,-69.30124565317237,-73.27164111608165,3.9703954629092806,False,False,False,False,False,False,0
2026-07-01 22:55:00+00:00,60432.9,60432.9,60395.3,60427.6,12.498,60473.39430040569,60568.541339177464,41.56589974605386,-64.53017632466799,-71.52334815779892,6.99317183313093,False,False,False,False,False,False,0
2026-07-01 22:56:00+00:00,60427.6,60447.6,60412.8,60431.9,26.655,60469.0329384623,60563.01422783717,41.060988426193305,-60.47956444251031,-69.3145914147412,8.835026972230892,False,False,False,False,False,False,0
2026-07-01 22:57:00+00:00,60431.9,60435.8,60410.3,60424.3,41.051,60465.49646813255,60557.872493412186,41.67996324313575,-56.27376237594581,-66.70642560698212,10.432663231036315,False,False,False,False,False,False,0
2026-07-01 22:58:00+00:00,60424.3,60488.9,60424.3,60473.3,50.654,60461.57299497707,60552.63435641563,40.86313336165427,-52.94358967563312,-63.95385842071232,11.010268745079202,False,False,False,False,False,False,0
2026-07-01 22:59:00+00:00,60473.3,60476.5,60452.3,60454.9,17.972,60462.6898525983,60549.52320518364,47.94623692439648,-45.822302350024984,-60.327547206574856,14.505244856549872,False,False,False,False,False,False,0
2026-07-01 23:00:00+00:00,60454.9,60454.9,60318.2,60318.2,61.402,60461.94796187465,60545.812491254874,45.73118377328982,-41.18856097126991,-56.49974995951386,15.311188988243956,False,False,False,False,False,False,0
2026-07-01 23:01:00+00:00,60318.2,60348.6,60303.0,60340.2,74.312,60448.25767979135,60536.88651120567,33.38948960944907,-47.993594808758644,-54.79851892936282,6.804924120604177,False,False,False,False,False,False,0
2026-07-01 23:02:00+00:00,60340.2,60340.2,60276.0,60291.9,201.524,60437.96647219217,60529.173314687796,36.36588874139217,-51.02325271780137,-54.04346568705053,3.020212969249158,False,False,False,False,False,False,0
2026-07-01 23:03:00+00:00,60291.9,60365.6,60291.9,60357.5,64.979,60424.05537960244,60519.86847881768,32.89104548288472,-56.66844620530901,-54.56846179070222,-2.099984414606787,False,False,False,False,False,True,0
2026-07-01 23:04:00+00:00,60357.5,60357.5,60268.8,60295.9,127.179,60417.71677202125,60513.5010874915,41.120092185439475,-55.21247590401617,-54.697264613365014,-0.515211290651159,False,False,False,False,False,True,0
2026-07-01 23:05:00+00:00,60295.9,60313.2,60295.9,60303.4,16.308,60406.115174685896,60504.96771151145,36.58362896705059,-58.356516540843586,-55.429114998860726,-2.92740154198286,False,False,False,False,False,True,0
2026-07-01 23:06:00+00:00,60303.4,60324.9,60284.1,60314.5,15.818,60396.332777096766,60497.06309537374,37.48788772327109,-59.55647411623795,-56.25458682233617,-3.3018872939017783,False,False,False,False,False,True,0
2026-07-01 23:07:00+00:00,60314.5,60314.6,60288.1,60302.7,31.926,60388.53917927803,60489.903758300265,38.87701578693651,-58.93243547455495,-56.790156552779926,-2.1422789217750235,False,False,False,False,False,True,0
2026-07-01 23:08:00+00:00,60302.7,60307.1,60297.2,60303.1,27.311,60380.36401934679,60482.56243444535,37.912511032377935,-58.71323214588483,-57.174771671400904,-1.5384604744839265,False,False,False,False,False,True,0
2026-07-01 23:09:00+00:00,60303.1,60334.8,60303.1,60320.7,23.227,60373.00554131376,60475.524691918086,37.96869146276479,-57.84048615167558,-57.30791456745584,-0.5325715842197383,False,False,False,False,False,False,0
2026-07-01 23:10:00+00:00,60320.7,60335.8,60300.0,60300.1,30.084,60368.02406118864,60469.45313537228,40.51902174955557,-55.093571356766915,-56.86504592531806,1.7714745685511417,False,False,True,False,False,False,0
2026-07-01 23:11:00+00:00,60300.1,60300.1,60270.0,60271.1,23.887,60361.5551029802,60462.81183594591,38.52265235523986,-53.956888011955016,-56.28341434264545,2.3265263306904345,False,False,True,False,False,False,0
2026-07-01 23:12:00+00:00,60271.1,60274.8,60225.2,60240.1,79.303,60352.940331267804,60455.29372473234,35.8451617426496,-54.76482114053215,-55.97969570222279,1.2148745616906425,False,False,True,False,False,False,0
2026-07-01 23:13:00+00:00,60240.1,60256.1,60216.9,60216.9,24.27,60342.19363305182,60446.854755135,33.18956733384637,-57.24665112855291,-56.233086787488816,-1.0135643410640967,False,False,True,False,False,True,0
2026-07-01 23:14:00+00:00,60216.9,60238.5,60210.9,60225.4,35.026,60330.2609060945,60437.83692160029,31.31950100883637,-60.38943358493998,-57.06435614697905,-3.3250774379609283,False,False,True,False,False,True,0
2026-07-01 23:15:00+00:00,60225.4,60259.6,60214.0,60259.6,12.628,60320.27415313312,60429.50606192969,32.813172788435054,-61.48546618086402,-57.948578153756046,-3.5368880271079775,False,False,True,False,False,True,0
2026-07-01 23:16:00+00:00,60259.6,60276.5,60240.5,60263.5,14.885,60314.49566235854,60422.84307910892,38.59928712312817,-58.915286976174684,-58.14191991823977,-0.7733670579349123,False,False,False,False,False,True,0
2026-07-01 23:17:00+00:00,60263.5,60275.0,60249.5,60274.8,13.309,60309.638932610105,60416.59433090857,39.241871922327306,-55.91910341721814,-57.69735661803544,1.7782532008173035,False,False,True,False,False,True,0
2026-07-01 23:18:00+00:00,60274.8,60274.8,60238.8,60242.0,11.171,60306.32093902819,60411.03376891216,41.16321314867083,-52.03298691470263,-56.56448267736888,4.531495762666246,False,False,True,False,False,True,0
2026-07-01 23:19:00+00:00,60242.0,60350.0,60241.9,60305.6,82.114,60300.19513531122,60404.404993660704,37.46023850462853,-51.01186444789346,-55.453959031473794,4.442094583580335,False,False,True,False,False,False,0
2026-07-01 23:20:00+00:00,60305.6,60317.6,60276.6,60276.6,19.65,60300.709884329204,60400.53028802695,47.35042144311706,-44.5570036611025,-53.27456795739953,8.717564296297034,False,False,True,False,False,False,0
2026-07-01 23:21:00+00:00,60276.6,60276.7,60247.3,60267.9,18.339,60298.41370486928,60395.67027673178,43.938355119601646,-41.305394740833435,-50.880733314086314,9.575338573252878,False,False,True,False,False,False,0
2026-07-01 23:22:00+00:00,60267.9,60273.6,60254.3,60269.4,21.497,60295.50763773887,60390.65967764425,42.9387039345376,-38.981138239309075,-48.500814299130866,9.51967605982179,False,False,True,False,False,False,0
2026-07-01 23:23:00+00:00,60269.4,60280.7,60166.0,60187.1,161.429,60293.021196049456,60385.90439616801,43.17873765585472,-36.596251940514776,-46.119901827407645,9.52364988689287,False,False,False,False,False,False,0
2026-07-01 23:24:00+00:00,60187.1,60213.0,60185.3,60190.5,42.805,60282.93346309236,60378.10814533789,34.582946128548144,-40.87594214014098,-45.071109889954315,4.195167749813336,False,False,False,False,False,False,0
2026-07-01 23:25:00+00:00,60190.5,60215.1,60190.5,60215.1,18.204,60274.13027613118,60370.750963167775,35.15724918602449,-43.49192799865705,-44.75527351169486,1.2633455130378124,False,False,False,False,False,False,0
2026-07-01 23:26:00+00:00,60215.1,60238.1,60210.0,60210.8,33.538,60268.508345071066,60364.647003827864,39.308857147515376,-43.08346189921576,-44.42091118919904,1.337449289983276,False,False,False,False,False,False,0
2026-07-01 23:27:00+00:00,60210.8,60210.9,60177.8,60181.4,44.643,60263.01231220715,60358.613787991475,38.84073373433498,-42.61547892216913,-44.05982473579306,1.4443458136239258,False,False,False,False,False,False,0
2026-07-01 23:28:00+00:00,60181.4,60206.0,60176.8,60199.4,50.836,60255.23971104457,60351.664227678084,35.70948816300715,-44.10847825442761,-44.06955543951997,-0.038922814907643044,False,False,False,False,False,True,0
2026-07-01 23:29:00+00:00,60199.4,60199.4,60179.6,60186.8,42.341,60249.92164332604,60345.69308149463,38.95433633742481,-43.339648919252795,-43.92357413546653,0.5839252162137356,False,False,True,False,False,True,0
2026-07-01 23:30:00+00:00,60186.8,60219.8,60186.8,60219.8,18.474,60243.91005824737,60339.46198025955,37.526532141516014,-43.24851882566145,-43.788563073505514,0.5400442478440652,False,False,True,False,False,True,0
2026-07-01 23:31:00+00:00,60219.8,60249.0,60211.7,60211.8,23.106,60241.613862223814,60334.769353582706,43.379970065024814,-40.05178135831375,-43.04120673046716,2.9894253721534128,False,False,True,False,False,True,0
2026-07-01 23:32:00+00:00,60211.8,60211.9,60177.0,60177.0,32.105,60238.774446773925,60329.94702599123,42.34418437791473,-37.72896104789834,-41.9787575939534,4.249796546055059,False,False,True,False,False,True,0
2026-07-01 23:33:00+00:00,60177.0,60222.1,60175.1,60214.9,16.573,60232.891166128786,60323.949103403334,38.08427561820371,-38.25519629132759,-41.234045333428234,2.9788490421006415,False,False,True,False,False,True,0
2026-07-01 23:34:00+00:00,60214.9,60215.7,60188.2,60188.2,14.257,60231.17772173557,60319.672667975756,44.61879399417837,-35.20817038471432,-40.028870343685455,4.820699958971133,False,False,True,False,False,False,0
2026-07-01 23:35:00+00:00,60188.2,60194.9,60022.0,60042.4,312.076,60227.0846053798,60314.51687707475,41.311023880027754,-34.54958119423827,-38.933012513796015,4.383431319557744,False,False,False,False,False,False,0
2026-07-01 23:36:00+00:00,60042.4,60070.0,60020.4,60041.3,121.509,60209.49559534363,60303.84562699339,28.768887770539152,-45.27063432199793,-40.2005368754364,-5.070097446561533,False,True,False,False,False,True,0
2026-07-01 23:37:00+00:00,60041.3,60084.5,60041.3,60073.5,114.677,60193.47696721566,60293.54972005247,28.69809669841722,-53.24216444406193,-42.808862389161504,-10.433302054900423,False,True,False,False,False,True,0
2026-07-01 23:38:00+00:00,60073.5,60136.2,60073.5,60129.0,72.385,60182.050589385595,60284.9203192661,33.83094270487633,-56.31225597053708,-45.50954110543662,-10.802714865100462,False,True,False,False,False,True,0
2026-07-01 23:39:00+00:00,60129.0,60185.1,60101.5,60124.4,92.765,60176.998152301254,60278.80579694194,41.63041963649932,-53.6485127964479,-47.137335443638875,-6.511177352809028,False,False,False,False,False,True,0
2026-07-01 23:40:00+00:00,60124.4,60142.7,60080.2,60089.9,40.841,60171.98880446304,60272.7506676501,41.19698314099065,-51.31710702989949,-47.973289760891,-3.3438172690084897,False,False,False,False,False,True,0
2026-07-01 23:41:00+00:00,60089.9,60132.8,60077.3,60107.7,23.202,60164.17082308561,60265.58005323245,38.00133138067562,-51.657833485965966,-48.71019850590599,-2.9476349800599735,False,False,False,False,False,True,0
2026-07-01 23:42:00+00:00,60107.7,60200.1,60107.6,60171.0,205.628,60158.79264945841,60259.38867859588,40.5630766592592,-49.91614813404885,-48.95138843153457,-0.9647597025142858,False,False,False,False,False,False,0
2026-07-01 23:43:00+00:00,60171.0,60171.1,60121.0,60133.4,37.535,60159.955254271896,60255.92245590585,48.683505316026455,-42.9331621958263,-47.74774318439292,4.814580988566618,False,False,True,False,False,False,0
2026-07-01 23:44:00+00:00,60133.4,60167.0,60132.8,60132.9,14.544,60157.42618243648,60251.11765371346,44.77072404810574,-39.97232521065598,-46.19265958964553,6.220334378989548,False,False,True,False,False,False,0
2026-07-01 23:45:00+00:00,60132.9,60147.4,60080.0,60080.0,44.796,60155.090355537766,60246.48166729332,44.719252751265124,-37.23694210022222,-44.40151609176087,7.164573991538646,False,False,True,False,False,False,0
2026-07-01 23:46:00+00:00,60080.0,60080.1,60030.0,60040.1,57.751,60147.938893105595,60239.95297445829,39.53988502994487,-38.88942607807985,-43.29909808902467,4.409672010944817,False,False,True,False,False,False,0
2026-07-01 23:47:00+00:00,60040.1,60066.7,60031.1,60063.2,13.899,60137.66852233363,60232.115602910904,36.139942528335375,-42.92382889745204,-43.22404425071014,0.30021535325810333,False,False,True,False,False,False,0
2026-07-01 23:48:00+00:00,60063.2,60082.7,60043.7,60046.6,103.934,60130.57628211138,60225.49146162028,39.38938340931938,-43.752790321203065,-43.32979346480873,-0.4229968563943345,False,False,True,False,False,True,0
2026-07-01 23:49:00+00:00,60046.6,60046.6,59948.5,60012.9,291.263,60122.57854095792,60218.476110184194,37.897051092927086,-45.22787074925873,-43.70940892169873,-1.518461827559996,False,False,False,False,False,True,0
2026-07-01 23:50:00+00:00,60012.9,60021.6,59988.0,59998.1,31.511,60112.132965628596,60210.41430194167,34.99812196697894,-48.55646230115963,-44.67881959759091,-3.8776427035687178,False,False,False,False,False,True,0
2026-07-01 23:51:00+00:00,59998.1,60022.4,59977.7,59979.2,99.68,60101.27268318778,60202.088250885135,33.77615657122747,-51.79160995805432,-46.10137766968359,-5.69023228837073,False,False,False,False,False,True,0
2026-07-01 23:52:00+00:00,59979.2,59985.8,59950.2,59985.8,65.058,60089.64671336037,60193.34753516415,32.2286209243368,-55.24374433358753,-47.92985100246438,-7.313893331123147,False,False,False,False,False,True,0
2026-07-01 23:53:00+00:00,59985.8,60052.2,59985.7,60052.2,269.233,60079.75655018319,60185.2084161381,33.37657418975395,-56.79235395164869,-49.70235159230124,-7.0900023593474515,False,False,False,False,False,True,0
2026-07-01 23:54:00+00:00,60052.2,60056.9,60027.9,60051.0,12.975,60077.132116832414,60179.992399818955,43.707459913121355,-52.06157967574836,-50.17419720899066,-1.8873824667576997,False,False,False,False,False,False,0
2026-07-01 23:55:00+00:00,60051.0,60077.9,60027.7,60045.0,50.291,60074.64334380076,60174.93387433586,43.57595096000675,-47.85756473393849,-49.71087071398023,1.853305980041739,False,False,True,False,False,False,0
2026-07-01 23:56:00+00:00,60045.0,60049.2,60029.7,60037.3,17.933,60071.820168200684,60169.838428283474,42.88121225509091,-44.49706795920065,-48.66811016302431,4.17104220382366,False,False,True,False,False,False,0
2026-07-01 23:57:00+00:00,60037.3,60045.7,60017.8,60030.1,29.097,60068.532533133955,60164.640842860594,41.956726182458176,-41.97135603643983,-47.32875933770741,5.357403301267581,False,False,True,False,False,False,0
2026-07-01 23:58:00+00:00,60030.1,60047.5,60030.1,60046.4,32.745,60064.872291883104,60159.36473137586,41.06520077687809,-40.088574831577716,-45.88072243648147,5.792147604903754,False,False,True,False,False,False,0
2026-07-01 23:59:00+00:00,60046.4,60052.7,59991.5,60000.0,155.388,60063.11302598948,60154.93474191014,43.967943111173085,-36.856326596069266,-44.075843268399026,7.21951667232976,False,False,True,False,False,False,0
2026-07-02 00:00:00+00:00,60000.0,60008.4,59971.1,59971.1,44.993,60057.10226160953,60148.85886967837,38.20006770276507,-37.605347760887526,-42.78174416689673,5.176396406009204,False,False,True,False,False,False,0
2026-07-02 00:01:00+00:00,59971.1,59982.1,59912.4,59935.1,61.807,60048.91157002767,60141.887933612554,35.110607462003465,-40.069049838610226,-42.23920530123943,2.1701554626292037,False,False,False,False,False,False,0
2026-07-02 00:02:00+00:00,59935.1,59943.2,59869.1,59900.4,224.719,60038.072372882176,60133.77860288265,31.674137037056006,-44.41446827741311,-42.67425789647417,-1.7402103809389402,False,False,False,False,False,True,0
2026-07-02 00:03:00+00:00,59900.4,59922.2,59871.6,59908.2,156.414,60024.96071832197,60124.62650080882,28.752895235603894,-50.08094177473686,-44.1555946721267,-5.925347102610154,False,True,False,False,False,True,0
2026-07-02 00:04:00+00:00,59908.2,59943.3,59879.7,59881.4,40.162,60013.84064991035,60116.139187051616,30.308826137222823,-53.32754133218987,-45.98998400413934,-7.337557328050529,False,True,False,False,False,True,0
2026-07-02 00:05:00+00:00,59881.4,59972.7,59881.4,59971.0,108.136,60001.227254680794,60106.933728735865,28.042778662571386,-57.40134393324843,-48.27225598996115,-9.129087943287274,False,True,False,False,False,True,0
2026-07-02 00:06:00+00:00,59971.0,59975.7,59894.9,59895.1,67.418,59998.34846852072,60101.602994275636,43.30457910529461,-52.79134490064462,-49.176073772097844,-3.615271128546773,False,True,False,False,False,True,0
2026-07-02 00:07:00+00:00,59895.1,59916.9,59875.7,59914.4,38.22,59988.51528104256,60093.504837637374,36.284107588014685,-54.6326123833569,-50.26738149434966,-4.365230889007243,False,False,False,False,False,True,0
2026-07-02 00:08:00+00:00,59914.4,59946.2,59893.0,59943.9,37.336,59981.45668284803,60086.48111851434,38.99252577508481,-53.91300585404679,-50.99650636628908,-2.9164994877577044,False,False,False,False,False,False,0
2026-07-02 00:09:00+00:00,59943.9,59943.9,59919.3,59930.9,14.973,59977.87985591013,60080.88970210202,42.98211725763282,-50.38154198231496,-50.87351348949426,0.4919715071793007,False,False,True,False,False,False,0
2026-07-02 00:10:00+00:00,59930.9,59941.2,59915.3,59928.2,45.645,59973.405583918684,60075.007752999976,41.688321241924115,-48.07761396905698,-50.3143335854068,2.2367196163498164,False,False,True,False,False,False,0
2026-07-02 00:11:00+00:00,59928.2,59954.5,59914.1,59914.1,79.193,59969.10029021214,60069.25058621566,41.40952727420268,-45.94003374249587,-49.439473616824614,3.4994398743287434,False,False,True,False,False,False,0
2026-07-02 00:12:00+00:00,59914.1,59952.9,59904.0,59949.0,27.098,59963.862167334795,60063.16624950132,39.90854723598612,-44.866544576470915,-48.524887808753874,3.6583432322829594,False,False,True,False,False,False,0
2026-07-02 00:13:00+00:00,59949.0,59973.2,59939.7,59956.3,30.629,59962.44672282672,60058.68914167774,45.203014964762616,-40.73014657373278,-46.96593956174966,6.235792988016875,False,False,True,False,False,False,0
2026-07-02 00:14:00+00:00,59956.3,59975.4,59918.0,59918.1,29.939,59961.861320652744,60054.673881219795,46.269398475495635,-36.442881510920415,-44.86132795158381,8.418446440663395,False,False,True,False,False,False,0
2026-07-02 00:15:00+00:00,59918.1,59949.1,59918.1,59927.5,14.081,59957.69357582867,60049.31804274059,41.69659502476437,-35.715903111158696,-43.03224298349879,7.3163398723400945,False,False,False,False,False,False,0
2026-07-02 00:16:00+00:00,59927.5,59935.0,59904.0,59905.2,32.289,59954.817997178325,60044.5408645939,43.18459846649745,-33.98945675110008,-41.223685737019046,7.234228985918968,False,False,False,False,False,False,0
2026-07-02 00:17:00+00:00,59905.2,59911.6,59792.8,59810.3,210.868,59950.09247363753,60039.07651696277,40.54116756918148,-34.028400978961145,-39.78462878540746,5.756227806446319,False,False,False,False,False,False,0
2026-07-02 00:18:00+00:00,59810.3,59822.2,59782.9,59787.3,73.51,59936.77890471967,60030.10488884658,31.65958549718033,-41.24149516342004,-40.07600206100998,-1.1654931024100605,False,False,False,False,False,True,0
2026-07-02 00:19:00+00:00,59787.3,59797.9,59725.0,59739.4,167.77,59922.54281855589,60020.58312849965,29.94721838601983,-48.25754906676593,-41.71231146216117,-6.545237604604765,False,True,False,False,False,True,0
2026-07-02 00:20:00+00:00,59739.4,59764.1,59713.0,59758.4,145.266,59905.10064536009,60009.55633914672,26.707433534915953,-57.02559643756831,-44.77496845724259,-12.250627980325717,False,True,False,False,False,True,0
2026-07-02 00:21:00+00:00,59758.4,59799.4,59755.6,59795.9,23.857,59891.1291553258,59999.70707094489,29.94487812874785,-61.72961535842478,-48.16589783747903,-13.563717520945751,False,True,False,False,False,True,0
2026-07-02 00:22:00+00:00,59795.9,59845.7,59795.8,59813.8,32.74,59882.05971196144,59991.71463679019,35.95761580450381,-61.72017587638402,-50.87675344526003,-10.84342243112399,False,True,False,False,False,True,0
2026-07-02 00:23:00+00:00,59813.8,59840.9,59792.7,59794.7,42.036,59875.558787012735,59984.73759221018,38.66378999485253,-59.581496215221705,-52.61770199925236,-6.963794215969344,False,False,False,False,False,True,0
2026-07-02 00:24:00+00:00,59794.7,59859.2,59794.7,59822.4,33.263,59867.85795015438,59977.285137613704,36.87332601286449,-58.75054780587379,-53.844271160576646,-4.906276645297147,False,False,False,False,False,False,0
2026-07-02 00:25:00+00:00,59822.4,59831.2,59808.0,59809.5,21.59,59863.52862156825,59971.211210648464,41.13105947443584,-55.22031132783013,-54.11947919402734,-1.1008321338027898,False,False,False,False,False,False,0
2026-07-02 00:26:00+00:00,59809.5,59815.7,59787.0,59797.9,19.172,59858.38303856175,59964.8695945446,39.78525390437003,-52.854225069218955,-53.866428369065666,1.0122032998467105,False,False,True,False,False,False,0
2026-07-02 00:27:00+00:00,59797.9,59797.9,59752.9,59752.9,25.412,59852.622749174916,59958.321767307556,38.563341576288515,-51.32348255812394,-53.35783920687732,2.0343566487533806,False,False,True,False,False,False,0
2026-07-02 00:28:00+00:00,59752.9,59756.4,59750.0,59750.3,16.128,59843.12534449159,59950.26601172687,34.177996962366485,-53.12904346756841,-53.31208005901554,0.18303659144713436,False,False,True,False,False,False,0
2026-07-02 00:29:00+00:00,59750.3,59771.7,59750.3,59757.6,13.539,59834.28483549239,59942.42420734542,33.9378599853243,-54.145604938297765,-53.47878503487199,-0.6668199034257754,False,False,True,False,False,True,0
2026-07-02 00:30:00+00:00,59757.6,59771.2,59682.2,59684.8,135.037,59826.98151782645,59935.17619921423,35.31212196991787,-53.74267611977848,-53.531563251853285,-0.2111128679251948,False,False,True,False,False,True,0
2026-07-02 00:31:00+00:00,59684.8,59705.2,59668.7,59684.3,58.618,59813.4404208906,59925.357524735235,28.863595011654137,-58.62194640588859,-54.549639882660344,-4.072306523228249,False,True,True,False,False,True,0
2026-07-02 00:32:00+00:00,59684.3,59705.5,59677.9,59691.9,31.794,59801.14133318673,59915.90428847111,28.824661441721354,-61.81656618668785,-56.00302514346585,-5.813541043222003,False,True,False,False,False,True,0
2026-07-02 00:33:00+00:00,59691.9,59703.6,59666.6,59692.8,57.323,59790.737396692755,59907.119806570285,30.362273098821756,-63.00874332335661,-57.404168779444,-5.604574543912612,False,True,False,False,False,True,0
2026-07-02 00:34:00+00:00,59692.8,59693.6,59647.7,59658.8,92.113,59781.410025579156,59898.71510827341,30.553601942624255,-63.15294201079814,-58.55392342571483,-4.599018585083314,False,False,False,False,False,True,0
2026-07-02 00:35:00+00:00,59658.8,59709.2,59645.7,59709.2,50.946,59769.732880285905,59889.30667265485,27.481743279378556,-65.25847725581843,-59.89483419173555,-5.363643064082886,False,True,False,False,False,False,0
2026-07-02 00:36:00+00:00,59709.2,59715.0,59682.8,59682.8,29.946,59763.9678440682,59882.243665884074,37.51119786135742,-62.143913960542704,-60.34465014549698,-1.7992638150457267,False,True,False,False,False,False,0
2026-07-02 00:37:00+00:00,59682.8,59702.8,59640.4,59641.5,51.061,59756.23757320456,59874.42234565333,34.79648784488808,-61.1015191968836,-60.496023955774305,-0.6054952411092955,False,False,False,False,False,False,0
2026-07-02 00:38:00+00:00,59641.5,59641.5,59625.0,59625.0,70.368,59745.310185280316,59865.288136019866,31.01498139405276,-62.88310142824048,-60.97343945026754,-1.909661977972938,False,False,False,False,False,False,0
2026-07-02 00:39:00+00:00,59625.0,59640.0,59610.4,59615.8,44.98,59733.852072396476,59855.86507186222,29.629586443635354,-64.87855073852552,-61.754461707919134,-3.1240890306063847,False,True,False,False,False,False,0
2026-07-02 00:40:00+00:00,59615.8,59629.5,59615.7,59619.3,22.555,59722.609017882525,59846.450755318605,28.855621873812954,-66.43648338061757,-62.69086604245882,-3.745617338158752,False,True,False,False,False,False,0
2026-07-02 00:41:00+00:00,59619.3,59626.5,59586.7,59608.6,126.333,59712.770063798474,59837.542882561014,29.608939104938276,-66.62077267706627,-63.47684736938031,-3.1439253076859615,False,True,False,False,False,False,0
2026-07-02 00:42:00+00:00,59608.6,59620.3,59567.9,59572.3,90.25,59702.84910534148,59828.56473030372,28.611517828398508,-66.8595090469098,-64.1533797048862,-2.7061293420236012,False,True,False,False,False,False,0
2026-07-02 00:43:00+00:00,59572.3,59595.2,59556.1,59577.2,110.188,59690.41585721372,59818.515133036904,25.476094641657465,-69.18034798001463,-65.15877335991189,-4.02157462010274,False,True,False,False,False,False,0
2026-07-02 00:44:00+00:00,59577.2,59603.9,59576.4,59599.6,30.803,59679.63339462193,59809.05179448644,26.644681541167692,-69.8194058566005,-66.09089985924962,-3.7285059973508794,False,True,False,False,False,False,0
2026-07-02 00:45:00+00:00,59599.6,59655.5,59599.6,59643.4,46.33,59672.0111665627,59800.83799862423,31.901686490390524,-67.73753489545197,-66.42022686649008,-1.3173080289618895,False,True,False,False,False,False,0
2026-07-02 00:46:00+00:00,59643.4,59666.4,59621.8,59663.3,57.979,59669.286293556725,59794.663959462494,40.83088767991418,-61.84048459944461,-65.50427841308098,3.6637938136363744,False,False,True,False,False,False,0
2026-07-02 00:47:00+00:00,59663.3,59672.6,59654.2,59666.2,87.115,59668.71617036084,59789.51243164043,44.39810443250366,-54.92808924388373,-63.38904057924153,8.460951335357798,False,False,True,False,False,False,0
2026-07-02 00:48:00+00:00,59666.2,59729.1,59652.7,59677.5,149.986,59668.47653508838,59784.676650007474,44.91925576152106,-48.655094714675215,-60.44225140632827,11.787156691653053,False,False,True,False,False,False,0
2026-07-02 00:49:00+00:00,59677.5,59760.1,59677.4,59753.9,172.902,59669.33591269901,59780.473644124824,47.00367528959883,-42.284456895897165,-56.81069250424205,14.526235608344884,False,False,True,False,False,False,0
2026-07-02 00:50:00+00:00,59753.9,59823.0,59752.4,59779.6,106.227,59677.38963529911,59779.43154043365,58.451857735337896,-30.716755392342748,-51.59190508186219,20.87514968951944,False,False,True,False,False,False,0
2026-07-02 00:51:00+00:00,59779.6,59789.0,59764.4,59769.4,51.283,59687.123955746814,59779.43814669116,61.467259183381316,-19.253550449189788,-45.124234155327706,25.870683706137918,False,False,True,False,False,False,0
2026-07-02 00:52:00+00:00,59769.4,59782.7,59736.9,59742.4,50.704,59694.95976948521,59779.04449387974,59.61789724577137,-10.866668508555449,-38.272721025973254,27.406052517417805,False,False,False,False,False,False,0
2026-07-02 00:53:00+00:00,59742.4,59758.0,59735.4,59750.6,24.535,59699.477886677094,59777.607454904064,54.908494041405234,-6.325759084880701,-31.883328637754744,25.557569552874043,False,False,False,False,False,False,0
2026-07-02 00:54:00+00:00,59750.6,59750.6,59711.4,59714.1,22.523,59704.34665937451,59776.548339025474,56.04413442813064,-2.041847039727145,-25.915032318149223,23.873185278422078,False,False,False,False,False,False,0
2026-07-02 00:55:00+00:00,59714.1,59735.8,59692.7,59695.1,59.116,59705.27554895789,59774.09938455388,50.00687919686361,-1.5739176933566341,-21.046809393190706,19.472891699834072,False,False,False,False,False,False,0
2026-07-02 00:56:00+00:00,59695.1,59697.7,59666.1,59671.7,21.654,59704.30644905714,59771.001369473335,47.15901351551929,-2.705039513792144,-17.378455417310995,14.673415903518851,False,False,False,False,False,False,0
2026-07-02 00:57:00+00:00,59671.7,59691.4,59666.0,59678.7,32.294,59701.201072956464,59767.10719812144,43.84711008845819,-5.427086073803366,-14.98818154860947,9.561095474806104,False,False,False,False,False,False,0
2026-07-02 00:58:00+00:00,59678.7,59697.1,59671.0,59695.8,88.166,59699.058113627274,59763.6402491755,45.08943650254674,-6.9394919419210055,-13.378443627271777,6.438951685350771,False,False,False,False,False,False,0
2026-07-02 00:59:00+00:00,59695.8,59730.0,59694.4,59730.0,63.917,59698.747817091345,59760.97984724705,48.10961922241277,-6.68124022102711,-12.039002946022844,5.357762724995734,False,False,False,False,False,False,0
2026-07-02 01:00:00+00:00,59730.0,59733.1,59694.0,59731.6,28.024,59701.7242154636,59759.76495127658,53.60573978653076,-3.6745616337575484,-10.366114683569785,6.691553049812237,False,False,False,False,False,False,0
2026-07-02 01:01:00+00:00,59731.6,59743.0,59707.8,59707.9,23.189,59704.56952827659,59758.66044338338,53.85200371450313,-1.1493910980498185,-8.522769966465791,7.373378868415973,False,False,False,False,False,False,0
2026-07-02 01:02:00+00:00,59707.9,59764.9,59707.8,59748.0,61.789,59704.88671605977,59756.6698377605,49.6481047517712,-1.0484809507252066,-7.027912163317675,5.979431212592468,False,False,False,False,False,False,0
2026-07-02 01:03:00+00:00,59748.0,59781.3,59748.0,59769.7,39.697,59708.9927431017,59756.32984412283,55.91840595394311,2.2413886057402124,-5.174052009506097,7.415440615246309,False,False,False,False,False,False,0
2026-07-02 01:04:00+00:00,59769.7,59781.9,59701.0,59725.4,51.516,59714.77438661582,59756.85416396115,58.90106232854973,6.524432974983938,-2.8343550126080896,9.358787987592027,False,False,False,False,False,False,0
2026-07-02 01:05:00+00:00,59725.4,59735.2,59712.1,59725.5,24.007,59715.786349795264,59755.62066733522,51.27377815983672,6.271838871398359,-1.0131162358068,7.284955107205159,False,False,False,False,False,False,0
2026-07-02 01:06:00+00:00,59725.5,59736.0,59700.3,59722.6,26.361,59716.71145933857,59754.439464694624,51.28911210135241,6.010440768914123,0.39159516513738457,5.618845603776738,False,False,False,False,False,False,0
2026-07-02 01:07:00+00:00,59722.6,59738.3,59694.8,59732.0,47.861,59717.272272734896,59753.19085823601,50.78993870162001,5.505807602938148,1.4144376526975373,4.091369950240611,False,False,False,False,False,False,0
2026-07-02 01:08:00+00:00,59732.0,59745.9,59718.9,59745.9,11.176,59718.67491342681,59752.359844187544,52.40684656794532,5.797553041527863,2.2910607304636024,3.5064923110642603,False,False,False,False,False,False,0
2026-07-02 01:09:00+00:00,59745.9,59814.8,59745.8,59803.0,72.376,59721.267778814734,59752.1065169645,54.77329966610368,7.068891455906851,3.246626875552252,3.8222645803545987,False,False,False,False,False,False,0
2026-07-02 01:10:00+00:00,59803.0,59822.1,59783.2,59783.2,25.921,59729.05179988,59754.10233982864,62.92796031466672,12.539382903567457,5.105178081155293,7.434204822412164,False,False,False,False,False,False,0
2026-07-02 01:11:00+00:00,59783.2,59799.3,59747.6,59750.2,25.456,59734.20877132,59755.243424541244,58.958159877767756,15.102994346569176,7.104741334238069,7.998253012331107,False,False,False,False,False,False,0
2026-07-02 01:12:00+00:00,59750.2,59850.9,59750.2,59840.4,49.761,59735.73174548,59755.045643186684,52.96138448669818,14.306929302234494,8.545178927837354,5.76175037439714,False,False,False,False,False,False,0
2026-07-02 01:13:00+00:00,59840.4,59913.3,59840.3,59886.4,118.559,59745.70015067238,59758.39287286564,63.79972925680279,20.7156312839943,10.979269399068743,9.736361884925556,False,False,False,False,False,False,0
2026-07-02 01:14:00+00:00,59886.4,59917.3,59880.9,59905.2,86.139,59759.10013632263,59763.41276020424,67.86610726861322,29.170134189545934,14.617442357164181,14.552691832381752,False,False,False,False,False,False,0
2026-07-02 01:15:00+00:00,59905.2,59923.0,59894.1,59900.1,45.086,59773.01440905381,59768.9730441178,69.37996915282248,36.96132439543726,19.086218764818796,17.875105630618464,True,False,False,False,False,False,0
2026-07-02 01:16:00+00:00,59900.1,59921.2,59874.6,59881.9,127.952,59785.11779866773,59774.11527768181,68.43804160495873,42.237483965349384,23.716471804924915,18.52101216042447,True,False,False,False,False,False,0
2026-07-02 01:17:00+00:00,59881.9,59896.6,59816.0,59816.1,105.379,59794.33515117556,59778.34212953743,65.04430176008792,44.438036517676665,27.860784747475265,16.5772517702014,True,False,False,False,False,False,0
2026-07-02 01:18:00+00:00,59816.1,59919.2,59805.1,59913.9,78.345,59796.407993920744,59779.82283033988,54.518319710266624,40.40669693311065,30.36996718460234,10.03672974850831,True,False,False,False,False,False,0
2026-07-02 01:19:00+00:00,59913.9,59969.8,59904.5,59952.1,114.567,59807.59770878543,59785.080758561846,63.875634526548886,44.58947421662015,33.213868591005905,11.375605625614241,True,False,False,False,False,False,0
2026-07-02 01:20:00+00:00,59952.1,59989.9,59935.5,59948.3,81.756,59821.35983175825,59791.63053273589,66.75288638382006,50.40573021690216,36.65224091618516,13.753489300717,True,False,False,False,False,False,0
2026-07-02 01:21:00+00:00,59948.3,59948.3,59904.8,59904.8,37.857,59833.449371590796,59797.77443341292,66.18812802565812,54.085067764506675,40.13880628584946,13.946261478657213,False,False,False,False,False,False,0
2026-07-02 01:22:00+00:00,59904.8,59915.9,59862.1,59862.1,31.876,59840.24466953453,59801.971514455545,59.93674491953339,52.88130011360772,42.68730505140111,10.19399506220661,False,False,False,False,False,False,0
2026-07-02 01:23:00+00:00,59862.1,59917.4,59850.1,59917.4,32.069,59842.32612957886,59804.32949428082,54.495708633224496,47.92927360520116,43.73569876216112,4.1935748430400395,False,False,False,False,False,False,0
2026-07-02 01:24:00+00:00,59917.4,59957.2,59904.1,59954.1,41.652,59849.47602199992,59808.763631760005,59.60956931912392,47.91467421991547,44.57149385371199,3.3431803662034767,False,False,False,False,False,False,0
2026-07-02 01:25:00+00:00,59954.1,59995.8,59946.2,59986.6,51.091,59859.44021038088,59814.46309718118,62.612520944115246,50.28483510928345,45.714162104826286,4.570673004457163,False,False,False,False,False,False,0
2026-07-02 01:26:00+00:00,59986.6,59990.7,59940.6,59982.6,45.032,59871.550666535084,59821.21356395839,65.08793242952078,54.1613448076896,47.40359864539895,6.757746162290651,False,False,False,False,False,False,0
2026-07-02 01:27:00+00:00,59982.6,59982.7,59934.1,59956.1,40.547,59882.126793531745,59827.542443803155,64.52170827772748,56.26218465905549,49.17531584813026,7.086868810925232,False,False,False,False,False,False,0
2026-07-02 01:28:00+00:00,59956.1,59978.9,59931.0,59977.3,28.004,59889.17186081444,59832.58391659519,60.75109011537414,55.15301719606214,50.370856117716635,4.782161078345503,False,False,False,False,False,False,0
2026-07-02 01:29:00+00:00,59977.3,59999.0,59971.1,59999.0,22.165,59897.56501692735,59838.25905712087,62.632466963476716,55.34665502766438,51.366015899706184,3.9806391279581987,False,False,False,False,False,False,0
2026-07-02 01:30:00+00:00,59999.0,60151.1,59998.9,60123.1,360.892,59907.2254915057,59844.56262350829,64.50784621693762,56.5986885991224,52.412550439589424,4.186138159532973,False,False,False,False,False,False,0
2026-07-02 01:31:00+00:00,60123.1,60146.0,60113.5,60143.8,43.94,59927.784968505155,59855.48565788051,72.88801442450593,66.83434238188784,55.296908828049105,11.537433553838731,False,False,False,False,True,False,0
2026-07-02 01:32:00+00:00,60143.8,60175.7,60120.3,60171.2,79.503,59948.357828647524,59866.79210266951,73.99113998044572,75.74336637258966,59.38620033695722,16.357166035632446,False,False,False,False,True,False,0
2026-07-02 01:33:00+00:00,60171.2,60177.8,60115.1,60115.1,104.763,59969.58089258586,59878.72966727071,75.41695814274269,84.04595364310808,64.31815099818739,19.727802644920686,False,False,False,False,True,False,0
2026-07-02 01:34:00+00:00,60115.1,60133.9,60084.6,60123.0,37.121,59983.43985519673,59887.99909208362,67.2839486743248,85.11782738903275,68.47808627635646,16.63974111267629,False,False,False,False,True,False,0
2026-07-02 01:35:00+00:00,60123.0,60140.5,60090.0,60135.9,44.234,59996.731297558945,59897.214813962695,67.81038632719084,85.61781021118077,71.90603106332132,13.711779147859446,False,False,False,False,False,False,0
2026-07-02 01:36:00+00:00,60135.9,60142.7,60118.2,60133.4,13.906,60009.98545969619,59906.575017336705,68.69617628994843,86.06289293268492,74.73740343719405,11.32548949549087,False,False,False,False,False,False,0
2026-07-02 01:37:00+00:00,60133.4,60168.9,60133.3,60136.8,22.3,60021.73922543941,59915.47011469605,68.30389693344792,85.23140055855765,76.83620286146677,8.395197697090879,False,False,False,False,False,False,0
2026-07-02 01:38:00+00:00,60136.8,60138.4,60100.1,60128.9,21.997,60032.697394445175,59924.149718041306,68.56678764871961,83.87987347844319,78.24493698486205,5.634936493581137,False,False,False,False,False,False,0
2026-07-02 01:39:00+00:00,60128.9,60184.3,60116.5,60184.3,14.965,60041.85954735516,59932.17914086321,67.17268439928202,81.2348893162125,78.84292745113214,2.3919618650803613,False,False,False,False,False,False,0
2026-07-02 01:40:00+00:00,60184.3,60299.5,60182.5,60245.8,350.267,60055.42530474991,59942.066233378384,71.54234410297505,82.6562277724006,79.60558751538584,3.050640257014763,False,False,False,False,True,False,0
2026-07-02 01:41:00+00:00,60245.8,60245.8,60169.8,60171.6,99.095,60073.55622810706,59953.97736148119,75.4492041622935,87.73384362527577,81.23123873736382,6.502604887911943,False,False,False,False,True,False,0
2026-07-02 01:42:00+00:00,60171.6,60184.9,60150.0,60151.7,32.723,60082.8937301921,59962.511582599574,64.02799451126212,84.79312848293921,81.9436166864789,2.8495117964603054,False,False,False,False,True,False,0
2026-07-02 01:43:00+00:00,60151.7,60184.0,60143.4,60171.1,10.703,60089.446708269046,59969.93073622312,61.34588366953776,79.9353815368595,81.54196965655503,-1.6065881196955303,False,False,False,False,False,True,0
2026-07-02 01:44:00+00:00,60171.1,60180.5,60161.9,60172.9,15.957,60097.22321224342,59977.81972695947,62.9742209450328,76.76608827099699,80.58679337944342,-3.8207051084464325,False,False,False,False,False,True,0
2026-07-02 01:45:00+00:00,60172.9,60184.6,60150.0,60179.5,31.253,60104.430525363096,59985.46993374537,63.129418210361585,73.55178627328132,79.179791958211,-5.628005684929676,False,False,False,False,False,True,0
2026-07-02 01:46:00+00:00,60179.5,60266.2,60179.4,60266.2,34.922,60111.57999913804,59993.07895595144,63.729743446757894,70.72175722922111,77.48818501241303,-6.766427783191915,False,False,False,False,False,True,0
2026-07-02 01:47:00+00:00,60266.2,60295.0,60259.3,60274.0,150.409,60126.30571350585,60003.789585129816,70.52009850324067,74.61479137158312,76.91350628424705,-2.2987149126639252,False,False,False,False,True,True,0
2026-07-02 01:48:00+00:00,60274.0,60274.1,60248.0,60262.8,25.961,60140.3718360291,60014.38607198747,71.04529424993461,77.43680055579898,77.01816513855744,0.4186354172415463,False,False,True,False,True,True,0
2026-07-02 01:49:00+00:00,60262.8,60263.0,60181.6,60181.6,16.761,60152.03166116919,60024.12779465463,69.14055241434396,77.87185845732893,77.18890380231173,0.6829546550171983,False,False,True,False,True,False,0
2026-07-02 01:50:00+00:00,60181.6,60182.6,60056.6,60065.5,196.522,60154.84769343879,60030.30317525641,57.17279181268277,70.84779432369396,75.92068190658817,-5.072887582894211,False,False,True,False,False,True,0
2026-07-02 01:51:00+00:00,60065.5,60092.8,60054.4,60068.1,40.838,60146.33838930176,60031.683442893416,45.14139834379757,55.275689440371934,71.79168341334493,-16.515993972972993,False,False,True,False,False,True,0
2026-07-02 01:52:00+00:00,60068.1,60089.6,60063.9,60089.1,32.194,60138.887114130164,60033.111543172105,45.41841030507703,42.65280738716683,65.9639082081093,-23.31110082094247,False,False,True,False,False,True,0
2026-07-02 01:53:00+00:00,60089.1,60092.6,60076.0,60085.3,22.468,60134.145484213004,60035.30716893006,47.71488916553774,33.95222677696438,59.561571921880315,-25.609345144915935,False,False,True,False,False,True,0
2026-07-02 01:54:00+00:00,60085.3,60102.1,60073.6,60086.4,59.379,60129.493533335575,60037.26767210928,47.32685239780089,26.44547870029055,52.93835327756236,-26.492874577271813,False,False,False,False,False,True,0
2026-07-02 01:55:00+00:00,60086.4,60142.6,60081.0,60110.9,32.339,60125.389387303614,60039.19443006578,47.46005182920108,20.350499680673238,46.42078255818454,-26.070282877511303,False,False,False,False,False,True,0
2026-07-02 01:56:00+00:00,60110.9,60123.9,60076.1,60089.9,12.077,60124.009445655654,60042.006413200455,50.46465012744186,17.29773264614778,40.59617257577719,-23.29843992962941,False,False,False,False,False,False,0
2026-07-02 01:57:00+00:00,60089.9,60099.8,60089.7,60099.7,14.548,60120.76092702178,60043.884593074945,47.934297558888076,13.033624768424488,35.08366301430665,-22.050038245882163,False,False,False,False,False,False,0
2026-07-02 01:58:00+00:00,60099.7,60154.0,60099.7,60136.0,26.247,60118.755124448275,60046.0734325622,49.21405819170604,10.326034553479985,30.13213732214132,-19.806102768661333,False,False,False,False,False,False,0
2026-07-02 01:59:00+00:00,60136.0,60154.0,60123.0,60154.0,9.195,60120.39749354844,60049.59996461859,53.74892064950537,10.982754076772835,26.30226067306762,-15.319506596294787,False,False,False,False,False,False,0
2026-07-02 02:00:00+00:00,60154.0,60154.0,60094.9,60104.0,16.161,60123.59773225811,60053.69408365315,55.85397251883338,12.808015765091113,23.60341169147232,-10.795395926381207,False,False,False,False,False,False,0
2026-07-02 02:01:00+00:00,60104.0,60120.5,60093.7,60113.1,31.468,60121.73128156686,60055.66686468636,49.160663886575655,10.103499814169481,20.903429316011753,-10.799929501842271,False,False,False,False,False,False,0
2026-07-02 02:02:00+00:00,60113.1,60127.0,60092.8,60103.0,13.895,60120.90925475097,60057.919144502586,50.327366159661736,8.595363387503312,18.441816130310066,-9.846452742806754,False,False,False,False,False,False,0
2026-07-02 02:03:00+00:00,60103.0,60131.7,60100.1,60123.4,14.891,60119.20361144136,60059.68702118876,48.983745032682464,6.510124154214282,16.05547773509091,-9.545353580876629,False,False,False,False,False,False,0
2026-07-02 02:04:00+00:00,60123.4,60172.1,60122.8,60149.3,31.195,60119.60326749456,60062.185569377434,51.783754429677664,6.429550690481847,14.130292326169098,-7.700741635687251,False,False,False,False,False,False,0
2026-07-02 02:05:00+00:00,60149.3,60156.3,60135.6,60138.5,9.438,60122.43152773318,60065.60182155871,55.14943656557253,8.359248966015002,12.976083654138279,-4.6168346881232765,False,False,False,False,False,False,0
2026-07-02 02:06:00+00:00,60138.5,60151.1,60102.6,60102.6,14.387,60123.96185842525,60068.46057365445,53.47324024392186,8.914320276286162,12.163730978567855,-3.2494107022816934,False,False,False,False,False,False,0
2026-07-02 02:07:00+00:00,60102.6,60110.2,60073.6,60100.6,47.58,60121.927395718085,60069.79937468761,48.22611470773431,6.383799846713373,11.00774475219696,-4.623944905483587,False,False,False,False,False,False,0
2026-07-02 02:08:00+00:00,60100.6,60122.8,60056.0,60070.8,47.712,60119.8962151735,60071.00724234692,47.943861947260004,4.168904355203267,9.639976672798221,-5.471072317594954,False,False,False,False,False,False,0
2026-07-02 02:09:00+00:00,60070.8,60095.2,60070.7,60085.3,11.425,60115.22038515698,60070.99911519606,43.82784640456215,0.008870515928720124,7.713755441424321,-7.704884925495601,False,False,False,False,False,False,0
2026-07-02 02:10:00+00:00,60085.3,60085.4,59988.8,60008.2,91.632,60112.370824665835,60071.55993420797,46.2460389909339,-2.0938211873872206,5.752240115662012,-7.8460613030492325,False,False,False,False,False,False,0
2026-07-02 02:11:00+00:00,60008.2,60033.2,59995.2,60033.1,33.929,60102.449793745276,60069.0752309057,37.10030864400388,-9.86779535736423,2.6282330210567633,-12.496028378420993,False,False,False,False,False,False,0
2026-07-02 02:12:00+00:00,60033.1,60079.9,60027.7,60079.8,16.188,60095.84505148382,60067.66443753685,41.14823842937646,-13.859737566235708,-0.6693610964017314,-13.190376469833977,False,False,False,False,False,False,0
2026-07-02 02:13:00+00:00,60079.8,60127.0,60079.8,60101.0,35.573,60094.3169513425,60068.14034194717,47.91801314866821,-13.104025763313984,-3.156294029784182,-9.947731733529803,False,False,False,False,False,False,0
2026-07-02 02:14:00+00:00,60101.0,60121.1,60094.8,60121.1,4.082,60094.95343216703,60069.42895598846,50.690980645851724,-10.671442148341157,-4.659323653495577,-6.01211849484558,False,False,False,False,False,False,0
2026-07-02 02:15:00+00:00,60121.1,60236.2,60121.1,60236.2,69.833,60097.443581484455,60071.45527143989,53.23334851226525,-7.040541114976804,-5.135567145791823,-1.9049739691849812,False,False,False,False,False,False,0
2026-07-02 02:16:00+00:00,60236.2,60247.9,60142.5,60169.1,35.987,60110.65847848594,60077.91584903048,64.51594819973289,5.066182385409775,-3.0952172395515034,8.161399624961279,False,False,True,False,False,False,0
2026-07-02 02:17:00+00:00,60169.1,60192.0,60161.0,60179.1,22.147,60116.224337677755,60081.49169808811,56.029575243056925,9.141066240292275,-0.6479605435827476,9.789026783875023,False,False,True,False,False,False,0
2026-07-02 02:18:00+00:00,60179.1,60182.3,60152.2,60179.4,7.492,60122.21249599416,60085.319474633674,56.938660732254064,13.02718816374545,2.0870691978828924,10.940118965862558,False,False,True,False,False,False,0
2026-07-02 02:19:00+00:00,60179.4,60187.0,60142.8,60186.9,15.114,60127.65892494709,60089.00890700098,56.96740475457401,15.947344221567619,4.859124202619838,11.08822001894778,False,False,True,False,False,False,0
2026-07-02 02:20:00+00:00,60186.9,60217.8,60174.2,60174.2,16.28,60133.300932094986,60092.8477733931,57.72711260357727,18.6517702586425,7.61765341382437,11.03411684481813,False,False,True,False,False,False,0
2026-07-02 02:21:00+00:00,60174.2,60189.8,60142.4,60164.3,9.813,60137.19608141927,60096.038056789446,55.92660615520105,19.544961367362703,10.003115004532036,9.541846362830666,False,False,True,False,False,False,0
2026-07-02 02:22:00+00:00,60164.3,60185.4,60108.4,60152.1,33.931,60139.777406998386,60098.71499573888,54.499604895730336,19.232276778842788,11.848947359394186,7.383329419448602,False,False,False,False,False,False,0
2026-07-02 02:23:00+00:00,60152.1,60170.0,60141.5,60158.6,8.823,60140.950987284254,60100.80852531775,52.714573307184246,17.7949053573102,13.038138958977388,4.756766398332811,False,False,False,False,False,False,0
2026-07-02 02:24:00+00:00,60158.6,60158.6,60141.4,60158.1,8.831,60142.631845638134,60103.07485765823,53.58680571781815,16.984487230954983,13.827408613372906,3.1570786175820764,False,False,False,False,False,False,0
2026-07-02 02:25:00+00:00,60158.1,60177.2,60143.6,60166.1,8.535,60144.105003196404,60105.23270637751,53.50504569983803,16.11610280453897,14.285147451606118,1.8309553529328504,False,False,False,False,False,False,0
2026-07-02 02:26:00+00:00,60166.1,60186.0,60165.0,60185.3,16.237,60146.199764796744,60107.61965906859,54.69607809619165,15.89026198265492,14.606170357815879,1.284091624839041,False,False,False,False,False,False,0
2026-07-02 02:27:00+00:00,60185.3,60202.5,60173.5,60173.6,16.461,60149.923596720866,60110.66594694825,57.50932168984999,17.06385949277319,15.097708184807342,1.9661513079658484,False,False,False,False,False,False,0
2026-07-02 02:28:00+00:00,60173.6,60178.9,60164.9,60167.3,7.768,60152.17849227126,60113.13394902871,55.257509518731105,16.855551450920757,15.449276838030025,1.4062746128907317,False,False,False,False,False,False,0
2026-07-02 02:29:00+00:00,60167.3,60187.7,60144.5,60187.7,16.917,60153.61863586448,60115.258107890324,54.030708990174936,15.997696985643415,15.558960867552702,0.4387361180907128,False,False,False,False,False,False,0
2026-07-02 02:30:00+00:00,60187.7,60199.0,60151.8,60199.0,14.98,60156.86448006786,60118.09896640443,57.333943822205256,16.770629276543332,15.801294549350828,0.9693347271925035,False,False,False,False,False,False,0
2026-07-02 02:31:00+00:00,60199.0,60235.5,60176.8,60189.9,18.864,60160.87738672806,60121.2715559572,59.087658508585605,18.08650922779634,16.25833748503993,1.8281717427564104,False,False,False,False,False,False,0
2026-07-02 02:32:00+00:00,60189.9,60264.1,60189.9,60259.7,31.104,60163.64144513491,60123.96286748829,57.05385467375456,18.185429312368797,16.643755850505705,1.5416734618630912,False,False,False,False,False,False,0
2026-07-02 02:33:00+00:00,60259.7,60261.5,60213.8,60213.8,28.841,60172.78987893159,60129.285892292675,66.56124108404214,23.6237806115314,18.039760802710845,5.584019808820557,False,False,False,False,False,False,0
2026-07-02 02:34:00+00:00,60213.8,60264.6,60206.8,60264.6,24.874,60176.69560474763,60132.60017102629,57.540314765756875,23.953841821858077,19.22257700654029,4.731264815317786,False,False,False,False,False,False,0
2026-07-02 02:35:00+00:00,60264.6,60295.0,60250.1,60295.0,33.609,60185.06745191452,60137.77663490761,63.44518110138046,27.99188018525456,20.976437642283145,7.015442542971414,False,False,False,False,False,False,0
2026-07-02 02:36:00+00:00,60295.0,60295.0,60253.3,60253.4,34.156,60195.53721839885,60143.9422570681,66.45191878936951,33.26166089520848,23.433482292868213,9.828178602340266,False,False,False,False,False,False,0
2026-07-02 02:37:00+00:00,60253.4,60380.2,60253.3,60335.1,182.082,60201.047959503725,60148.23471757523,59.26779060278244,33.69283768055175,25.48535337040492,8.207484310146828,False,False,False,False,False,False,0
2026-07-02 02:38:00+00:00,60335.1,60398.9,60327.6,60355.0,57.964,60213.81482050337,60155.562767866395,66.84812057155814,40.16406920547888,28.42109653741971,11.74297266805917,False,False,False,False,False,False,0
2026-07-02 02:39:00+00:00,60355.0,60360.3,60335.8,60341.8,35.937,60227.26102807448,60163.3838357932,68.39115112742876,46.36387659161119,32.009652548258,14.354224043353184,False,False,False,False,False,False,0
2026-07-02 02:40:00+00:00,60341.8,60349.8,60330.2,60331.7,11.819,60238.1695015912,60170.38054811504,66.1904197016525,49.63992082186451,35.535706202979306,14.104214618885202,False,False,False,False,False,False,0
2026-07-02 02:41:00+00:00,60331.7,60377.6,60331.6,60377.2,175.342,60247.07716810632,60176.70680113014,64.48068433485619,50.83522703278868,38.59561036894118,12.2396166638475,False,False,False,False,False,False,0
2026-07-02 02:42:00+00:00,60377.2,60385.1,60358.4,60376.2,20.061,60259.46981876286,60184.56927951719,68.43615662506916,54.82203130592825,41.8408945563386,12.981136749589652,False,False,False,False,False,False,0
2026-07-02 02:43:00+00:00,60376.2,60378.8,60353.0,60353.1,9.108,60270.58697888068,60192.0842097322,68.2562490450901,57.241071334101434,44.920929911891164,12.32014142221027,False,False,False,False,False,False,0
2026-07-02 02:44:00+00:00,60353.1,60385.0,60353.1,60382.5,19.989,60278.445361844424,60198.398554448584,64.06646829307586,56.64127567145624,47.26499906380418,9.37627660765206,False,False,False,False,False,False,0
2026-07-02 02:45:00+00:00,60382.5,60415.9,60377.6,60415.9,67.26,60288.35532738305,60205.61821898001,66.85506721674817,57.871164816999226,49.38623221444319,8.484932602556036,False,False,False,False,False,False,0
2026-07-02 02:46:00+00:00,60415.9,60422.6,60410.0,60420.0,60.886,60300.50243906085,60213.86456333374,69.72912168051359,60.839640189529746,51.6769138094605,9.162726380069245,False,False,False,False,False,False,0
2026-07-02 02:47:00+00:00,60420.0,60470.1,60420.0,60470.0,150.702,60311.8831591503,60221.9483059481,70.07218550727055,62.79910505188309,53.90135205794502,8.89775299393807,False,False,False,False,True,False,0
2026-07-02 02:48:00+00:00,60470.0,60483.0,60409.8,60410.0,303.389,60326.94190589789,60231.6758233619,73.94954484950262,67.60724299187859,56.64253024473173,10.964712747146862,False,False,False,False,True,False,0
2026-07-02 02:49:00+00:00,60410.0,60410.1,60357.5,60359.0,53.947,60334.85220057428,60238.668928328094,63.34401092494636,65.81752493356908,58.4775291824992,7.339995751069878,False,False,False,False,True,False,0
2026-07-02 02:50:00+00:00,60359.0,60367.5,60351.1,60357.7,13.281,60337.15199099578,60243.387793883856,55.993189867821435,59.596890843058645,58.701401514611085,0.8954893284475602,False,False,False,False,False,False,0
2026-07-02 02:51:00+00:00,60357.7,60358.2,60308.0,60348.0,40.936,60339.10894423428,60247.87062549625,55.81538564108792,53.94030412435677,57.74918203656022,-3.8088779122034495,False,False,False,False,False,True,0
2026-07-02 02:52:00+00:00,60348.0,60358.6,60330.9,60357.5,62.854,60339.955711450064,60251.79726763366,54.42661270976406,48.12001191882882,55.82334801301394,-7.7033360941851186,False,False,False,False,False,True,0
2026-07-02 02:53:00+00:00,60357.5,60357.6,60325.0,60331.1,35.607,60341.62659607387,60255.94247282449,55.59201256330759,43.76941247667855,53.412560905746865,-9.643148429068312,False,False,False,False,False,True,0
2026-07-02 02:54:00+00:00,60331.1,60374.2,60331.1,60370.3,35.222,60340.624063114454,60258.88982683137,51.640028976420574,37.75604354078678,50.28125743275485,-12.525213891968072,False,False,False,False,False,True,0
2026-07-02 02:55:00+00:00,60370.3,60392.2,60364.8,60392.2,24.968,60343.450342817836,60263.25885323014,56.57627334326858,35.74151182701462,47.373308311606806,-11.631796484592186,False,False,False,False,False,True,0
2026-07-02 02:56:00+00:00,60392.2,60414.0,60392.2,60410.0,12.961,60348.093167311374,60268.31536878974,59.08871764638906,35.502872885146644,44.99922122631477,-9.49634834116813,False,False,False,False,False,True,0
2026-07-02 02:57:00+00:00,60410.0,60438.6,60409.9,60426.7,18.126,60353.98905613886,60273.8716288372,61.060764989185465,36.33125692915928,43.265628366883675,-6.934371437724394,False,False,False,False,False,False,0
2026-07-02 02:58:00+00:00,60426.7,60444.4,60425.0,60435.4,14.411,60360.91390793516,60279.86489829457,62.86914757412422,37.89843808124715,42.19219030975637,-4.29375222850922,False,False,False,False,False,False,0
2026-07-02 02:59:00+00:00,60435.4,60435.5,60395.2,60395.3,13.093,60368.007821465144,60285.96431404772,63.81202374984426,39.38841262398637,41.63143477260237,-2.2430221486159994,False,False,False,False,False,False,0
2026-07-02 03:00:00+00:00,60395.3,60409.0,60393.0,60404.5,21.056,60370.607076563705,60290.25198800663,56.66910222983559,36.90804039822251,40.6867558977264,-3.778715499503889,False,False,False,False,False,False,0
2026-07-02 03:01:00+00:00,60404.5,60426.2,60396.3,60416.9,13.593,60373.83497403383,60294.73230220245,57.835243316111914,35.278027510255924,39.6050102202323,-4.326982709976377,False,False,False,False,False,False,0
2026-07-02 03:02:00+00:00,60416.9,60419.2,60379.8,60406.3,15.95,60377.93640507823,60299.52319231216,59.42042640359553,34.58809687141911,38.601627550469665,-4.013530679050554,False,False,False,False,False,False,0
2026-07-02 03:03:00+00:00,60406.3,60414.0,60363.3,60386.3,27.288,60380.63769983269,60303.71051810384,57.43269415137968,32.807802531911875,37.44286254675811,-4.635060014846232,False,False,False,False,False,False,0
2026-07-02 03:04:00+00:00,60386.3,60407.0,60380.9,60402.3,15.133,60381.17696651529,60306.94932131546,53.77733376736069,29.443665342478198,35.84302310590213,-6.399357763423929,False,False,False,False,False,False,0
2026-07-02 03:05:00+00:00,60402.3,60448.7,60402.3,60446.8,26.059,60383.188683990025,60310.68856361681,56.180129077817476,27.748758252833795,34.22417013528846,-6.475411882454665,False,False,False,False,False,False,0
2026-07-02 03:06:00+00:00,60446.8,60446.9,60410.1,60425.3,14.607,60389.2469045624,60316.02626700438,62.08367247909027,29.654471977439243,33.310230503718614,-3.655758526279371,False,False,False,False,False,False,0
2026-07-02 03:07:00+00:00,60425.3,60446.9,60417.1,60446.9,10.936,60392.68053269932,60320.31151143558,58.016817371564166,29.094510115202866,32.46708642601546,-3.3725763108125975,False,False,False,False,False,False,0
2026-07-02 03:08:00+00:00,60446.9,60450.0,60429.6,60429.6,16.099,60397.84429148986,60325.27576588909,60.79537004538803,30.047309110719652,31.983130962956302,-1.93582185223665,False,False,False,False,False,False,0
2026-07-02 03:09:00+00:00,60429.6,60437.2,60386.4,60386.7,22.571,60400.8686446813,60329.36691232481,57.51229357234605,29.07132759311935,31.400770288988912,-2.329442695869563,False,False,False,False,False,False,0
2026-07-02 03:10:00+00:00,60386.7,60401.2,60386.7,60387.6,10.449,60399.51924994975,60331.61526870423,50.26359686824144,24.553150306193857,30.031246292429902,-5.478095986236045,False,False,False,False,False,False,0
2026-07-02 03:11:00+00:00,60387.6,60410.0,60376.0,60409.9,10.16,60398.38408328787,60333.810748362885,50.40482089962923,20.805254707534914,28.186047975450904,-7.38079326791599,False,False,False,False,False,False,0
2026-07-02 03:12:00+00:00,60409.9,60419.4,60406.9,60411.9,8.296,60399.48083726045,60336.79464058395,53.89785181600762,19.41068972616631,26.430976325593985,-7.020286599427674,False,False,False,False,False,False,0
2026-07-02 03:13:00+00:00,60411.9,60454.5,60411.8,60454.3,25.268,60400.66361466422,60339.73994879634,54.20934577680576,18.25642155300011,24.79606537107521,-6.539643818075099,False,False,False,False,False,False,0
2026-07-02 03:14:00+00:00,60454.3,60456.0,60441.7,60456.0,12.819,60405.77184183906,60344.232499823935,60.328942342429535,20.526366185949882,23.94212553405014,-3.4157593481002593,False,False,False,False,False,False,0
2026-07-02 03:15:00+00:00,60456.0,60480.0,60446.6,60446.6,36.843,60410.55547594962,60348.61553904653,60.5565508947154,22.20650666833535,23.595001760907184,-1.3884950925718336,False,False,False,False,False,False,0
2026-07-02 03:16:00+00:00,60446.6,60447.4,60393.2,60429.6,27.715,60413.98828776395,60352.45806692706,58.55599906249166,22.519932896211685,23.379987987968086,-0.8600550917564007,False,False,False,False,False,False,0
2026-07-02 03:17:00+00:00,60429.6,60429.7,60387.0,60388.7,17.168,60415.47511750071,60355.48324077306,55.016150926140185,21.152731987611332,22.934536787896736,-1.7818048002854034,False,False,False,False,False,False,0
2026-07-02 03:18:00+00:00,60388.7,60393.5,60360.1,60361.4,41.066,60412.92510631017,60356.78585878196,47.56594265764331,16.577828347108152,21.66319509973902,-5.085366752630868,False,False,False,False,False,False,0
2026-07-02 03:19:00+00:00,60361.4,60377.5,60332.6,60343.1,44.204,60408.01795332825,60356.96680549639,43.34648955047583,10.626803234496037,19.455916726690425,-8.829113492194388,False,False,False,False,False,False,0
2026-07-02 03:20:00+00:00,60343.1,60348.0,60324.0,60324.9,87.306,60401.83529110651,60356.423009202415,40.73775282832494,4.383386941321078,16.441410769616557,-12.058023828295479,False,False,False,False,False,False,0
2026-07-02 03:21:00+00:00,60324.9,60326.9,60266.9,60295.5,117.443,60394.50812052494,60355.1868127631,38.27086405117263,-2.0099835099317716,12.75113191370689,-14.761115423638662,False,False,False,False,False,False,0
2026-07-02 03:22:00+00:00,60295.5,60337.4,60295.5,60337.0,44.963,60385.07877571304,60352.84615343906,34.623462159533034,-9.341427783590916,8.33261997424733,-17.674047757838245,False,False,False,False,False,False,0
2026-07-02 03:23:00+00:00,60337.0,60347.7,60298.9,60311.5,52.088,60380.49984469275,60352.22473565713,42.89647534670401,-11.668440501889563,4.332407879019951,-16.000848380909513,False,False,False,False,False,False,0
2026-07-02 03:24:00+00:00,60311.5,60328.2,60296.0,60328.2,25.546,60373.928430912485,60350.62768719999,39.58198938552474,-15.392812967773352,0.3873637096612903,-15.780176677434643,False,False,False,False,False,False,0
2026-07-02 03:25:00+00:00,60328.2,60343.0,60323.7,60340.1,18.136,60369.57334225415,60349.74817005489,42.70431004269246,-16.803158199247264,-3.050740672120421,-13.752417527126843,False,False,False,False,False,False,0
2026-07-02 03:26:00+00:00,60340.1,60369.9,60340.1,60352.5,15.574,60366.766357277564,60349.36981044489,44.88984562904536,-16.767352802831738,-5.794063098262685,-10.973289704569053,False,False,False,False,False,False,0
2026-07-02 03:27:00+00:00,60352.5,60696.1,60352.5,60689.7,520.911,60365.40765658446,60349.49256297646,47.152008262259606,-15.559045409027021,-7.747059560415552,-7.811985848611469,False,False,False,False,False,False,0
2026-07-02 03:28:00+00:00,60689.7,60689.7,60547.5,60554.0,191.833,60396.29264167165,60362.83403109503,76.00115889362108,12.464090530957037,-3.7048295421410344,16.16892007309807,False,False,True,False,True,False,0
2026-07-02 03:29:00+00:00,60554.0,60561.7,60520.0,60523.8,44.881,60411.31239008388,60370.33073575797,61.460675706667786,23.452426774179912,1.7266217211231556,21.725805053056757,False,False,True,False,True,False,0
2026-07-02 03:30:00+00:00,60523.8,60523.8,60454.0,60479.9,74.965,60422.02549579017,60376.34913827726,58.76605916999741,29.38514118953026,7.258325614804576,22.126815574725683,False,False,True,False,False,False,0
2026-07-02 03:31:00+00:00,60479.9,60537.7,60479.8,60516.1,60.027,60427.537353333966,60380.409956384035,54.991733987741284,30.196411558375985,11.84594280351886,18.350468754857125,False,False,True,False,False,False,0
2026-07-02 03:32:00+00:00,60516.1,60524.6,60486.0,60524.0,56.757,60435.97189111169,60385.73113456505,57.420269130272025,33.37565288372571,16.15188481956023,17.223768064165476,False,False,True,False,False,False,0
2026-07-02 03:33:00+00:00,60524.0,60576.2,60523.9,60545.0,107.698,60444.35552052962,60391.153443013485,57.95346348485738,36.116361581553065,20.144780171958796,15.971581409594268,False,False,True,False,False,False,0
2026-07-02 03:34:00+00:00,60545.0,60616.7,60545.0,60600.4,64.813,60453.94070905061,60397.18664132668,59.40856703508219,39.52727168290585,24.021278474148207,15.50599320875764,False,False,False,False,False,False,0
2026-07-02 03:35:00+00:00,60600.4,60600.4,60554.2,60587.0,38.908,60467.88921295055,60405.15579264721,63.04222955790786,46.168557127755776,28.450734204869722,17.717822922886054,False,False,False,False,False,False,0
2026-07-02 03:36:00+00:00,60587.0,60600.0,60572.9,60588.9,15.48,60479.23309743145,60412.28693803359,61.60571210913215,49.77676017283375,32.715939398462524,17.060820774371223,False,False,False,False,False,False,0
2026-07-02 03:37:00+00:00,60588.9,60617.9,60563.2,60563.3,23.129,60489.67756434274,60419.21294046364,61.73884058305944,52.18801030589384,36.610353579948786,15.577656725945054,False,False,False,False,False,False,0
2026-07-02 03:38:00+00:00,60563.3,60749.0,60563.3,60731.7,144.592,60496.68922488153,60424.863413386636,58.781404657082916,51.44026599069912,39.576336062098854,11.863929928600264,False,False,False,False,False,False,0
2026-07-02 03:39:00+00:00,60731.7,60772.0,60707.0,60772.0,84.466,60519.07120346424,60436.89622070481,69.22485108192487,63.70183080368588,44.40143501041626,19.300395793269622,False,False,False,False,False,False,0
2026-07-02 03:40:00+00:00,60772.0,60772.0,60720.0,60731.6,103.628,60543.15966027717,60450.03754538305,71.11122353691492,75.79733792721527,50.68061559377606,25.116722333439206,False,False,False,False,True,False,0
2026-07-02 03:41:00+00:00,60731.6,60731.6,60702.6,60728.6,83.129,60561.10635929839,60461.079210269985,66.69756944708178,81.1872954977589,56.78195157457263,24.405343923186265,False,False,False,False,True,False,0
2026-07-02 03:42:00+00:00,60728.6,60746.8,60725.2,60744.1,28.577,60577.05813460331,60471.57022163195,66.36815362804121,84.2456691442203,62.27469508850216,21.970974055718138,False,False,False,False,False,False,0
2026-07-02 03:43:00+00:00,60744.1,60780.5,60739.5,60769.6,63.733,60592.96688368871,60482.25766392089,67.26766479603813,86.91823346388264,67.20340276357825,19.71483070030439,False,False,False,False,False,False,0
2026-07-02 03:44:00+00:00,60769.6,60788.8,60743.4,60788.7,61.988,60609.78908524216,60493.525990825954,68.74854281616894,90.05578974322998,71.7738801595086,18.281909583721387,False,False,False,False,False,False,0
2026-07-02 03:45:00+00:00,60788.7,60788.8,60731.3,60740.3,36.9,60626.828219981006,60505.10144216611,69.84887468860579,93.01135902484384,76.02137593257564,16.989983092268204,False,False,False,False,False,False,0
2026-07-02 03:46:00+00:00,60740.3,60740.4,60723.0,60737.2,21.549,60637.63505617329,60514.32491502234,63.725853538888124,90.40604881500622,78.89831050906176,11.507738305944457,False,False,False,False,False,False,0
2026-07-02 03:47:00+00:00,60737.2,60751.4,60717.1,60751.3,22.744,60647.117431775834,60523.06511443323,63.342848093946934,87.08728954730032,80.53610631670946,6.551183230590851,False,False,False,False,False,False,0
2026-07-02 03:48:00+00:00,60751.3,60758.3,60706.4,60726.3,28.91,60657.03958113051,60532.01550210251,64.3911569451802,84.61946061052004,81.35277717547157,3.2666834350484635,False,False,False,False,False,False,0
2026-07-02 03:49:00+00:00,60726.3,60833.0,60726.3,60830.1,66.934,60663.635811499036,60539.63450202006,61.05710529504948,79.72735006904986,81.02769175418723,-1.3003416851373686,False,False,False,False,False,True,0
2026-07-02 03:50:00+00:00,60830.1,60939.9,60830.1,60864.0,437.379,60679.489543737225,60551.02530586241,68.37818201420063,83.2662680200956,81.4754070073689,1.790861012726694,False,False,True,False,False,True,0
2026-07-02 03:51:00+00:00,60864.0,60889.0,60826.6,60834.4,65.598,60697.06196814321,60563.29882327957,70.33934840994306,87.79429469946626,82.73918454578838,5.055110153677887,False,False,True,False,True,True,0
2026-07-02 03:52:00+00:00,60834.4,61052.5,60833.8,60998.4,394.061,60710.141780701,60573.930241974485,66.4633251893043,87.98013560553227,83.78737475773715,4.192760847795114,False,False,True,False,True,True,0
2026-07-02 03:53:00+00:00,60998.4,60999.8,60927.0,60946.1,100.096,60737.594944443765,60590.57611483823,74.7615835453213,100.20573590965068,87.07104698811986,13.134688921530824,False,False,True,False,True,True,0
2026-07-02 03:54:00+00:00,60946.1,60962.8,60925.6,60955.8,98.671,60757.45256878246,60604.518227981825,68.90604555118047,104.47017220593261,90.55087203168242,13.919300174250196,False,False,True,False,True,True,0
2026-07-02 03:55:00+00:00,60955.8,61005.7,60947.3,61005.7,43.633,60776.34280032699,60618.293983747244,69.38498164140857,107.39450067502912,93.91959776035176,13.474902914677358,False,False,True,False,False,False,0
2026-07-02 03:56:00+00:00,61005.7,61037.8,60999.4,61009.2,72.687,60798.186343152986,60633.48637654147,71.79204082009032,112.44239904055576,97.62415801639256,14.8182410241632,False,False,False,False,True,False,0
2026-07-02 03:57:00+00:00,61009.2,61107.5,61009.1,61040.3,123.228,60818.28288190032,60648.22024412808,71.95857542793233,115.39511258573475,101.178348930261,14.216763655473756,False,False,False,False,True,False,0
2026-07-02 03:58:00+00:00,61040.3,61040.4,60981.4,61024.0,59.905,60839.42736933839,60663.59592082894,73.45806170465882,118.87435980676673,104.71755110556214,14.156808701204596,False,False,False,False,True,False,0
2026-07-02 03:59:00+00:00,61024.0,61044.0,61000.9,61038.9,38.935,60857.00571511569,60677.72941412977,71.30587648889956,118.94528728983278,107.56309834241627,11.382188947416509,False,False,False,False,True,False,0
2026-07-02 04:00:00+00:00,61038.9,61039.0,60926.0,60926.0,82.362,60874.32898034276,60691.89296651683,72.11026869975527,118.83395939435286,109.81727055280359,9.016688841549268,False,False,False,False,True,False,0
2026-07-02 04:01:00+00:00,60926.0,60942.9,60903.0,60942.8,86.608,60879.25002983393,60701.07363449656,58.685720186706604,108.38623572244978,109.53106358673283,-1.1448278642830445,False,False,False,False,True,True,0
2026-07-02 04:02:00+00:00,60942.8,61028.7,60942.8,60995.0,86.19,60885.30240794498,60710.55309981042,59.88255941670534,100.30569739577913,107.68599034854209,-7.380292952762957,False,False,False,False,False,True,0
2026-07-02 04:03:00+00:00,60995.0,61005.3,60946.9,60957.3,51.059,60895.74979766451,60721.707880210015,63.42770257352299,96.99580899287685,105.54795407740905,-8.5521450845322,False,False,False,False,False,True,0
2026-07-02 04:04:00+00:00,60957.3,60989.7,60949.6,60986.4,60.034,60901.61172169646,60730.946786868444,59.348582932313946,90.28981883114466,102.49632702815617,-12.206508197011516,False,False,False,False,False,True,0
2026-07-02 04:05:00+00:00,60986.4,60986.4,60943.9,60950.9,37.876,60909.68679582061,60740.96455993243,61.4114996061606,86.3282616522265,99.26271395297024,-12.934452300743743,False,False,False,False,False,True,0
2026-07-02 04:06:00+00:00,60950.9,60951.0,60899.4,60912.5,52.309,60913.611862885315,60749.19732228802,57.57313751193399,79.40877085219108,95.29192533281442,-15.883154480623332,False,False,False,False,False,True,0
2026-07-02 04:07:00+00:00,60912.5,60924.0,60852.8,60893.0,97.123,60913.50597118195,60755.60134886496,53.66579601694106,70.01932625555492,90.23740551736252,-20.218079261807603,False,False,False,False,False,False,0
2026-07-02 04:08:00+00:00,60893.0,60898.3,60844.0,60851.5,31.713,60911.55302154557,60760.989531262414,51.74526997895265,60.30942719829909,84.25180985354983,-23.94238265525074,False,False,False,False,False,False,0
2026-07-02 04:09:00+00:00,60851.5,60900.0,60851.4,60878.5,19.944,60905.83368616028,60764.53896140899,47.82283201440096,48.7041281967613,77.14227352219213,-28.438145325430824,False,False,False,False,False,False,0
2026-07-02 04:10:00+00:00,60878.5,60911.2,60871.7,60911.2,62.889,60903.23047795454,60769.00802174589,50.454263494997676,41.210470822945354,69.95591298234277,-28.745442159397413,False,False,False,False,False,False,0
2026-07-02 04:11:00+00:00,60911.2,60933.4,60899.9,60906.3,22.384,60903.98948005411,60774.58417775585,53.51213898966779,37.478283754309814,63.46038713673617,-25.98210338242636,False,False,False,False,False,False,0
2026-07-02 04:12:00+00:00,60906.3,60912.5,60895.8,60912.5,30.066,60904.20952957276,60779.749504118365,52.984429645428435,33.7362194269881,57.51555359478656,-23.77933416779846,False,False,False,False,False,False,0
2026-07-02 04:13:00+00:00,60912.5,60958.1,60910.3,60958.0,29.133,60904.99909818488,60784.955405917644,53.607830578564105,30.914531199858175,52.19534911580088,-21.280817915942706,False,False,False,False,False,False,0
2026-07-02 04:14:00+00:00,60958.0,60958.0,60914.1,60918.2,25.378,60910.04680311966,60791.74146843068,58.00825028380713,31.981134085152007,48.15250610967111,-16.1713720245191,False,False,False,False,False,False,0
2026-07-02 04:15:00+00:00,60918.2,60918.3,60871.7,60883.5,47.821,60910.82329806064,60796.700626531434,53.2502201779701,29.277405472952523,44.37748598232739,-15.10008050937487,False,False,False,False,False,False,0
2026-07-02 04:16:00+00:00,60883.5,60916.8,60873.4,60916.8,26.704,60908.22107919772,60800.1045235302,49.442468230199346,24.057362765692233,40.31346133900036,-16.25609857330813,False,False,False,False,False,False,0
2026-07-02 04:17:00+00:00,60916.8,60962.5,60916.7,60930.1,33.079,60909.038119274126,60804.68081672509,52.92158135139682,22.349837992020184,36.72073666960433,-14.370898677584144,False,False,False,False,False,False,0
2026-07-02 04:18:00+00:00,60930.1,60930.1,60894.3,60894.3,15.816,60911.04401267659,60809.599216069204,54.27498890708375,21.818303334672237,33.74025000261791,-11.921946667945676,False,False,False,False,False,False,0
2026-07-02 04:19:00+00:00,60894.3,60894.3,60871.5,60873.8,22.923,60909.449344802626,60812.920815439036,50.09995386383012,18.297376713278936,30.651675344750117,-12.354298631471181,False,False,False,False,False,False,0
2026-07-02 04:20:00+00:00,60873.8,60900.0,60866.3,60899.9,14.349,60906.05416910714,60815.30823444143,47.831001520893935,13.694971221149899,27.260334520030074,-13.565363298880175,False,False,False,False,False,False,0
2026-07-02 04:21:00+00:00,60899.9,60900.0,60881.3,60889.6,8.449,60905.4680577636,60818.62555858098,50.881061306758255,12.01508120627841,24.211283857279742,-12.196202651001332,False,False,False,False,False,False,0
